id,predicted_price
114982,370920.2168612955
95653,449236.659931094
40303,353356.76122201036
109506,295258.8361848357
100149,416158.80159286654
7610,313878.87051425735
61101,363457.8120907803
68167,485999.6622660733
65701,321532.57206489006
56039,310836.1644384589
81919,466058.91715726425
99768,428998.26682944375
124053,705001.5693750982
3942,348702.7738517841
118904,437093.1404905133
30060,395052.1961728728
185729,501728.2131296486
46357,799227.1521225747
20662,383434.8137404471
102274,493608.92393941747
53369,274870.13710855803
9719,324742.5247192702
20145,332808.7172817847
159051,666781.4292095941
31481,333877.3876193102
142247,347559.2339327962
29119,324466.1641640424
151448,440622.0941493753
60594,267772.66499017144
83400,576077.2311183199
40168,286485.189635454
52407,398042.92009003676
127232,464820.42480905546
131188,464588.3689622021
952,211023.19537667272
166230,427730.8414888271
144844,422429.806249916
33207,332313.2386802053
28355,767739.8567141928
179918,600410.6079263913
162451,810481.2883108845
19390,230927.94260209808
114861,417510.85007175646
132259,358753.20424115844
180033,728456.0371364829
97052,497520.2162004289
94224,404121.5385203267
32295,452415.0060539149
171908,853467.7314178945
80236,585576.0857066773
156193,387920.63719749055
54494,301024.44400705374
174530,585322.2677795762
143835,352494.50924130523
26275,329179.71545146446
61627,596383.0157033023
49813,347965.3862621613
3466,433741.9396879843
117691,474381.39333966014
132738,614717.4579390513
114211,560467.1666805795
116741,434218.61801876256
39246,393008.8309523995
150011,371127.9335887325
182319,519871.0661494916
32441,321180.7602895121
18842,295531.5039988861
99428,389125.2116577964
96435,392662.95650605304
134803,368953.4425832904
171636,602041.8303362565
115944,490837.92773531546
149001,468875.794641825
19084,333762.1562511951
178128,744152.6823093577
74818,391044.0763316914
49603,347798.26307961205
86262,632303.3257085546
14520,256429.62740607007
57209,845295.8905375409
148575,601118.759819073
33,174610.2396781155
180401,668002.3920921846
87114,381935.39655131946
16450,318834.7265192174
28848,327145.785633217
11519,266832.31599290937
7202,295360.74842656817
2843,249270.65222566368
156073,475507.3075687054
132217,399310.22070660413
140349,521833.99965425045
34614,318159.0212351437
135594,411000.25633321
170933,737058.2696225441
62586,413899.0566054698
145868,406930.3809905241
15155,212970.72524157047
61290,347134.9763007219
184569,590739.5418359196
169996,352003.3786109239
7026,382685.6368256564
128356,355033.86374988075
134501,473571.5023929893
163406,665102.1732731666
56796,385665.3184440201
174870,681605.6656148534
142554,513869.8744495339
59547,280289.09422996134
143113,440746.44862475956
154091,411596.47068047186
61191,585772.3807611163
135899,404726.35784909537
172405,550699.2601231553
184121,514693.64327182923
1063,365153.01906230254
6348,348557.66035672114
79995,520369.7300271879
50573,328358.6850335595
79894,493599.5606089218
113553,363306.02618241217
31931,337204.61075131537
86645,414446.651422746
123780,375071.4143843093
142940,485256.6083073602
138987,486415.04874927324
41502,268893.82143028115
100104,532319.7574871858
83570,455328.76131959085
181648,637826.2721942544
68406,466489.5871370496
114567,313112.9467883134
5470,385394.83720501844
176926,901410.4065265233
173013,427795.8418282704
110219,395255.0588283001
52178,244022.29452800596
120569,503776.6053290698
132710,494965.03813014284
10478,402718.79278364533
100309,822332.0348546779
76446,315890.0013250502
140674,377503.4017022991
122786,568253.1144226505
66214,482380.9689481696
120240,317255.35228417127
113802,395716.6397087753
169747,419029.94329730363
45819,381568.61139646336
36170,292712.9924743687
84049,497410.62174942205
104675,323329.08362084243
66165,767937.7330166092
92499,346743.1740816337
107783,486677.5374582743
148441,465565.5361750518
12344,277505.7379167293
93256,548538.1498115532
48139,501586.87251232704
101908,373673.2608040865
134084,390870.8878942613
17216,241996.08418375294
185201,677405.7931283237
185016,627512.7712634732
25318,300484.40370639745
65253,324170.13083114417
57696,270627.6964760829
30939,340348.59864778223
128338,372479.33253318636
104156,409522.02017220145
41455,371814.751812002
126390,344239.7977762481
165803,511167.89794912166
108253,399250.0930289475
15221,241755.73956637975
129322,340297.645207856
86142,609726.2774775706
150957,508433.8903672589
97028,449756.8100725484
3219,372676.35218311264
172533,465504.6319617105
147313,442709.85127946176
168865,452603.5987542133
138278,479245.3911633014
82280,321150.1010468448
4380,317043.1912932249
4327,554594.3920311434
109861,427225.4825536542
45273,482887.7652548617
102888,838927.8309123121
77664,426771.0648090205
58355,335235.53550762293
91308,255579.26336348648
169692,430370.98342096875
154931,572234.6855334867
123897,441456.21100750956
43550,520469.03334891086
94084,439921.991882319
63629,319197.16508045595
163153,454766.05325290863
165076,662084.5616230675
55701,351400.0530871179
19310,345858.9648691578
18205,325277.26516320684
59608,378190.27028355555
60785,534498.7380887322
51513,330373.4270764139
145397,388344.27483810345
101693,403549.57352923753
164688,547233.3246671268
82863,370652.7953638837
1754,252802.1187124345
5376,381240.49582185043
130074,491747.0570143488
102843,762772.3559046711
29760,330358.18324437895
130642,373283.9984758944
31347,389831.91778651555
24205,326704.7086045326
165100,416192.6891685233
81514,457111.6706047371
116369,499602.3080721809
84639,361098.5844009583
97982,486430.23046093073
91083,756148.430163046
149132,617395.4456859455
41826,424699.602808536
52033,325583.4134651906
21665,301680.36118772987
62257,276947.4427424685
10102,337032.66580562585
23904,307482.2123365866
179693,965804.7991594675
144227,781779.8059137638
120211,334061.4159024613
173440,395207.8240518817
46749,354382.0175271841
96942,446900.0580240177
183177,506116.493527565
35398,338548.7988479895
30263,337743.08224711474
48194,351703.80405740766
129424,460595.20001129096
110123,402857.9514952068
60370,557036.5939955431
33837,437416.6666915589
108049,460087.78024930955
78656,434316.1743871392
7172,298189.6871471585
66304,407685.0899832961
78058,420265.7977754306
176324,648471.0722266672
165880,563405.0919490841
93902,351635.3714396142
116039,373098.53563977825
151166,469793.6563187437
40210,298877.5692301745
98367,378563.3921798569
160925,519323.9512369615
104371,527167.2513953337
78415,708650.5950227232
83660,555436.4136568077
121434,571343.4052703892
78336,605445.4403499321
52510,388065.51217383775
64261,384355.35413066664
97749,412296.94365366607
172084,509544.73662072583
52569,265547.396941715
57400,429354.2768560604
169875,533971.5506834993
58398,418133.930138035
183622,635496.6157808502
48753,576543.3940929414
130190,562095.270267804
108466,345413.1269584822
157786,573004.8390763154
95190,369794.7120590786
87452,505855.71552598354
142203,554579.2999485137
130773,547188.4248234585
168853,380143.3321936147
64684,364059.6447471286
57446,346693.98383116873
153747,403786.2891677082
159666,417456.6920476266
71555,409217.5436284386
134319,797676.872676362
93943,401050.7077961026
109872,513818.8480777595
177223,667950.5701146855
93784,578363.6676131667
6380,338178.53130150307
132297,419722.077526715
125110,500390.8055033211
36843,295866.3859503811
121955,407950.5678800348
82973,528025.1642694048
103986,361061.73081473773
97824,399620.03738339123
64151,393086.09513818054
165946,386722.2920947288
159307,423754.32704563043
131434,403627.3484395263
8556,452398.0212534882
37868,390709.74085545493
14032,309066.985737998
21341,374584.2377470413
135288,549935.8910336599
50116,265084.90517312795
97940,429195.555649258
162134,501535.98803078133
166998,452364.95680610795
137392,497649.54705738614
1460,350174.98377575504
171905,865376.8686652965
175067,603638.0797847579
172514,638627.42230596
17738,298680.045565422
67047,373057.3804895815
124014,498720.3286555293
185762,831979.6635581541
1311,245330.22726233362
119140,536429.0168754259
142546,521198.4304198955
114400,288116.2823327839
22406,429631.83136477385
92766,510868.73756030656
60485,428142.95628799335
91648,447745.59992928646
132526,846816.484646867
25180,417220.6423270166
48904,253019.1444530127
146550,463142.79086946615
19407,572131.0132086419
47699,302567.1943251454
2620,276023.1333204239
174106,543523.1169139763
112846,444748.09406265634
83926,439340.7379289798
64285,382439.8626716119
5733,317916.6173010248
87638,490037.5190041053
53604,301156.10266852286
53244,423262.50899219414
82872,382827.08795932634
66096,523832.35960005486
173642,375659.19821617624
145405,380417.4303625027
90156,614489.3791623
180075,671710.9256761146
5153,319899.9724925443
134959,468828.4326821057
64342,395184.19167366263
51154,438887.44914948917
40845,247838.19379045157
170881,806742.1952294806
106257,718248.8295549827
114464,280549.6483224847
97370,403324.8573928132
172227,481271.01376747695
151941,432068.7519022329
107035,442689.35461775714
135274,443449.0529954111
169795,619065.5236552019
83718,381509.0490794199
42632,258772.85347135068
68198,385655.2264310068
112707,411419.3538399298
36740,371647.25914993463
42954,322757.3029116326
5921,340278.96990652964
40850,230139.30552212714
44668,292822.2523948592
21263,314405.6788441097
162241,513379.50973417395
81902,423421.8834252507
169151,640457.5041676308
154334,453369.9143111382
59218,371071.7976242703
37714,342918.1562181692
106222,557064.9401579297
139069,508779.16035450425
4425,426476.4911587968
140007,405080.22421583114
90024,392522.12073316984
153101,419158.0914194351
37538,352478.0633032149
32399,300384.92028146854
38946,324630.7205297857
151272,474988.2059780291
95430,468287.5264522424
101750,656215.2099311408
16356,268482.1712626659
131496,429985.86715757026
167864,495684.30899847136
17832,353624.85777857935
106738,369769.5926654896
33431,263215.720336054
164505,516053.6235716465
47565,446390.53764375416
99660,610757.3459515694
20200,342500.772899553
28507,427826.6005824291
43495,431056.1022913257
23794,367258.30328958173
40297,352088.6045505316
53944,518422.1339346492
11040,793778.9003129919
106585,440354.99358423514
70050,721937.1624648381
75026,466480.59098973084
142562,570286.1875063585
113332,492529.89623190236
104548,708644.0845106102
159065,491504.20781558845
157589,492205.2781888639
26850,334861.87331769476
83917,383452.8404663012
124331,369457.12804453354
58018,314588.23589214904
163913,640056.1581968499
109105,498452.41435845604
97862,425420.3951468428
16478,312239.0565567545
35187,282082.6187214695
25446,388614.1703993813
47828,370937.63129437657
123220,449512.26666490163
16366,329348.31802155817
144449,389036.22703612264
39920,323774.2877554765
160888,452802.2443454713
47978,270509.86516783293
14331,381612.2496659436
60334,329100.81475607643
49737,240092.65185035166
98533,347057.2995552729
38375,314169.6673995605
176978,669505.8865862984
60474,447719.94911550684
163806,647879.1272743328
4654,333599.2303949257
130912,432371.7683582805
115098,431055.94321353
56214,280375.3010400027
63720,318587.3369890188
143496,572989.8276941294
33941,331191.6918350395
66720,336976.7973327153
29518,271336.24145434937
68026,635492.9796314182
161546,502136.07336641307
118804,342796.11034816963
126852,428538.34603747434
102392,373477.72083929874
49738,227898.5370686307
49424,429886.8106816695
18184,375503.7527106786
5408,381298.72091650765
157571,475949.5832950457
111705,655127.7994006935
179891,754319.6226171223
76587,374377.69185186224
2629,312276.12595907936
119008,390508.1153354809
128414,295651.9191320052
162481,431054.271507589
39075,407057.0806150659
113444,529566.3717942649
58984,562879.0620610957
134087,395265.2650765009
27723,277521.21172756795
61426,867839.5793117065
26496,294765.6973810599
8183,389842.59183689323
96508,407074.95588771417
56072,381402.31646745896
77192,430445.0601923758
84054,519698.31683520786
55624,341938.80149623996
163711,453398.04779965896
29219,473615.3865061198
81813,433117.81684870576
181000,766493.7170571078
143894,418934.17160135665
141800,508034.6151763665
30009,293994.66779254656
45917,267532.54898542486
14425,346105.89788209304
23268,238481.9613918882
1284,252353.0447766318
69986,765872.6117721733
134779,401151.03956854285
78114,438427.5106251647
128833,455220.2797257203
129335,457174.2620194454
56632,377154.22469943174
46967,326958.53973156714
146611,342718.2526773017
37748,305679.85062351
156600,626090.88574725
105167,386186.0147499477
35572,301966.9267394284
154900,478126.72129676945
68778,395054.50091442384
40761,661857.4118924034
76922,362514.5560001674
57737,268789.377291641
63946,449702.4086431795
111235,431698.53159149864
114882,482605.74857528607
12676,262949.55290254223
138376,416659.29490562127
90637,410932.9706953312
184522,612839.7906573279
92974,342333.3217197609
8857,296046.87695044593
27895,273385.63846789475
156181,624423.5460375481
41834,530299.0640565024
157391,571350.9411852837
143702,359107.49780849996
185912,949969.2770554443
11229,315052.4499567026
41300,378339.8777363665
72247,355247.72520984244
83180,495348.69913114794
148335,522965.2142194437
7890,374239.30996322463
135138,452232.83954590186
27131,313702.44691707304
166558,655680.647324435
131032,382039.9755264626
74357,419218.0712352977
156049,321968.2771734419
69414,776158.3953029355
97276,387335.9325305249
82842,349730.9682485155
148527,514664.5185801707
144752,434991.48122966685
18175,346880.392842466
11905,268355.8414782964
171029,472910.5772484986
59320,434355.5169158026
84110,415656.83235312253
78965,802828.146484867
85951,645308.293055646
163141,494184.67457533965
109999,427218.878725224
147801,393798.42875163694
139213,423319.03664456954
126460,680877.1537163968
28015,379341.8893466168
181431,613550.0218461759
52696,709716.4246285701
50605,276157.4008754865
165242,494038.51262753573
48813,272611.6646956192
110483,603972.6922076498
89306,325997.7962975559
133442,418807.472183479
65829,694965.4849280696
87579,402640.48701527197
91465,458172.8352438774
73701,489613.7052417336
15530,399681.94039737823
18230,473053.0506449918
97193,448807.22399184946
166625,616201.8399954081
33195,448427.74869896367
136148,489443.6736546298
165033,752735.7221411155
21315,343385.80955816904
91814,282566.9370736284
16891,501833.219437127
107918,703109.6875154686
79471,417122.5796288497
21862,483777.2516580763
67991,465588.8808729497
165486,463636.65004088485
63600,415569.2006999962
110049,321985.3555477043
112307,349823.6446647762
10157,330960.0927310068
74635,485131.1832535841
25784,385544.4110971105
107059,431163.36276070913
30356,398758.2354622149
87516,778445.9091823667
10936,543621.0272919176
88543,573108.8870525409
139877,392871.9874773978
42424,459897.0018878741
52670,599151.1605895415
166867,426026.5225857211
101107,483779.1708849862
76199,510813.63795080606
80888,323968.2979970404
9911,345350.82785839506
156640,468754.1567357483
102356,586100.2971152234
48860,359213.1665622142
102849,771994.7713203423
138105,460274.6194370413
117983,453982.3057955203
93922,437291.10617271526
46238,364194.47781602683
59022,697800.2011794576
106646,437134.4867924552
120040,515322.3543466275
126172,353614.15826203866
168000,614351.7168288988
80749,413849.38898167736
131491,509692.51448857144
112112,565366.042940648
47501,351204.34137537994
13728,271647.70118957973
101768,350896.26654176286
6316,315915.42708434234
126098,834862.7119343737
165,320973.2736439941
19524,409406.254048988
150677,474315.12558290095
59379,423086.6336644529
74454,339639.13651306543
175450,666315.4589444499
89244,738679.300118068
116506,431941.0558692394
147339,403008.2966913056
74001,636719.5155502706
90922,385986.41153292754
1820,445914.576304833
110186,272443.18125843327
62682,372419.4524525143
89581,494078.42001876375
137848,425205.32834538067
161798,451884.03984254185
170742,444340.21371894283
82918,419048.6769152466
37679,288102.1463150336
154926,406942.237330681
149598,317487.1960411036
44725,292095.8779256228
90766,552413.757190259
148899,375477.37229224475
126592,356611.19878774043
157908,399913.4660724958
113713,482320.0227753132
148870,694832.4772483034
165510,439914.8816303297
101470,341171.1935839188
51743,320358.4480160568
27173,238192.6851454681
27812,356588.87300859776
95488,339633.63395544013
173154,674784.3701163324
121352,389269.63356174785
143803,460961.50579564134
63373,325771.77583837474
1386,335569.04909371515
163514,544080.4698863578
35643,314329.39954227174
120579,485939.49294491764
128369,389246.02285261644
141816,476227.9707970741
161838,487944.10845792835
71069,361434.8876777305
77131,424809.61649846577
17667,344972.6063524205
52148,412680.67529748287
72854,559590.696155957
102035,455124.50193062203
111359,400918.6341185537
17719,385034.79565526417
123306,318061.6042756302
161864,855738.7621207875
180849,570723.7895060686
160993,505783.07051296585
162321,371465.63548320025
46481,305461.8227204716
79814,327856.7654596857
137789,540054.2414788874
54212,277703.3313888849
33512,333680.2268480753
57246,721524.3762486496
183567,697153.3072117645
126709,449369.6276091174
38938,372549.012546769
31497,428555.62386889965
43094,361980.726678423
40278,306384.17562367645
174057,687994.4225507984
88538,541438.1991123437
78488,671294.5865152634
170729,666282.8402932172
173992,523367.9258227658
60975,370003.2613446965
54718,326452.35046262783
178130,732640.4594176221
133730,385181.17409358756
70033,748139.0265393414
43395,543470.3308850508
142569,460998.1963727301
25880,292294.36595149676
139537,379701.69671726326
3465,334226.68841278914
40735,456548.7020071631
162957,510937.9834579984
83356,504619.1832060118
32897,341229.07377081603
49245,326541.34779399226
60337,324785.91038973565
139769,715977.0232761541
52326,344810.3975755246
162813,848738.6092161965
180789,588055.0545976786
49386,379758.0492776169
33541,315854.82718089764
159352,480996.47295587696
42027,385615.78546548175
155370,422732.96761133475
143725,459885.6878824463
131769,481063.25324425334
139885,441347.2499739935
93808,491936.8172622683
10639,319577.1588582599
168611,631875.963051019
167653,678916.0800333204
123170,363582.5785933733
139150,325739.0997317826
62622,482362.7531004023
168689,991274.7533682357
18566,295977.05358443025
67121,267511.5781917848
119193,430950.6927931549
75320,516255.4389918807
185227,816263.555961264
59316,422803.0324501967
42962,310103.0892692755
51540,298734.9721553784
37927,333862.6864335224
85155,301828.34098625457
148730,411930.1321991591
182768,608752.0081761393
21816,348408.0734134171
119821,418992.82377263124
53803,414971.9276886153
75672,502839.8105813234
164062,616107.0301123746
9801,729859.6797282065
90516,501424.8034613196
126543,339155.7162261405
20563,243774.53327104292
173167,397848.90724892914
165546,786728.5569004422
140696,515549.5319134126
60885,506065.9821650467
71010,325802.9406812225
65245,468419.2232111613
7762,258801.49429983628
162332,414984.9388667101
132065,440929.239735535
163315,574949.907393555
94896,346670.29083543614
13990,458980.1303388379
86695,395460.8408035277
136032,632956.2960963501
181973,552148.5130220049
70720,1069529.651866294
176320,673532.7694168004
123988,660984.0148303693
75446,537261.1231450036
165520,418413.04653900897
95499,364423.3386097915
73362,404411.1720179741
115013,337713.3672433136
170250,573178.3674120136
117752,548886.839101429
120534,646776.6732224078
43110,364937.3215232932
173316,524354.8956355713
163348,842656.2217180238
167196,503961.16932188254
8539,683389.843032384
57416,482514.57292245945
147688,469130.4988571078
48843,330488.80899436545
123483,459149.7378876671
91781,385524.2085809296
57502,212194.900210462
41380,442757.6500794538
71368,535993.3325987248
90332,377370.5994506907
56200,352435.3894972269
59273,441173.26494310965
59528,810240.3170040783
142978,494033.35232680326
62463,399682.9556326207
151089,363774.0125530279
159388,382127.52995990484
15000,297241.41589971574
124030,523803.7139459422
146762,415305.49516997975
32542,259716.1917530652
44504,410740.6200522319
154438,567920.1747936987
92711,423172.2494030103
26861,355566.7682831198
154130,509084.3534396772
108177,512129.2909793498
85561,323768.55826429394
29523,287937.20411912503
162190,616906.3231637559
137744,451575.29773256165
141614,386673.72833068727
154095,510266.7499755257
177433,770774.3551142988
16212,297467.2612679296
138324,485516.2969303188
179772,636843.6220084485
80229,630207.5346929978
146601,551419.7921001054
90354,376799.6570498016
16620,264197.494759825
144520,475236.1080176917
43671,302774.8352154636
151379,418347.0904336099
43516,358116.31037311105
114780,363144.4695980213
48679,482920.34161815926
23310,265096.7239576759
82078,858281.1573668525
161637,448486.99604353006
97266,370847.8348024944
25975,296059.8285839297
183280,767685.9440947137
143522,380328.30811402336
82873,402882.1003889017
111022,411979.20535421756
170004,433735.41796284943
149233,425408.7184180472
11335,257674.26679690566
178323,732200.8748033982
117545,388077.74400446465
104197,441965.57134967763
114280,455277.2056670828
30527,361189.71851013205
42651,405807.85173010756
123646,371727.84342329943
72689,430486.5775889213
78646,429164.40325975756
50032,436614.5287637004
167436,737734.3851591385
25911,336113.59976104845
140037,436369.94342827174
117935,567488.1094859529
122922,418404.5968701896
28738,325551.5174652964
129413,437514.5820693425
65411,572084.6156170845
20519,267064.1316717953
148799,471017.6785354366
96848,371638.5624339464
167854,467541.2111530071
90027,452583.2549617023
124583,425735.00979145337
123841,438026.1892413493
143815,525294.8601742585
100928,386864.9333391971
64554,451623.58119430987
27802,247731.0316592723
55996,293653.7617836464
168480,490251.76290229266
18511,330783.6626980105
7174,294490.1164986515
107447,416242.49463008833
109945,419941.59575433144
109304,529923.0281796254
33225,248484.48086706875
31504,288457.97743547364
85162,315556.0196224557
164868,427709.8142058905
102092,407587.44098258775
5618,328348.7314198206
45425,340907.7291542949
127376,440062.9422726837
156938,462387.8548550749
127635,528319.385445564
111774,722884.6429116675
141311,677619.6907826146
68733,400938.60416980163
171431,838469.4861159503
57288,292221.49568144744
147560,550829.719591498
83283,519338.43121809524
180470,522146.97130252543
85424,449370.0247864616
30049,342841.92229772237
138841,459703.61818988004
138637,360390.2679504812
178178,818622.9954328304
69976,732891.2404897963
139744,555371.5429575226
58256,299484.17732918303
104665,403218.32180716086
169191,590585.9574436807
55984,389722.168186626
40354,362393.22094286926
59813,247650.22157248118
142178,347858.3682273397
104367,467794.2300697088
135075,366463.5571664438
16278,287988.9794302333
49191,406267.568683474
95010,382640.8569450468
179668,610192.1534523878
111338,361901.86730819975
76006,402990.969375817
106534,430596.33475433884
78933,716526.1017036396
76196,539875.461763667
110996,450140.52973343845
145016,464426.6296280088
133526,436318.81933876895
67069,575603.9698389589
77499,304387.362396179
51668,585770.4419905378
64752,487860.3711723857
148430,417759.29258620396
63329,319181.8224511252
173406,387387.86889115704
79182,419691.94321099005
139963,445832.2961436509
119727,321081.50216900127
14184,344303.4147523887
63325,692934.1998960825
69906,675283.4390409354
150715,358890.43270784337
10423,351227.13251901953
13226,290119.50326704787
166355,473612.6004371865
162216,507555.7557141643
43071,349515.67433168925
103161,501790.4782319709
168506,549584.1245650832
30707,438416.76142366946
54877,438378.1936054077
77637,349773.7892708618
54304,308415.617479117
71775,681324.3083482173
116543,319788.11290351144
18877,338399.6049429958
98865,399027.12939965515
169535,506310.399067659
155674,365604.0650477418
46410,401260.27378928394
25354,310479.57614910736
149242,315330.1501697109
156019,544942.6010148077
2372,192506.13709863712
167793,505473.5390392551
13539,398281.63294154854
96889,566526.4799449947
12180,252495.86696878186
30975,442322.05774068116
142091,695800.9864296436
141417,536817.1127259044
88385,517045.24135587574
118140,481770.964821755
130703,424646.4491166867
78738,499732.18032859324
31269,305977.63775011414
109042,499989.9234443333
48367,426468.1678057409
169027,466175.29222567374
94564,348216.50155713735
69161,584762.6477579082
109455,591806.7870257141
102048,508657.12331462523
142061,647258.2751109292
80360,321722.2292851297
108330,411161.6571915648
45894,254152.97353343118
184619,844843.4428147012
44807,304420.90593889536
86934,375268.47429034556
99343,364687.1563883113
168916,490814.77116210456
89276,656187.4101730152
51815,343131.9566367594
125813,439644.7366485787
107171,381891.4974031203
154642,386466.4956537105
10072,326098.3384678848
68097,355365.4761229765
160821,561961.5196965501
19655,276118.7876538702
142752,413896.6649687038
36940,337262.4487856849
111126,424617.84005505627
596,243686.18542053428
71019,412666.719189369
4479,334203.8012854527
55848,437368.4820610034
85188,467912.5869131887
125357,346325.53067243245
14647,291483.21644993324
162730,514368.384418263
150653,399426.64992506173
120056,371774.10006389057
169156,666137.8368289929
67935,773461.4116646575
174388,711863.9060327939
182913,650824.0225002391
54148,303500.01391217
131866,611328.6866192276
149984,465778.2312635326
159985,498963.013387744
95496,360277.95902741165
112843,399439.6682335423
49524,365642.73521479964
27369,279083.07996280765
30825,450336.6644797099
169753,655687.5015020845
92534,388455.43354551576
129225,464063.2547740697
13062,295539.2046811928
130722,478166.96897700866
134157,428077.20027214824
165859,537561.8624557876
66301,431957.17840822926
83618,427166.98621975636
107691,442389.03427052195
105232,369159.8561655049
48298,638633.417649381
40648,313687.7175237613
71976,517800.89729645
72896,694859.6637537179
74551,371014.027419897
44973,314353.5532981037
29347,317267.88921815204
141919,428783.12694503035
106300,343388.28849325125
131980,463447.9880961449
133141,439543.51804131817
3973,341352.0621393356
40519,292633.72830546583
180446,587842.2378074623
175025,526057.4158102559
75064,386557.0015248044
18793,327404.73121625656
149491,403916.66264228954
154754,492392.3526896044
132371,381231.2313505139
134999,448456.5859551673
165322,566329.1000139251
108805,457183.51822454174
140691,508954.59313297685
156367,456132.48110990826
85858,515959.3522066863
152700,458230.7698405651
185104,527992.4328444026
70218,408700.12098543794
10393,317592.2917256627
165123,561895.5731723274
55106,420574.20455812494
88369,372932.66393698927
41779,574665.0315310742
130816,429835.20782268024
31211,355126.7483549038
166757,674732.8370984639
108437,410297.6023952605
185814,820464.5038580688
73304,470739.2423716482
148656,441539.12511696666
84559,348060.9204475729
151222,434990.2778774861
2069,199255.83840267744
182640,689442.9416201742
157520,503875.16178098996
153201,528817.4626396452
51319,415347.0106487948
167197,511101.63696375163
56328,822742.3889182
7586,289032.32447971805
4962,505617.04091040825
17286,232715.12469473993
17996,299660.0410963519
136652,556409.2492656087
107533,359829.1729022367
35676,299636.9084348879
63528,435595.95054995024
88024,363788.6492719252
92245,441691.77975825453
121431,520495.5547027559
117675,384189.46723860974
134315,569603.3135542937
80382,386822.5983399898
5676,343135.5598903601
85834,443613.37348687404
7544,286139.5144553792
76545,389781.7667214041
182269,823042.2053743367
115301,374318.1941753824
184499,774791.527285363
89274,774373.3735011059
96978,489792.3185472529
22476,283424.9889459387
43684,343797.78032376734
103852,548955.1819243833
6660,250510.6448972001
149136,621543.454894402
55623,317224.78118616034
154963,380330.1479531608
118607,419224.0353180544
66046,391001.36357474036
50815,390143.3733119675
88378,444832.0198353872
47559,382024.97076078155
96116,409979.6393163064
31651,266028.9524244734
141186,632211.5839927312
142321,750545.344434454
47123,285884.29141854495
176333,588924.2446925679
3011,340268.43300984305
68006,632065.373068888
183387,438875.91324500495
36465,349563.44711494946
39670,294858.133872064
173044,445265.43516575533
7197,304542.74605966255
35841,339422.37793477415
185880,767572.9059258294
64929,691742.8150781416
99553,461024.35971084645
59246,316462.94846957084
122401,366777.93177738506
5750,313624.15711687354
54602,318841.598694357
57503,227911.0011271589
139988,417667.8057821749
61441,888113.299757157
3816,354581.990260053
157223,467638.48197515553
45836,322394.3613403961
155755,390107.47685912123
1314,226220.63379288244
172283,588645.6492061219
183939,702667.625085768
102449,453687.61899478687
130038,409307.7910300768
69337,808102.7022293645
59437,302068.7163884287
100231,456222.7604117821
184320,588826.2768360601
121624,422476.41915387433
175778,457138.37769010884
49838,299184.95197657804
112596,446080.0998218354
92825,761358.8826869585
3175,514781.4897585118
20599,297732.7140731922
90059,455668.3150920264
8718,246003.62938590514
56904,808739.5856335207
140415,406646.3060295815
45486,384443.6170691784
72264,388016.12169032526
102129,442343.2701689007
5083,404220.4723101681
23403,401275.89474917756
57581,712215.0130350302
165475,511817.16617214226
88985,456299.6385613786
30967,424754.8393822265
19270,386934.84333246644
39924,303423.00320068863
52520,567300.6697980894
151658,366499.5797365503
145774,583624.9789951912
52004,337867.8551451528
109232,406153.42003534164
32071,294157.3876271011
421,264707.0882835942
150070,412551.665565539
157555,431947.8402763864
141514,354308.03397542145
137558,558960.206241788
155571,440619.89211899415
162016,561168.5473243673
47743,340744.6453181973
42863,329905.04570723814
60316,365155.6660614464
119376,499864.45293859
96534,487684.468176294
97787,447930.2385161517
46854,333521.98329153325
131197,368549.6863431089
45750,413477.75592330954
75580,608582.870408475
122938,443652.05871177965
24952,281497.93320710084
8713,235410.37059838817
29044,314044.3766482443
33794,416868.8062765931
155354,571425.536522912
174630,625341.449634955
357,250979.4051717376
52446,402957.39637428673
173530,459284.32364002644
9167,331306.20418335637
2712,221829.57026137988
34228,396292.85972978745
14795,280491.96552228957
101108,506014.4127968026
182805,563537.1913735584
101314,506061.48663548596
71207,363884.40284177486
24463,359160.12039660366
161441,480337.6206022999
62066,307013.7790226458
140608,423881.2023446051
9901,281960.23554697796
167009,468897.0319198407
70131,358565.99719397526
111696,519277.46119374153
69883,786079.4842834662
68434,430889.29728424444
10786,255057.7690743421
104011,492169.9565155017
108425,363740.7796535675
120804,399551.71896583994
26582,376684.5387823172
20975,459037.33385633153
134633,455537.3123801035
97941,433823.05173866835
107642,385308.2749389312
161902,466999.79529552953
100312,820036.953053684
95448,409577.9183031649
21815,349377.59876155993
149382,678379.1359340476
74108,749698.9710712046
123994,637333.9777582714
146443,504668.20274226734
108700,345853.92442955717
22001,452525.27745161415
74783,340771.705080937
119865,373211.86276723765
141913,394620.2248229853
74995,428103.4512579584
135235,305479.32290930225
48589,346891.66207387403
914,228436.72640226752
119943,372768.97555646254
99440,326843.28021140734
144341,685820.7910605504
97930,542176.8305509133
90951,396763.0078328382
131041,352610.2760089527
84731,457815.30354391027
135546,812230.5328623774
127448,448543.2405125412
61300,299516.3671596775
63131,373448.21509723057
25238,369341.91465720796
180340,610938.5397781895
99506,333180.1692299524
183854,696107.9289749077
94910,399532.0692957158
44500,318182.29531143606
63085,334946.1139859531
164640,814553.4617433322
16313,341590.4108676825
132985,442480.8307561219
101842,322411.76240838197
5938,494182.94158046605
44937,346187.79155784554
170855,634056.2988536727
40121,279331.85484330874
74424,410122.58906706446
156663,656344.1551544436
181734,771558.899379815
109020,562048.9013038957
54192,349061.0021037733
121171,563339.2971220402
118207,765321.6640703321
103252,422944.8581917051
46896,307664.7402358451
175241,722681.9341622855
9111,550949.9629844705
172947,412041.31360217836
60940,400869.1276971475
77395,379277.4365067788
83691,467599.83180022956
11241,338052.15153746976
58884,318970.5658717092
33511,334132.6901607245
35455,286328.3384233733
134929,422300.3260387171
127658,460188.9790536554
74414,465968.8383633428
23654,337591.7856842447
41430,280285.39460690366
96127,484567.66377234366
66839,382454.0484322832
68946,411346.4458960366
167240,765434.4799653896
75029,449299.1604163455
164287,418750.608139704
7830,316087.17258929776
33316,345726.8705859281
59853,421737.07092845504
77185,379920.7634417214
131362,337199.31267351424
60057,394205.30840472085
62703,523076.9678105878
7301,265325.028852495
62430,417276.8581832987
90275,494467.6989985085
41898,818129.7547973074
147521,363554.38899718947
16961,370586.7345868022
51376,320799.3145914788
115157,407269.99602559884
120634,628167.429058813
125261,418405.88587285316
95547,441898.7861546442
3515,330961.81506025087
76413,307076.72057470627
170768,603250.8456632814
127634,518085.3600261746
66815,682268.1899961352
5490,353158.0261450647
142611,393629.429071122
65774,933053.8202947095
92958,500489.1111698048
84749,295110.2346421255
116909,556269.1143321092
85064,310983.75560005894
94989,530604.1395824193
185937,785472.7783547891
67686,483188.445398496
132595,475754.9584794461
45139,394630.63479570264
29101,372966.59880704526
20069,375958.82077070087
22550,248330.38811516875
174839,587979.2966588326
114955,558873.4343368829
146788,394894.22712159436
83092,577304.9872204787
135246,363009.9520368441
61802,868108.5998747739
137382,417152.4574778451
145401,452309.4877119894
58300,334959.4754306844
140496,341549.3043295946
149481,435290.68812350114
136826,495757.62222104584
69083,477739.80921453476
149913,405353.9942671359
105985,448522.9170123227
112379,427825.57914910186
24595,253425.74438749545
170528,470898.45828174497
137587,723150.9660327644
50622,428970.2146597862
20491,292730.3964446655
20537,228060.24884666345
18157,372192.2332383971
157941,816169.717740437
92700,600064.0801592675
123974,520816.26581836015
173075,398090.0843242813
141277,426587.5447834291
112473,400343.77857792174
75725,621171.9790264147
148084,668531.7345679343
163134,642811.5840763332
169551,460467.4575056045
97936,454585.40561185917
5409,392208.4923208235
181576,505159.717854761
176565,716233.5801845074
69920,636186.0179392359
155355,486513.7228472639
169526,464970.357586529
175592,1032608.7767261707
11800,314636.5086566771
76885,396273.60776786925
150140,573916.9611943185
15952,360773.6981033501
163132,471056.8973803544
182445,586914.745237518
1689,271953.4790249347
43974,349557.50770054373
15651,277726.5243578406
51632,414903.92031890946
44152,295357.34218537674
79260,456562.6035883116
126131,461676.80872841633
146446,482093.41167134885
35453,286873.27448925725
24575,447041.3367714778
153177,499789.7236743902
11722,322776.48633979226
13333,335733.7586040789
155121,713867.106391205
101310,505199.22431086027
53959,474145.4680482306
23876,291182.07818294544
126643,435027.60937647114
86844,600388.9819019112
53505,356429.4492162433
180050,654467.1234012311
1112,354726.394633966
181162,565394.3511606139
57024,435693.93206943467
87181,392672.0489252142
1248,288150.089160437
59383,486595.7244258527
162369,421953.11196720414
133350,798267.1065276207
99669,587269.7843556046
34764,536098.9312369677
62298,424046.8514462133
35998,398163.52142986597
1607,272793.14193744346
32970,381783.0785754558
26641,403663.34340510826
175224,737418.5659879742
110327,357864.1579324226
156595,504891.8667647738
163067,497823.7986298976
60715,398161.7382077591
150551,426539.17929516727
58057,520889.4735392032
175585,979798.3922313434
15757,284016.82174560684
20005,350818.0408103597
60657,383580.8307058151
81819,478257.31129627733
174859,593434.1883784155
107651,522022.6672179855
145839,553142.5171911736
109597,362616.7696822421
64677,345528.1086582026
170987,351222.4233710398
132448,595893.8384982756
615,285864.078092648
328,330867.3936556609
170503,436643.81685291475
54169,426180.06962612865
101792,433679.0204106074
53716,263439.93700031703
118305,404611.97534066933
159348,467089.6246871478
47524,295957.9118319319
120095,455192.9076681456
89161,476830.8611259607
122216,387856.8109504535
22639,222125.55629532546
105567,906008.773821672
36501,278529.5874634609
90278,495229.53849698976
176235,536693.9419247566
133638,498371.1025279276
49178,406078.50580676075
25528,312765.33172458084
47155,417324.32463526505
69881,645851.1207381068
78321,493487.0822077038
55247,265179.75885681156
86287,729404.8377269554
105381,466487.6542837492
81889,362797.67956920655
114435,324599.52907948603
60550,314461.88123517786
85101,391586.96518370014
87805,544270.0887754811
21257,342039.2835570519
57009,344340.0625751931
57447,340287.22610242496
96458,443251.3574156279
133136,424259.7423159463
5000,242631.799328054
42652,435493.86817760207
23784,382763.112235895
11571,334716.5732603943
162263,482576.67302339495
185322,558911.714058929
95243,387897.85620379273
98025,472285.1803392115
121413,525449.0928277916
16255,331925.9271032596
169864,600124.1031940064
65094,289211.9849512635
106745,347033.9260276423
35269,397957.7259069255
182962,647248.9102419168
67245,302206.75023493276
146159,518269.48073112714
67199,351425.71488245507
153321,560455.8156044262
171081,806218.3613164136
64169,497087.27761606395
59992,317315.5928980494
87375,554750.4948562849
45489,369758.6580719729
133891,435505.2438994371
28201,315814.6920482779
181799,570461.4681291579
128771,706399.8912055206
100544,414129.1925747858
117827,555073.8989006152
125112,578751.6184143838
41283,310065.48597733333
143488,475334.07501760265
132026,435028.030054613
154774,552345.6817161759
181316,727884.1466144931
26452,250914.79808551015
69192,572548.1849737656
48876,279266.29517544154
23995,282733.18386613735
114699,356362.2978754624
14429,424585.1163010226
29310,407914.5033467858
155233,365009.74377918243
140675,408382.6826502461
149085,392167.6979816182
32887,320030.60257671674
124252,455258.67894988984
101533,385920.6358870124
133377,441417.75302006735
166041,491828.7490213979
40559,385818.26441996533
37378,543656.630339181
33652,384462.2757630604
114468,332006.78754769464
74715,398843.87136147823
64519,724843.4021788599
152802,508872.2700111647
53278,368845.3841315828
34834,312609.978978663
124152,559599.4356291957
136017,469916.04004507186
154630,387372.2138192572
179253,645721.4004733198
146936,514789.5277183411
97021,347704.14161510626
1925,281764.08045104606
177820,576178.4479876674
83330,455185.2449959943
145449,360836.32836754515
179983,679435.0895111702
167017,463234.3491367508
143174,450935.9071600212
42152,277262.3065650181
118433,370878.17204649735
1085,259758.85322507843
108,245255.42466042278
21504,454936.8203463009
29908,308464.5621179627
70316,519597.74700709403
147948,628518.1958106172
98363,354911.5234559149
162615,556338.6573482532
13447,367858.57109270326
181211,949521.268808284
158809,522166.01615409687
155623,460619.7480272929
98150,330591.3997894795
71979,553053.278339274
41846,477433.78786925063
110154,398870.49625704286
18305,416820.7660753445
94821,364076.38210478215
48673,469335.46867861773
43984,313019.671564276
22290,234578.0411421408
92650,423576.02874578384
29386,398513.83145067375
1810,344991.12046146113
156154,411321.70810915064
93822,705533.535466423
127679,439210.69324995496
51871,332334.9568952078
8150,338622.21562180435
124650,437848.3329643693
41453,338257.4427102712
134106,433870.7241057373
85212,774916.5345344367
110858,472262.09196829493
129207,508025.93310468417
56369,896183.3418454903
122046,313602.2231622782
80517,352148.52785784414
168013,537448.7818721279
26047,390492.7444785586
100969,358889.4276579194
27240,203580.7044755935
51867,408317.1009868955
184767,923573.4639938734
105710,418044.1285050199
123195,369578.7203652437
120616,427868.74782875634
27126,322780.0076634819
11811,322705.0730410726
178381,569878.1866033111
127074,423851.0697550783
179534,586363.0526618948
8432,337418.3228134403
130518,323063.5452136004
127324,461668.1794910489
162711,456622.9943847436
92750,513448.3235414671
88080,405562.0267279282
139501,301241.99010571756
52121,332035.91889782925
140776,495414.4283047189
258,270707.4554181121
90635,408326.92030203127
125011,487725.44539228134
89929,357188.65567749605
55616,863678.0595629908
143796,527575.1736339976
164854,406606.6528034279
122926,399382.5194955219
68261,451341.441382428
142713,434555.2269364453
81536,463784.96378549613
121421,510386.34850690764
73311,386175.44759465137
180277,614137.878283678
128708,716328.5229567406
180204,650697.322100065
77138,475075.13676049374
162461,663999.6538911101
39775,381233.9983189383
125903,668173.2431425285
106371,373466.8056973716
178198,791655.1348647674
16267,325124.7308040665
134921,541280.1888942767
106158,415512.0107126293
93050,359118.72279591253
141454,452623.32488462434
93644,362730.50091085676
43686,430633.5826334823
157459,416514.3185372729
92229,370814.6205494314
27330,214484.95933000458
44846,307327.3574386369
178490,624694.7290826815
12077,235913.43602743323
173289,746197.171625461
104334,587949.649300795
30897,294818.1123730625
27451,319846.48289098823
441,262840.01289333194
28528,280559.40292696754
80302,625750.7990275524
153339,703012.549705846
133873,799159.4980288469
97142,456404.02834176226
60133,827804.8082839985
11493,311436.7694663247
172125,601213.805983101
125657,495275.3221255671
135834,377078.3382411549
21497,473516.5940968931
33068,321612.46908322047
107676,449656.5075387247
41602,354155.7850899109
164242,517866.3124936103
78229,555187.1513926989
153717,333361.816498864
84170,704872.7555076296
24662,324080.0442177029
76220,535294.1236161592
12697,211854.03720966855
163429,561136.1868660357
4753,316689.3701343861
136174,737668.1493487225
60783,536475.9381568937
157864,506949.5845384758
72622,418942.32655812526
62301,409115.05579688784
32531,297855.94547040656
59317,442565.90435432404
83255,483642.1636152371
152904,399901.0253042113
86929,394256.391759194
50519,299685.72150950914
1999,238088.01957503456
60828,512228.96907000744
36514,277391.3123973496
74380,365620.6891925075
49172,320516.8150311791
166486,444776.92245397053
18610,321882.42342826375
68142,440412.16242568434
45431,409868.8102708246
63158,365459.10333785997
131637,413231.17315170524
92884,507932.21978954016
106513,469403.222368898
164649,490252.84644125064
23422,297096.7243309673
28506,428959.9195046219
104557,586881.4433136781
52553,438706.61297208385
117870,489287.855558306
126500,725367.5355987484
151129,477025.5312490291
71900,404738.15817300894
45526,481807.06605181156
128725,995608.8048130218
169640,483092.6787058298
34730,337945.28016336606
118255,862525.450433949
42296,298623.9917864033
19810,328603.68048375484
98813,439453.04631813633
113906,456662.19212165405
9532,325106.71728302055
155597,552156.2356489995
18045,263585.0638185789
24885,365495.42351133586
112445,490178.71049020713
117797,703190.469130171
52337,353460.3953909855
158022,543027.1530220939
34393,369438.81469901657
130435,402705.50170288014
44300,295675.94492469187
113439,516213.6390721927
78135,383571.3839236325
26104,797389.5696763883
111287,406051.75282857986
21086,411806.856390782
164435,406019.52654752356
129911,366370.6343856771
119934,371298.8465778752
109546,327542.619550155
92770,601925.3301623918
1811,345832.2527572018
150210,428028.65761590376
128750,656259.1326183451
31760,351096.1928017457
66929,333182.44440349843
50308,332563.5276172408
54495,304950.92651180533
110152,357347.69543547113
52992,276844.3157718769
1416,228148.01252553996
138913,611361.9950291363
166115,547802.3084193819
35565,278436.8486885637
84016,463716.84387817397
92457,435953.18121749343
49293,346766.8176320899
31321,393328.1813646045
56034,238256.80462855787
93790,547918.3975907868
118186,739258.5007840004
86055,456375.1115338753
171264,516344.0892193644
15094,884338.8963961639
58219,521102.5074530506
100511,363123.8210864351
4358,233479.34086356018
101281,439743.6003686385
38842,305137.26487783075
134295,465769.2756809757
88505,684877.2602866617
75927,412852.7600025737
61776,956828.979957171
94600,372496.59176516166
172898,531974.9489346877
172849,717870.734920052
170383,673929.9510122722
69425,626233.6384685014
58402,292869.8171670569
126504,696541.2663569011
173659,514020.3072860575
176016,542536.2538879166
28564,282955.76825755317
87174,353335.2583517819
121285,437426.1552465244
58466,432841.2437552253
99193,279324.05976956483
126462,607574.0918739352
58565,634664.8046392107
92169,371763.46288135217
78171,567851.5361787222
49499,258197.60172251845
177089,749193.2277910461
93972,441319.0706361317
93022,319368.76264899026
130685,502922.86435346154
132582,450535.7763623822
14260,482796.49935296853
104426,367545.84050189727
110602,414809.6679860486
149549,545911.178121152
78565,374976.0356987904
2082,213068.77315624035
28544,332436.52266721404
134242,466663.4092769441
38031,542835.8346391644
165726,502756.2877309377
95217,411677.6581608748
87324,503729.3121476152
126911,520495.66400158184
162946,405173.3103015241
37036,334594.91756795545
13659,522221.1135390912
1928,311483.4338977012
53996,498080.0720191845
183255,650378.0196066533
75343,537620.5241058697
185243,637566.9121812729
125204,394731.23975585034
56303,620665.1571218712
164713,442776.76526053157
28761,434692.34709418606
147918,362220.0479407649
107599,359987.244898937
5232,352071.2350719357
81489,405797.1934209027
7175,274544.079956901
176202,516872.1015890215
84392,311838.81315244257
147184,425578.9367429746
76865,368764.434202201
72332,453358.4556695884
158118,468404.31177874
94967,424098.2612131208
138558,524967.2275516421
43358,353953.3496582397
26819,311613.09858451755
126023,600550.7231504723
38579,189054.54321660014
85818,441515.25005247456
165864,537909.0331197391
43654,385236.96195227676
125540,539200.3784237293
127649,363062.8896860084
91665,420560.9682715845
143384,430970.6816063661
94005,439458.5115819596
51649,370119.42353748373
79558,666897.5875352146
67074,551998.7571909339
147658,420807.67119971593
153443,466413.6203473064
140366,457096.23400562553
2379,267861.60717106407
158708,430390.1938104129
177562,629961.1020969283
1173,258662.35618537548
183803,658814.454067827
60539,241692.71085259784
48774,416886.2871872613
95302,348341.0736777279
143896,402583.78626480664
36430,329658.69733343454
180170,698599.3869221371
17881,297329.03223253874
165070,714623.9260111055
28770,385083.38776778197
41360,267236.570761807
155360,554101.5983670919
74785,374782.4909291181
125572,505029.25837402156
53673,318888.92973872944
71413,448323.19377858937
53451,346897.0149968055
89004,538518.1450924769
114260,506717.7096185119
674,258158.14135169965
44409,264506.8375377686
26891,734347.8488204433
49769,277863.0022957728
62518,408937.1814536988
8204,424353.90115124645
115693,754046.0986310071
132023,534376.1573145045
180232,717382.9424927683
45677,574736.0309979615
165615,696267.0447018549
172206,522386.70950616954
22522,306752.5833366672
48356,545306.088977137
171272,483370.9455072237
174765,586780.3343881159
144273,1040474.1093004572
62648,413369.8860226066
36245,375495.55731569
184175,836843.1323278188
97916,419938.509944753
118112,692412.7022984856
53127,348502.7470053589
50193,376385.4644223873
91095,789118.1825969297
37182,258795.51726526144
50934,362980.5847169895
164991,517028.8622634722
127660,422851.84725797136
57306,265488.14346554084
31641,299064.21772217343
20288,257011.77432937143
90841,431057.94760135235
43660,320198.1518997647
77985,440448.34049146174
65669,523084.9178208423
83932,451683.9247221504
133759,551845.7227005085
70899,348872.7973662038
141117,494221.9099037992
34139,450617.3185673805
8214,312204.77661592263
165066,676595.4408632161
111683,585636.7699085249
149286,474253.3562161279
173631,409518.2231086699
77467,296768.6041990411
100614,527173.4288626434
112400,385414.1283335953
398,247896.36776119686
67344,357938.6350592476
185413,581018.2546679615
178694,673205.6640354515
75286,498392.98350456764
58764,413118.1500149197
122664,787722.5763161259
89592,390679.92981555697
73899,862068.3136858437
110266,481855.8131540648
176560,778197.3928683931
67636,822835.4151014644
132093,506692.35928334657
113950,330289.67921405163
100182,421588.76776195527
52272,328517.2969650847
24051,264181.40404364944
87314,485488.72934438253
27003,366080.0036901413
21150,373783.00011153263
150710,853529.3821697007
133317,547461.6408609834
117795,692422.0352496684
130098,454724.69208966295
123556,373805.81774819834
50724,401074.2169094159
105388,381263.58442517905
157170,477094.25872238807
9278,329042.20574484963
110310,324980.90456865856
62758,457218.42021874443
157350,499862.0490031221
37976,465163.9424618443
109116,465692.02402113366
163846,565049.1131594656
181014,802838.116648399
97611,470346.21802306606
85452,431260.67670460476
111627,449120.075219641
128248,397155.3697524007
85886,494364.61347847147
14186,411877.6553343247
1793,310676.6781232625
32157,246839.87716373283
141458,457935.77076705126
147158,422034.7877706622
21764,347321.561520224
110577,447178.91251797706
79829,376997.2536820624
44374,395605.5970535148
21489,310045.9532890957
75435,532410.9255473353
19209,320286.94950913655
64184,298181.8220240692
95119,422908.0383307466
28087,762194.8352664991
176814,562279.9688676508
38950,454992.88720720855
151142,437419.07338130375
81846,453436.7649341108
144043,708924.1103483036
53844,391482.2592522338
86403,688633.1920618182
125951,316869.3147907662
113145,424422.72500690277
163043,705843.0345195201
184015,561480.8641077597
168470,426811.7796873328
178685,679821.8495416472
180595,543925.1097195566
76336,670144.8532043209
21885,416582.08802017686
37676,270309.26625556196
181748,525910.115342808
47830,390844.8161985872
9871,725723.3900920523
74988,467260.3670008668
97515,528594.8790836149
85990,654735.0160677034
2631,322897.20094575925
42215,311683.9330880007
168535,581548.3369455822
127628,423551.5630529
38314,349608.5234732237
177829,532324.577523146
37400,281012.5457514783
34427,558321.4799625471
136066,378878.340175234
123295,423468.807416138
166509,495630.69737086305
133632,416914.4365185938
74334,468460.9167006891
117367,408522.40039594006
78638,640523.4388593971
128296,399360.3788651461
140162,590517.3041494044
107854,434896.35581906396
28166,401436.0144128087
108406,421676.8794673238
176716,599642.294750467
99890,507205.60031789815
176624,566701.8767841815
33815,315174.3457674469
44963,321024.7470731289
73878,592299.8722368857
151927,406107.4124927814
61333,503200.65145711694
39087,435570.7280253152
11259,303204.51137907483
81635,414891.9819107437
54725,309190.17731665086
72904,868803.8257952945
24262,364440.910376825
84222,587328.6693801192
138790,453954.9009206096
170658,666330.5367212044
5045,302934.42149553704
135135,416115.0621661722
83048,424910.0481806579
19250,465999.5061991149
41718,344755.0086187485
159170,678994.6340182603
70203,468344.3015450813
148,256657.48524399922
119229,429394.7280417917
17434,304385.7024754099
93308,646688.202411378
110376,700219.6586728478
22644,324564.41335987154
2346,292486.3760906341
163314,568880.7535156553
67117,639009.7684231823
155957,416087.456304091
116752,488634.50023263274
173898,465345.53889550274
167697,653812.736493611
139215,384550.8069712514
16691,337434.5103987567
163403,572223.339150778
48391,442982.6786993365
32848,280955.5908218423
32635,290145.63941712474
88686,411796.93844188517
126542,363284.72332450317
64036,504669.48563867895
109610,414963.12764308846
71927,353194.0635860645
127765,412485.565231582
168342,364598.53902565344
106757,358780.50698284595
47372,357034.14513061463
7007,341272.77954223123
171782,518014.83924760506
14820,321641.69505378406
146153,468790.97565907385
7804,335172.3820033051
23675,363262.69928535016
176505,704041.8975850875
159316,425006.6108845376
86509,774911.0374471934
5136,214204.3203896898
80492,346582.1474915901
156590,399842.0331233597
185938,802696.4260897061
142330,396007.7938702017
33532,282989.10302570777
168278,575202.7332330355
71189,335566.18193859357
117221,306443.0155557867
80706,502185.91286012874
133290,469094.619022508
90743,430837.32392409054
15065,352998.72529789945
67738,417136.7673000437
74839,403940.19416324666
55497,959513.8899967035
80341,322423.1838651729
49671,331294.7783851697
112618,476613.356238631
50357,365135.8689811474
44588,266835.1206732827
175149,636057.6213247736
149352,455788.68188073963
65259,432258.8459604075
99691,587982.4954039237
60203,728508.1491598466
170161,535866.4691150896
91571,448982.09376611875
155492,497487.93406900874
176712,674149.6004196035
170754,350650.2772751207
9309,420250.75985804625
26936,374113.14756919956
110850,376629.4638341445
78927,529778.2303480804
111443,503224.4167001919
180917,622434.4512439042
39646,325148.68437946873
104063,544885.8338658144
70855,352122.4170787298
157621,309299.5880092003
62424,370132.82670684834
6032,343875.76345299906
23418,331056.0038986129
14483,348854.7953472682
94098,389478.65440997796
48168,297886.0930903089
3671,249003.95794794837
68888,379007.52971346263
66501,925336.9699190767
140182,513950.3042355556
23217,358620.87372168875
131172,405230.7996304221
131668,370334.6198926837
119413,479428.4339513788
23318,274329.22927274683
156722,421033.6611987784
118864,336994.0779013247
159057,491252.2302021679
160217,472306.6711677897
32130,345756.52309807064
32588,215139.11152398665
58378,425072.2098300147
37579,298153.28747000307
160635,464838.18239712634
177369,661291.7526844016
75612,448646.03454264486
74686,515777.0806598652
44291,205940.45547186775
113586,396268.79966131074
104594,760640.9291952462
95375,451178.3497609733
148079,708347.3253695569
99873,530301.2003483576
36788,453950.6369320752
15766,335272.71280240425
141239,458026.5501377082
95159,607229.292560764
55519,816720.3762523017
18701,344776.9712794322
108970,403481.4925375292
137018,614444.9193037315
57572,335186.55527032027
52727,720827.7414390186
163843,447482.68084723986
15390,370675.2003267446
112536,416787.6001333341
51771,301606.1419891375
76817,358367.50536915363
128082,647004.0773145771
37807,404752.2638323814
39078,447684.70938953187
49599,289339.9902165355
148060,755444.901734744
9090,295002.1405217031
178189,819393.0485103057
46186,404967.7812043015
16741,332499.00779556815
15558,260168.57639882818
13230,323570.1273388672
51016,780295.8421785118
159500,616888.1655492946
49615,348622.7352846413
93451,708400.1984364092
185558,877835.9451303533
6105,238378.3692140932
147071,391906.8759458485
84270,866114.0318849899
153226,521418.0925398344
90510,370686.4402652699
143499,351661.10144165036
53623,304783.455504074
14754,236976.61411605187
69999,717649.9158672529
180938,621279.1065315178
35382,280028.7650965332
65782,917978.1237267426
155307,425507.3164769693
49855,237693.95897030117
154986,399726.6593225479
52499,337745.81703701813
75085,474617.3465928551
116331,547521.9710826222
90682,470907.0173469319
47942,289575.7499709277
96165,419062.16629404336
53552,398196.0668715428
182278,758781.539581673
153945,467883.06838735996
49430,297864.42269417946
38984,343328.9062153758
89101,451489.43697348307
89876,434680.7889734279
69950,646337.0654053716
57337,539603.1546288063
167719,537619.9200431727
104745,389741.4284471983
101864,347916.38528123393
48076,328523.9240194033
156646,464187.1608407118
143667,459765.1673446681
182417,518260.8388440811
178594,764668.822103132
101177,407627.16506125
97776,404868.4100136142
68282,487463.4713592384
34179,763143.3513020359
142953,387410.0919436447
55981,374502.8684475064
34795,377762.83315358683
104200,421404.51043165126
175515,627984.2910466583
119249,383090.8712135226
49396,259842.38025820692
122060,356630.2598713718
13453,412260.7346047812
108896,534894.592810433
5824,328778.24241692846
45244,338067.3414447586
155703,477884.2621355732
135378,561689.0338889719
125985,394111.18087095796
51976,220893.95954595704
17335,298564.94079229736
122683,592978.1022117337
84403,396329.6884768837
64346,386693.6254356806
145285,452125.6087251842
121343,419267.7187997886
39853,256102.65260880784
171613,446878.91302721563
71749,487367.4285230527
114157,523030.3050474146
73195,446881.16852814716
170133,438982.335553627
133963,586565.8100334625
180973,649246.9829771913
68544,432750.8097968308
44419,322944.3964563597
50747,265703.6471168765
62281,511645.9286342334
33920,381459.01485499874
146723,350719.3322049876
22114,313828.4781912797
150388,503390.8573002533
104678,359907.23640627775
102398,494907.76120535925
142123,354051.81330687966
111656,386999.5061576844
16085,348369.85599508893
49771,273204.5928840289
5687,274572.3207669839
145871,403851.1786403451
1476,250235.31626068766
163842,477933.71511586604
66742,462105.1504158656
127369,600777.3423385586
41642,432873.6554335899
41931,260993.342458058
122552,500302.43313727324
56469,327785.90077979944
104607,684601.6988107909
127496,381106.59569398325
67170,382906.8358119972
87797,489581.41871866107
12710,298858.1513087664
123508,478425.26267263177
175960,559735.9529552542
73258,508858.15431438456
142702,462824.4673148992
62196,315292.2220983204
78029,369704.72039578494
53031,338556.67930278054
180533,805638.3053974493
28535,283430.66133118735
29854,314564.64817066025
138559,480214.8572811988
155969,581057.2508207937
126983,482797.915269012
28074,533369.5089971492
2042,265676.57236673514
147767,437070.4940491535
85473,557290.1489812591
179801,646530.3541295106
131433,380719.622370286
125542,567561.3183767274
33030,347217.14951985725
4291,330828.0221222949
141309,629393.2317211622
109917,473389.68279344233
11151,293364.3961789123
12367,377837.67137957795
51220,451228.21626852977
72918,446964.10807842365
81134,415355.13945353567
15078,373396.0010470285
43368,403305.0739243962
120015,371817.941721326
118752,328245.4526877956
52634,639496.9529649455
107097,419435.1530735864
17910,283705.9740139627
17955,266625.7540941892
137179,482907.6633398616
80211,507651.6655008488
75582,619989.9111773429
21813,326468.34296479094
117489,364685.51423269603
124675,432705.39826682955
97401,470165.3561790058
49361,395092.8445195109
122463,415654.5225714026
61950,1045711.8618255288
54329,342779.84093153756
23071,318126.93419061037
117733,701766.302090189
127026,406903.92245920724
100411,644525.8985907208
72286,316567.72344344505
28023,328528.86280957074
108258,467667.5674550269
138755,352591.65341598843
162812,850089.12783215
11076,261585.10226443404
68549,401680.3101681691
36658,384225.5728132338
43704,340374.2834941172
129914,366893.3881736167
68278,366556.8740348993
4952,541368.6284595043
95889,534273.0873224854
122876,923490.8123344551
34756,324088.35763345205
130651,385801.89187636983
138025,352119.1333882164
151125,454060.8510238688
73762,493780.9045502542
126373,388405.1528821163
165863,509191.99287975935
10510,454507.6020445955
85377,445720.0803376291
117882,426370.8480746782
77093,294176.68910732854
55165,277382.767372655
127211,447068.4610067695
53962,508123.9282877743
85544,814133.214855537
158162,539216.8523508247
74517,448684.0153738154
182995,689746.577904185
14068,484447.3015982664
147898,796129.6689779182
138411,454149.510596187
136499,356663.37418775633
168057,626483.4717737776
22602,298416.8105017341
107351,499733.8080567258
34506,335174.30875892483
7159,349690.74249270954
139513,329580.08723990817
135255,450004.18629182864
92752,515718.538833297
75167,492732.35891442234
58190,454653.9208314881
158401,383893.2871025477
89975,405458.6463220657
35527,221558.8207421155
73991,720963.8683736294
182358,757805.5577211502
139433,453386.7157292189
114745,421754.61620688275
142706,432955.95433520095
126561,408876.30993540655
38654,310905.19434175966
69408,771563.6768980038
133961,425874.93143708137
76053,455806.69572178106
45105,500907.283577165
152562,665590.9178526097
82874,402882.1003889017
149388,453034.19935546565
159097,448719.24488222256
171759,597846.3141925373
70520,658626.9079704117
2832,388783.11614131054
16323,248588.01593831112
69182,564077.9747862731
169270,731926.1568085544
148107,483588.42992011947
152664,468542.8589822771
69806,462375.9178152402
93449,662313.1097970494
133757,526441.4761077659
64874,310764.8549092445
69496,425964.5242442464
120947,796577.8419986513
151139,478696.786642766
61416,825845.5377780688
7876,315244.1388804026
125282,510905.5968076922
104922,317062.4870053498
137415,556134.1175220412
56198,380081.3415628
57200,575341.6038391028
81232,370898.58336662943
113164,402766.4177600619
103828,394020.2762317879
140095,478231.7177397868
169363,748013.0415151564
84064,482866.1486548118
57938,447135.31112211937
155009,517848.024687567
145325,517155.12390999345
169332,530180.7198838306
116316,478284.28057726705
100795,603416.31164189
52554,295908.8095615717
37132,373540.75765244965
132263,451553.85556608764
128100,427121.16367567744
51444,327955.99764652457
128437,489362.76742491627
103153,388789.61996875633
154201,595932.9270471311
126203,429599.7790204644
40439,343324.23992414196
170275,537168.0443391649
73896,834109.3675078428
30555,332279.7044893158
7999,308885.33105111885
118269,294708.64503067825
107639,478625.2888757604
146914,489142.48100152845
39629,310174.77448084526
41361,271731.048623914
149873,883110.3130087173
24499,364603.7225482404
168700,762142.7383972164
79932,398481.1738688728
71573,347851.68463602033
155131,814516.9871824094
175048,647696.460071748
154115,525688.9247502672
123392,344649.4061459042
121896,341872.065141947
50540,483656.99149484775
96198,488768.8891563945
159442,537292.659188339
128499,372425.8800598063
90400,643468.5135330509
153338,715884.0425269481
161106,506160.2668270461
9364,271557.9733581821
9549,422487.4090217417
67223,385451.10569003096
14838,235036.8265501124
135441,520126.84523859585
98528,258503.28325411005
48833,256358.40341519623
128321,426429.94211132976
23918,261026.53799842048
13300,744992.02596012
166310,561662.9901145156
144604,529576.9983646891
172784,415027.33302345086
75718,715215.1966501537
1779,241730.9511404719
71954,607165.4697956147
122421,386722.9391473094
19140,286509.36171604076
68043,354313.29635497683
185424,620505.513624099
128160,432485.3798332476
126503,657073.5892509053
121764,694074.075993597
150635,445127.81870485377
148703,401749.4578561101
299,287092.5120692751
159064,446143.2544810076
152195,436896.13687122473
40064,267759.0454483058
153878,516504.5685986702
174364,628716.9508566295
96199,502008.9505877586
146017,419619.9263521268
137983,480761.9602399501
12021,297703.1912767378
185309,602898.358595124
38272,465308.0930632827
158758,497625.9173045756
116773,507905.37964748475
154061,417971.4526729269
81436,366103.790805664
69015,421712.2020355675
120934,675669.5531420703
144018,386431.10481218493
119469,391260.7266100084
110934,745128.3645791898
177662,575005.7864926601
151606,883057.9860649868
113023,498566.7657046842
133744,452252.58209772327
83712,521659.3436776417
122372,379950.9378112016
96805,452909.3302104241
16259,360550.21239224466
69289,501013.76579847897
148713,380366.1628558303
183394,531316.6984294321
89157,509992.0811603574
78688,518252.5273166137
161066,461200.71428189037
136968,549382.4731354262
112819,392647.1294502375
45081,285755.44706483354
34674,406114.4662541278
1872,234811.69484661435
83234,484582.49293594563
25962,267098.8328742886
30628,334609.5402717873
32002,449879.0275747904
177533,624266.6630043876
102484,407696.7939517988
51532,206964.17498379544
72133,461844.2764850888
11128,271664.22193342773
175779,486614.42724159034
23972,277478.82794408116
36879,322757.746200226
14400,328531.07748656033
131907,442935.046518157
155037,548454.010617178
92684,548254.1875144757
1103,331790.5545402115
56935,285247.50163820415
95784,462117.485413169
140226,759951.7083141122
7941,299013.5750598483
68678,484440.4981624023
120597,359935.19420347933
5523,249257.5378392106
80458,471055.84330370254
98968,433853.21759726317
116240,400290.22500598093
95402,456667.3891696442
74261,387974.02520011785
105481,552266.6951888683
40013,308368.02053487604
106450,377573.97554623353
54765,371773.64277227805
128854,386145.8689340895
127934,541027.7954008201
161462,569953.1967465957
33070,281757.8834558441
133552,477830.554946466
30729,347105.4182489088
64755,534388.4235796618
18721,359829.3966795624
103110,410039.9689968171
88754,437820.19782449404
79998,352999.29563513043
11816,343971.72806610755
78289,589579.3887404716
70612,938739.2880625422
116944,434127.75242824707
61980,749408.806946178
127158,483562.9246166984
160539,522978.75062890816
129034,592715.5165320338
154271,370649.88135264453
137164,636598.4662740091
90478,555570.1043354248
172527,467125.0070433598
173331,844238.7284130207
160130,653500.9552020624
91497,322995.4630402946
146003,861199.8132914787
158081,509739.1028993236
177535,637218.9626872877
114318,478111.49465195235
11835,330390.3046730003
7788,348529.2794358348
26073,298338.5290787772
27618,466610.39759592013
113320,441094.26437827566
56805,435059.05467412487
27982,326438.61224880134
117995,521282.9741392741
116341,502075.9072619452
54702,260338.98031737944
121192,411926.5411825696
35293,383828.7718103505
48790,341797.95697827905
67671,407282.59843354364
55974,364327.34099549265
59172,357226.16923953535
86920,350418.2361658474
60736,285441.87181388296
80766,647181.4150708418
93671,576283.965777092
91025,462565.4749526334
10459,345437.71285174723
119222,386386.36028210795
171641,547987.8959704264
49812,352392.94591248885
14307,478373.6230044629
7305,293706.5838863271
108542,358984.74033815274
99237,282603.1108472879
126937,368857.9307321917
47263,387779.36248829076
120818,511110.6887151271
179449,619414.895766545
137058,747537.5506919117
177688,505205.1127349803
185319,545156.6998143692
56223,356018.7862822172
168308,639149.6699926915
38621,302714.80081227346
133024,508658.05897552427
116538,406336.8975375745
39185,355580.5071302093
89313,412520.995471642
40102,294461.7368276928
135194,409198.9703252483
52264,254311.78158645963
87424,519461.89597014524
108479,371408.7032105901
79604,1022407.5063473063
166057,616069.0525551987
136731,433575.353607112
30272,389377.714930454
45153,293824.91763648635
18625,400571.06962492084
123860,500651.5901126328
28674,350547.3164910713
64983,367221.0113903568
166163,488580.04209246504
98342,306675.071064743
39557,346981.5476064459
82264,428473.32985569467
154390,402733.0511544371
58723,419117.06967719045
169074,582101.012977621
169786,605876.5941799744
78948,680649.1047226551
171221,599311.8124010294
83803,543953.6761528482
68028,645353.3014504686
49567,460984.91124350403
104860,409658.0149365091
14620,300758.2931918797
139593,392658.1017086633
11182,294407.38571130973
125829,478118.741630084
29794,287651.75911897386
79342,461441.96253664827
158798,492188.5884417973
149369,394550.3727888871
129605,377716.09814641566
116789,478754.4266651524
45865,346883.21555353515
16121,448896.7191866261
107308,398750.339428616
70806,320213.3166177698
174075,363924.3873341524
180287,552431.8479360675
13323,328638.7167518515
177576,619159.8080084878
54591,286092.9230072413
43751,478990.91438948375
11425,331120.7465973575
105076,496424.346917861
109446,655274.2220254464
21528,439492.8034052021
90691,482136.7490187718
87008,356673.1449039976
84641,373928.51647101156
159177,691130.1708056285
50297,258165.76597093797
97472,385422.5750232107
1018,223055.41505349393
52682,531851.4020536469
88613,403380.6602106745
35707,351202.2347895183
84779,402464.88715103397
158337,374138.81041070085
130557,358006.44794417557
40182,440704.49266512855
133887,489919.7619967625
20140,274600.721437293
19842,441549.6459472758
49629,334822.0490999639
162756,506032.6109387806
71279,325048.96455058677
68559,469967.3970363941
113869,483546.4604540495
25637,662087.1405076098
58280,579451.1193094656
134866,572279.2327804901
59814,287133.6467924729
3532,325388.264471483
95388,409935.08264791354
179135,845859.4998837814
14435,370328.71718419954
77254,448021.8328259035
16512,408191.24252105306
181437,516506.88081998436
138120,435838.6299818604
182622,643773.1804052729
104730,405606.36695996847
164756,730182.7380323856
154107,742428.0003371818
120932,556477.1603164048
46420,332466.44222516
64760,380201.30054187856
154967,371460.11507442105
109139,549042.4044122527
137736,461114.5062582047
109293,414614.3491797871
1292,236650.97688598715
41906,493590.2651036159
182297,763590.8054470324
72498,507377.398053436
57624,319011.6781840127
15627,258326.855892718
182660,675460.2556614723
167468,483882.12943909195
117301,430161.0325714799
38883,345304.4101042476
91451,359666.6729233902
50716,552525.0361846053
156403,1146253.1034761674
35218,282304.02054830163
141423,350443.8616684276
47464,365334.25093877106
127409,400189.3938795751
27585,292410.58038639
149201,456927.75783874583
155475,458669.5060919303
170932,705014.1432599761
10455,428488.6820169698
95370,393216.4979727446
42083,291518.0634949649
178750,647623.1008866646
95817,429159.12557038805
185103,489471.1050794766
91344,390505.3840872068
126938,357837.98597394506
78038,390329.05362421897
52280,330834.80896365596
179162,616475.4112187795
96003,789489.1806670948
85388,465724.28849059716
92637,407612.01458838844
143087,404248.03415211104
72135,359838.028597084
91484,387158.054647319
144218,660944.6940394074
76044,427441.9412616766
158190,507168.8561513784
96507,443032.2075534153
6705,337594.4827885804
24501,377269.18823705125
67101,663862.5860320851
62701,502244.67426201
129276,492484.4629389552
34584,331599.30126029975
72995,429041.64806455624
95778,467804.9743720436
31904,298796.540779721
53087,289252.23889674427
72875,723806.3609852839
169361,574785.1973036387
69823,696257.6562053312
155875,457065.43632553203
148910,453116.24836953986
183784,569803.4189385283
158592,578347.7833718619
34950,210572.0536015247
102324,486040.36712585617
179656,616827.4476093721
172192,390819.935076752
119256,401533.45652069524
151081,586546.6544808991
20717,322343.2156798274
56187,413813.9941059839
93717,374490.931638621
170231,527498.4005550388
3855,350129.32633499405
153326,555162.1538833871
147929,345779.93498224963
20729,278956.2570622593
162894,544428.9242320962
59960,323876.13107175304
90839,441621.6933127735
45201,290611.8213414044
179738,549448.219313271
63921,382534.99309977854
181126,593594.481137025
96926,455789.7775047267
22722,261157.32709438418
1435,298043.15050375805
52516,434455.0422539514
96049,556685.0166079967
161266,505728.69496291375
154209,868202.1879226363
135762,364940.2201909413
1529,362791.4362421179
156025,509870.64108633995
34939,271176.03268817265
44952,276228.72922957817
79234,489451.05317638046
13952,315881.6746458612
141072,401461.254995329
17482,294294.88408452674
164983,787608.4532401795
54724,339428.6740156822
41790,326691.9920532612
162117,401753.76397944894
7657,314704.0306856427
116600,488399.362863707
22626,228092.28982448345
180058,719661.2510849867
94539,378759.2283289934
180194,634058.2498100756
102051,478982.76844463265
154062,420508.5804235488
107481,448219.4237846241
41485,249792.96771622403
66361,439559.1002592781
49212,304207.3505715243
80296,656612.099897358
88908,396382.4737320633
79243,515948.2336359683
68255,659455.6350491063
20773,299416.43766757083
213,312624.37912403466
17870,305711.976222318
19488,399876.9536983896
134002,344031.480333686
113888,386775.9242659213
66570,633697.6777479624
127580,424359.5661132365
54792,414239.6114610923
130547,307015.25035142625
118012,525756.3209287585
119972,467753.82045940554
155497,594220.3718165171
68490,448496.7693395166
120117,476280.4589325345
150330,381937.2216034106
39377,354641.12258717796
51198,365748.882249614
126900,463153.8226028617
19501,390743.6705602761
185254,823690.2134351362
121539,415686.090519485
48639,338596.140641484
130185,497285.6129933663
162774,413433.1920673291
141097,569348.3506827061
120053,377200.6627866323
117092,473434.8734844222
97149,461093.4014650715
129821,513952.1897479518
160192,492254.93728413765
36992,258389.4985058164
129150,505380.0862108899
48895,313208.5291774883
34059,616767.2478916867
80555,413530.4284285419
179383,619473.2910508786
5441,330973.8052533944
121642,471063.5459127626
86158,375336.0719114101
35519,270860.1702321859
61508,458391.8685147545
135009,491275.87809419073
85569,369191.61598587024
121430,511846.4636913707
80640,397750.6097108026
118924,429162.8508896492
5765,264152.18088222976
83504,676150.7482956283
76895,330457.7334607251
50203,369472.4494965124
182369,670736.5168926571
22486,349615.9206561453
147624,859521.2563719989
115978,524790.000762065
47483,315625.29695411475
112962,392488.2112953686
46307,356520.79789073014
31910,348088.5554128159
142300,855476.4230392396
35436,421258.44193170045
91775,380727.9900768242
106054,746444.7084940452
105379,428750.32096206024
122784,566491.373812438
66398,591620.3479024125
113473,377759.32061663875
15483,321838.0431320072
96984,440734.0653458741
33808,347312.6365407887
93857,336002.92713844974
132978,588839.0297829988
127344,474208.0891216182
8792,329949.182306464
39141,630112.9085843911
137286,442110.3430799305
51994,302716.2703513883
43852,438585.5752998138
11249,434056.96947683126
39656,419059.80786951387
18216,330490.10375109
70705,1049823.9564798535
13860,393183.19992688624
19240,337167.8434746342
54756,315405.8303522367
112966,460325.6677264206
115776,287202.0931226045
176127,590202.8093801729
126101,831199.698409737
116728,438462.7390387262
97501,528742.4390040933
65139,466943.0012920859
19672,347327.28301108396
90948,387571.77999182267
122085,419084.0441949413
84267,792950.1145188094
175341,561136.8067816793
7582,290433.9709534041
160159,420536.65120290604
124487,424445.5682553955
82235,395720.5404230297
119961,363675.2717418877
129953,419223.8593531123
161495,812364.7178598864
94672,666016.9594687782
73269,440380.18353790545
162729,420994.3849199936
146115,507055.151004452
46838,218862.2498483793
115279,415663.8442595541
105200,365945.11071022146
163386,580780.0730412616
185879,745122.6651991599
17577,273924.1979108129
183648,564637.5086536885
5853,308670.57989143394
137305,433685.02970721456
69550,417319.7240958997
135392,559871.4917798212
160783,491027.87869466847
173963,397851.4118831818
143430,538465.3385195865
15718,309500.0601244404
21041,349284.36867327406
114372,562849.1254959857
21544,426157.1735197116
160409,384119.507712504
90030,476507.31025431026
72429,420821.8542248409
1842,195291.85975217228
179577,623436.6493032724
131092,424592.730385617
165756,393109.2642069378
119167,419169.46274796757
60333,357131.3549894293
137228,409020.5218146909
153525,669331.613919057
89730,344828.4037382882
139196,336277.9045419376
98194,394013.3715397693
36034,295955.2549832933
150836,612427.7427790005
114041,403976.13490123
14494,415512.0248944776
173130,511156.5364784532
127819,392461.5106350236
159751,486805.7542122166
138367,462011.18457626377
93312,670125.8621154069
83970,481339.0464046149
18696,347767.5634632625
36191,315242.02030393586
76267,374259.8238477162
134099,524352.2971826633
93100,427735.95625692117
55119,535536.8927682454
36130,384762.2816431533
89585,509525.3179971448
113673,339561.13172644156
39756,393220.10670003435
48643,357075.1682184654
41961,270702.0102974864
13747,277113.1522580307
96969,451637.12212785403
113943,379490.14713548374
123134,671781.907245363
139058,451607.1362221533
82257,428665.98768826714
136075,354711.1045997589
137615,416996.52308723447
90373,391968.46302660834
91233,300209.5766111552
92044,349225.39343054953
107730,414822.96553366364
170617,562602.4561071177
125746,392036.63453675684
16531,267398.770412593
46203,269724.20496795484
51883,331312.7973216509
100013,382560.1382425359
104100,447231.693917074
57965,363152.91202944395
66906,330980.05570730066
80711,461913.6127914387
162092,580024.2029019552
63996,718180.197750129
131279,524922.2987044567
92979,356922.40455073275
154767,497077.38908037124
172333,491240.3928202797
184731,545721.8478900767
125452,450012.4758022626
82237,399827.834834032
80802,370875.1498196128
33689,355084.062790115
147140,449754.1582987935
94883,422688.13408637897
139347,396906.4363523922
141998,457634.3792017226
62192,341860.88497132406
135519,519722.2198075478
156295,414700.1329500707
102923,706196.4554992823
119955,432811.1922226391
180176,678216.5846139827
123033,399021.18856569764
130759,669969.1035845344
174735,529766.6963109077
17076,361756.26552278566
18241,525661.8649272879
163559,451252.8165502357
174245,575116.3516302448
21111,390626.1036712829
73941,750520.1355959103
40189,255995.76802795046
105615,381116.3237536225
40055,390416.1556568376
124639,447904.68832647894
21050,409046.75450109085
52361,278293.46466816077
42021,382308.48882245156
115208,286297.3451761459
96613,714162.2431281465
115336,338976.13882847305
98521,316993.6097723616
51443,331354.7452074949
152789,540819.1859396009
92697,521567.44884168415
396,241577.86756679343
88710,469069.628068776
56459,391097.3344650466
22071,357028.9912845873
153847,590733.7043763885
102887,840342.2716240607
20471,350275.1898625445
126723,501445.58658374764
26542,291578.20312163164
33179,277267.9360211357
69114,620233.8014440598
74659,372897.0433058007
169817,636755.0013347075
10424,331688.8568598592
156531,468882.64875754004
48479,432261.95479628525
77471,324530.74101693166
133897,355432.2965528937
36669,373218.7433504727
92808,673343.6943672933
180396,618460.914687389
106941,362215.5860164418
92453,356735.8364893722
172648,608794.1250758094
35241,322506.29658322065
99903,578486.8282061261
180314,525255.0232644445
9925,301758.87240092986
89270,946564.7793364647
151507,406775.24456375674
64945,431349.8126329072
67795,713504.9410342021
22891,333639.2895010167
53983,538797.7700391792
20816,286455.5743708675
42492,328138.8787576185
29308,397179.7361937591
123548,490861.8338989731
156225,361838.55810894014
173093,635111.2795191775
126363,415356.97636192845
1532,287962.5799584685
178143,753838.7038316185
115121,311581.01799557725
166339,513805.7504121652
12647,348715.72308461333
28284,664853.8862676707
156348,423729.70452045504
94807,396697.46859628346
58302,383361.27079636604
41916,274841.46241823194
98002,547275.1039225779
21509,501992.17496954545
171236,547325.2483011818
117645,445389.2695190369
164907,635769.6160473691
10556,340359.41257056815
821,265178.17953873385
153667,423776.37964288145
99786,423804.95830763306
37544,416070.9875640521
66778,415282.2851289738
118079,367907.53027452994
65301,366139.2014896206
78159,482206.8878773295
99209,310731.2261172078
55175,244173.5400572089
178387,546695.3715120874
259,269245.1806900328
23755,362466.6089102849
28925,306442.8709990916
183661,586920.0438989205
104023,378047.65030069713
147584,686807.655251269
179480,636359.5353971053
989,202539.7270877998
82137,778947.3225431151
79343,473343.77874683414
52881,388913.32805240655
157796,333357.3307348017
60694,285938.43816886685
163246,523936.1313063009
7589,283144.3503942551
168271,528168.1506708271
95096,563669.258075598
5678,254247.52103508275
11132,342306.3685605546
5872,246765.62675013798
114547,283826.1897307714
123744,333425.91790265834
157196,386605.2147559741
92067,387531.6213257065
53497,294229.6830068635
176593,508765.31665914593
40592,364522.5125130083
154890,453490.62105297286
66229,326729.4409334686
93621,378035.90091920947
90965,332774.2985068218
36892,278376.79854869435
182143,561469.5846513789
90218,608025.7914245958
76890,326708.834972708
179630,574443.4957441445
7252,358639.11916608317
20036,357492.0847682101
59665,436461.26309594535
49560,253657.41082632658
106052,720392.5205356041
185967,828314.2203103933
100388,658410.3266007851
71240,370272.84977366816
132758,366571.0495326175
126882,397152.99503834883
15798,388147.8953143907
84263,719182.8854585511
84359,394309.21283592057
142925,475977.5122009289
95769,467025.02349143394
150795,475814.26195687195
74126,871506.5508762489
49460,356886.1243118423
152031,438764.01303343143
16817,345058.8096200505
23002,311085.3810184466
14366,346442.4880756166
138290,493142.4940829796
85301,322989.50381700956
55502,605738.2355140867
117067,436435.99699921923
132226,471272.97233855486
44204,377876.65812449256
59721,365315.9488262716
82069,716264.3890329296
27519,272744.2873840923
175062,572358.0787806121
7856,449852.23229768046
50179,298113.58407541167
35488,289711.9199382379
101243,453742.5496609077
166472,509526.69437081984
122966,404057.70868915337
178520,658590.9428647911
100317,836715.0797768332
14089,339095.2802513513
62155,454017.48707472195
178392,548749.9957193675
140697,537919.2492043037
4645,238689.57367599144
85250,389674.57704275637
61570,814213.3784588325
33978,392840.3568091785
151284,510106.011830055
80160,465148.1572702698
55813,310276.04432477057
83308,572785.0056877248
85912,520422.33364906686
183338,606915.6660800792
43240,583478.5136262092
113890,434830.78232177487
25753,397446.0404761549
27223,255973.40976285326
172322,534139.7681761432
36575,336416.3478670974
110677,597458.060233996
117224,299618.36674894136
117091,495789.74139052007
12352,334260.705870189
156200,417277.15605365875
70536,783081.3755392013
14420,324458.5657817139
5078,431486.7716578912
8029,335520.28101335664
18817,328940.089590779
77262,403760.1108522076
180316,602804.8808236755
84833,444298.9641204248
152817,361946.8984230355
24970,315326.4227185941
93601,343334.63086914574
14057,386862.16515654814
126761,393472.4981137192
96728,720112.0533959094
117631,342132.64819897106
170039,458970.45558417507
94713,383700.0877766665
148814,454913.5810683865
92844,684522.4467767486
71786,479668.7192779324
36039,254794.16845446758
113287,410128.29338206834
125378,431471.0198622431
41794,325843.57551692764
84133,676233.6553510281
174089,463185.1558489315
33462,300824.4301836862
158876,443342.0578044528
90847,437787.06650148344
105617,356420.61811472976
104194,584067.5481881619
69178,591779.517640381
142381,410175.7996310104
80346,362221.964962946
76175,455980.7982134363
97660,749949.9691596695
73223,418382.37523990346
116207,361658.10933470324
32174,311224.5742655739
34776,314797.00787152234
138716,516048.2094970483
81155,453581.3095686481
35317,240886.43140224548
171331,636102.4989720568
147345,491992.8941357508
33932,318484.465804238
165578,412509.6873450767
27363,297866.07123084913
137104,399868.10133894143
68596,530530.0129981226
42156,316554.9607876633
124686,447408.01656631683
17018,263101.1939262924
164614,861313.3052133411
42960,332532.19554819155
63099,354704.47244002076
81265,446952.77836503927
112191,403321.3455819569
23090,260992.46265783673
172708,423803.73395927105
36020,318622.99419261643
90623,490257.47945373546
139777,472772.2490137285
7620,300320.89595965407
137497,538645.8011084505
38986,338067.04325225897
180763,720887.0503940937
36277,431694.0701142951
117648,415451.16444870207
23392,298454.1692531542
20979,531966.067071093
133912,380289.21326576575
155458,438601.03497054975
60863,436228.9227540194
72397,362921.6390296967
40635,305853.31077197485
17859,389258.32508239517
108232,360325.58083970787
87887,449217.6650525626
73495,433014.29612276534
91856,315348.70086972933
143143,358781.80537164817
139533,382981.20373242954
85391,466261.64162288205
74283,461323.36732730595
154589,466681.9497057021
37485,266382.25309411343
117207,305419.9104050818
180327,492566.09848148294
133489,340353.019858651
165654,769026.7434304282
75924,409851.04163335415
87618,392654.87750732596
34935,275373.0004333015
137010,743089.4976972026
49512,350197.0918684841
55734,348862.82255352003
106001,639779.6654851051
73400,397363.7459357253
6751,292789.13877342775
36165,302910.4476368754
116202,439740.81187365786
138700,447094.8959421655
124933,494335.44493829814
145766,519133.59842138755
86804,346951.10915549286
170802,645991.5995927968
130328,369464.16744087747
7773,348375.0761127274
180092,459821.5251255891
162116,435801.48203264194
46224,257190.04194913508
185784,570792.9837639399
120809,427052.2530975066
141548,424666.6266525936
41326,361556.5498657292
168633,648148.7172680651
14509,278938.680127791
7818,327944.9856972791
77833,472691.95394764934
145273,392820.4847656855
58309,281609.0500478819
55716,297459.9848826932
46442,331814.845347648
51607,710060.6344710141
38554,214613.484702142
97901,488091.85324984894
46371,349100.0265862416
153780,838531.9880391043
136919,496447.8647083736
154747,418855.11509950855
8095,290803.91354069
73891,698645.9935656178
123857,501827.9810157517
125834,632805.3712374109
15263,287758.6935560025
15924,478980.4836839301
137970,455540.6921367436
177756,759975.5099799132
51332,373016.7702478238
45570,389029.7522207756
71255,400618.8310224771
87679,437096.3768840827
168582,544908.0155717621
114496,419615.02977299097
95859,648880.5220374151
97523,506112.2538560325
25997,261499.82485243725
99528,281750.87689452944
52822,317525.9857100113
20106,343391.52281100466
47620,404042.2417831934
98864,392121.9882127587
73295,360520.26816109935
86195,416612.4843810429
45264,406208.2472198638
115902,452359.00140705437
161807,551487.8300631631
80664,386715.83397990826
78707,474733.6894016098
57065,699355.4484880866
181426,576685.8670757123
26126,460753.9655574737
99535,340772.4094376886
46446,373802.5225522274
120851,358373.85445655877
99797,368253.3478894539
53517,315201.31688366615
13175,434774.30517366144
40462,359753.49820242915
29418,223216.8405913791
149716,419472.6470395554
37690,347228.23272391746
148508,589820.5947290123
119868,346928.44168846664
112666,444931.2870350074
89794,528926.2106417771
57363,707107.0508885002
90996,443965.48283296975
133535,343780.8266392005
153642,492438.7366483175
18750,278253.407338492
72412,336623.8900378448
80518,367521.0507817579
44749,353521.6133776749
35683,360082.5631996621
82518,392917.5562788993
21196,348486.7897341127
177212,539826.0875529862
27147,371194.8506102843
48336,434862.4677711912
3856,343693.7620358381
2989,324103.4046738479
89009,407597.8254425472
91195,366207.27586298174
61262,643133.5678243804
8678,247840.1277629807
152939,593888.0742884334
73617,444377.8777495791
15370,241587.21483736014
30786,281095.9606276961
138286,442386.2421072938
16215,396306.7581608204
12978,346543.3466259781
170540,503747.6942272612
12614,379952.8483997573
41065,341702.6349440711
101716,435269.0974989253
169473,625758.153848836
155485,1149329.2924348302
124092,527260.6987975199
171158,438981.75938708626
34322,335612.8842229898
61330,427771.8006329097
160830,543590.4296172027
12371,439289.30359565356
70257,349615.16751875915
2520,345611.0641137418
118280,359647.1419289361
99672,616158.5364518892
50974,353078.58940759953
98805,357141.67792952294
76754,303561.8605256043
164921,641494.7797233983
137258,393389.950258913
77108,354459.75689887383
161941,528807.968026421
80566,465481.36883108993
3889,701557.5453174656
92444,368752.30764970765
24171,310546.0105969064
176074,582627.1582680704
179132,819069.8545816927
117881,434008.80092165555
25173,330628.36497485434
54953,394670.28257788357
142766,441232.8353940488
137513,752956.0992922415
14036,298483.74956923194
43092,360617.366008302
4835,259109.98634162985
121135,392263.41703786363
183148,662077.2710071156
39636,307669.80814528937
110847,395539.9013829166
157441,473587.7535527333
84260,843497.8062577378
144552,763402.7240160435
1453,249247.1187925666
169337,591364.2441349044
126153,452499.82502600347
69043,463577.35982831614
44980,318402.61529348115
151879,564147.8653033348
23850,405958.6830434586
169011,474495.3620520368
36054,300517.0879578797
162449,753441.6334272246
159423,490229.2273228515
180166,685561.3724089966
85655,381841.6826479398
108189,354110.1140813329
21605,416723.6010750036
102405,504565.3449034394
51557,318376.0454219519
171073,490318.32287822466
34310,329381.5615751433
141467,421350.50607031933
166489,418442.88242408854
135787,463083.33292138
77373,319435.3422218814
3985,413137.0373533992
62350,561168.455316513
81335,434790.9629893163
139715,432249.36679278914
139248,391429.3535541791
65491,399508.2249556008
105008,493563.2759660748
157783,603976.6507656141
14931,319137.7383966458
166081,830855.5291139284
68114,543773.040913889
43381,282636.61004054814
45639,349786.21728042315
100230,459154.77534566296
102209,536805.123842741
10087,354634.2197673986
23815,351524.33227419754
113212,386806.40991302376
12836,293131.60150446463
171713,459169.0613095518
121024,383164.7058251431
65705,402479.90979259857
141490,511036.0017833391
131515,490571.69151416305
144496,356308.97393428814
17985,357716.6079003938
143326,502268.94607988873
120581,447881.30036236864
21474,435223.1233706734
19726,264765.72768049955
58227,310108.36565867154
113527,491511.98073703574
42452,686772.7639534585
140076,408154.46779716783
149221,394916.89532299514
115930,495217.3486344598
159235,474733.7142447972
37674,265108.0627082988
2613,233773.56371236843
115451,525958.6102926574
13281,286260.91794927407
104358,493033.7358452986
65423,572111.2623899146
51929,307841.9809298233
54049,328731.0596886938
70397,415323.11797260423
33820,412044.4465987768
152616,941333.0984639432
127860,388886.7777911426
30345,330115.22647133586
54667,305133.05007636524
159674,472952.3173174185
122508,503285.39426005166
4461,309943.08683519106
123929,488481.2923298814
168906,454927.8185415596
173067,438973.8400053807
99661,574452.3652011547
126528,367685.3670170053
160955,723326.6468767074
122348,513460.2324735262
142553,474203.04389669886
83627,404762.67341794306
45520,419889.67145516153
49963,281779.55284279305
84980,524122.2320853196
94348,518475.4949877248
127030,470028.2192686329
65870,416689.41351379117
63524,395287.11347997934
91237,373208.68468029023
42223,286899.18794298125
21454,363212.09565507626
93272,527544.7148821162
90984,412579.4175105565
150289,556076.3249375352
160841,414044.07559338195
27429,296599.0538786484
31869,363325.0974146843
104531,561710.1125557278
59007,593213.7236877271
26112,283263.43581810367
70799,1155419.6873280387
143056,348073.01154424786
116586,415232.0498983892
62957,645136.1472357737
6844,413913.98596297926
3549,182813.24903994007
21051,381337.93109752773
25985,295395.9122227389
12964,339493.43275631487
4979,837946.9420476954
85341,465190.7765399234
126071,630382.3555736397
54414,282652.71670498134
2244,355596.7000721629
137913,439450.96803931816
73005,415416.74907787563
46809,420650.06390689686
66838,388078.6877877081
42488,339393.08348167595
47670,341833.9122557761
59361,366803.41815753444
16670,312858.2047788442
177883,568449.7262879213
143106,380921.2346058767
91657,353047.0308227986
117419,490983.481859133
127497,396178.26090254396
65218,398132.59756500926
136183,703160.8027491833
107739,389016.48751959077
178316,785733.6120166704
106672,466022.51842779934
165109,400177.391160688
163908,585515.8218714398
3803,249661.23117245315
88226,518729.96230308764
78629,517098.51245736633
56567,335881.64611354365
96101,405621.76379012095
134401,489219.2614959673
103112,435625.95636500756
143304,1018650.1438820793
11650,260957.36055243638
156337,425244.7789022988
45561,334209.05820196023
185487,643758.2554709512
107657,384341.220363478
150941,365115.0751289907
119104,515555.31613671174
4996,264534.78054963035
78804,398008.9261031267
178103,614041.0090439949
77950,423007.0740159517
54529,362503.1507620659
114995,312378.46255730325
61184,603052.2850984347
64728,413496.7025091999
47286,343464.71952271357
153214,505491.3119178851
18577,341478.62356546096
22248,289290.94864244526
97077,392489.96695862093
120250,390550.78790966386
4385,310819.1365716178
167043,507729.00828189205
41415,344374.60172888247
68771,444934.1135856308
131281,524687.9269183155
72273,357573.0065205898
150853,725704.5102639331
45843,397133.4741329248
79867,353829.7859203827
92735,475497.5378978696
100081,486789.3082254696
138670,417641.0080052756
135039,527569.8042284346
3809,350944.84060001274
104504,404556.7809716113
24475,388138.0894312598
111532,406424.72445897746
131342,468890.6671169171
82226,331447.4888197273
121698,320994.9856116618
37190,264298.39379075024
161251,443380.4878698872
118638,401047.62182774243
33342,269649.4796436766
76775,329887.4230131713
31922,283080.83678418025
138240,476214.7769190244
96954,427976.65730474325
45417,323622.5449382527
10304,384707.2174841182
58144,484927.51056292607
161750,422711.6613939918
163025,709994.7638139344
156658,728334.4159590233
47867,274956.7543701084
117601,398855.0882338729
88659,444323.5804747256
43779,418082.3956002868
106017,802962.627637327
41140,336416.2155258909
91371,350480.47278691933
125917,683676.6862143246
149962,394960.59468854126
143964,409080.46372138604
74626,420073.2033723007
150406,495574.260204453
112146,631981.7144230793
89594,352390.8605963192
76414,289493.3255502921
53424,295345.3843906599
165010,560441.0081809275
51013,341536.9061999968
125519,457187.1904741117
143881,450559.2508099386
13098,392208.05565341795
8941,390793.63068137615
109327,430414.70765868877
61811,906877.8678615012
125350,484683.450207594
153700,542162.546566119
106367,434182.77270463255
85915,617550.2127409712
104152,525386.3778470806
46891,213531.7298392186
11633,412351.22002333705
11689,281606.77923730016
9564,374449.78712516045
179532,551802.88802151
15119,297411.6197282837
73020,452348.6616613773
135978,383306.41627570766
42050,465584.052896829
13750,303095.9822573422
116422,488253.03269079444
136570,436992.67039367545
159522,611484.528101581
154998,418362.9464787711
114853,336733.3290100473
42605,316252.3729139668
40526,288174.67722800426
121328,401623.43912255694
12526,290797.25293996633
56751,541835.5498895948
61775,859954.0335637198
44531,412909.4147265258
5753,276976.65933939273
84213,703081.7620801902
111826,352223.8398124258
177083,692601.9388097973
103514,397943.05426825513
74844,396915.146243489
58728,373318.6224260111
13712,422136.11286929034
103291,394328.757212406
84353,361551.58453053026
115073,406917.78793103877
47256,364555.3300533617
163349,784994.73915032
18222,353513.0374264518
130233,437636.53998536395
130907,362185.84386946284
116548,291775.84685615386
51308,295244.4642294065
45236,387047.4367616079
48984,324111.25202583673
74060,775827.5020149683
34392,337232.18806328037
80607,389784.72365346574
131745,803404.2634255409
123440,432417.78451743274
151624,799445.233604722
120069,354267.8500242828
159257,545877.3151690252
156296,492292.28080458625
47881,361264.11253616033
174248,622718.5931768417
109498,358441.68256704125
177357,668955.1633572166
35626,314765.57151832595
55427,428446.1676165351
135996,374714.3806917177
51947,235373.38130199246
49115,342272.2784558301
141883,550433.1939721832
57453,387487.31236553635
174125,758777.3758456073
30649,290482.3503649077
86023,610000.5745234569
140197,715910.2386026646
89689,547238.413070804
182871,574493.3977414923
42053,501570.37901416817
85123,440604.67655529466
156217,480008.8705852223
91738,478808.5974367077
61650,811651.4858448907
134659,492482.3478210367
66858,322617.1119698092
128402,320364.2931820669
175668,662392.3685675245
12279,260655.16697319318
78168,481235.07184192643
11108,252493.82942729467
124316,449980.87628469046
130946,467394.1044062504
182789,537167.957354566
159756,547066.9011302064
94285,524620.7939647555
61444,1011957.2875649554
165658,797212.178815211
48462,502797.2551618487
144457,432131.81214972376
149455,444136.1633357817
72984,389997.2120379444
143777,411726.5093664864
118707,381972.160034103
72468,531905.9823486742
168194,536923.8665044158
96365,527555.0404764934
14238,318258.1350196077
168436,420086.09655503347
159189,448037.85641038395
27894,260289.63164085086
179055,731856.4918109186
182324,566033.0024323812
95122,388006.26373826875
127803,452606.98131327867
48971,296120.1704681781
142517,529465.6872966809
114250,463872.3613756223
19377,290348.2810152809
158230,489861.7522125102
6011,301483.5634930343
118060,416126.721445738
144603,511589.9442515579
21348,351113.38507458253
86592,470671.54642011144
124023,536607.4094330044
179314,623470.0680817852
136239,383768.0143685101
57227,579262.7652994146
157181,565938.3529863611
153575,496662.66843172605
19545,295426.0603244939
94076,353978.10609585646
110344,392591.30584453
89261,673953.8296014862
109644,358040.9132696581
76451,291667.44842914934
6286,314583.9598125736
120290,460926.77072977775
49001,275155.85773329256
13820,404488.41524613264
183794,541622.443362021
10099,319382.54088248
88928,374992.82023004344
64243,422160.60824240313
26551,261951.43673520602
160549,447708.43682456866
181011,772937.3229008582
33721,341667.190962835
148238,432210.8939605234
133496,474353.40452464833
146110,477435.2992464943
142522,547902.5112253715
181313,736270.5881201932
88354,493285.9667954351
179507,541141.5919076318
146356,499971.80219018646
182138,602021.412276988
7078,226205.24320865495
26327,228066.2068780396
43157,306918.3883146817
160398,807601.5385030034
109459,618293.691514793
49399,308915.67550913745
35371,266409.55725425424
62156,440688.33820525487
16340,313549.9586289947
14727,245329.75509481854
88492,672541.363869297
180391,619007.6141963289
112920,452436.1886724282
174504,593394.0163383479
2369,223830.4776288012
17790,321485.6746134445
67247,296649.96759473503
90397,488714.819159489
91641,413507.4976437059
80937,368988.71006261196
124038,516457.17702693783
24248,302844.98948816385
124604,448564.3537475356
77069,345960.49336073734
37715,285459.2496977472
159225,484890.34021456854
95976,849413.6975021868
78286,579548.2311130237
114681,376920.60617380147
136531,556867.757949794
122243,452764.8785819739
54636,395637.44015534193
130402,467407.18213572714
35264,281735.3929584917
117680,460638.0489999881
171917,832990.4956511694
88351,425182.66319372825
140942,396013.3196776947
134411,503323.010900293
17344,355572.3229149821
148564,521840.68115206197
73234,484389.99161229574
117425,432565.9473042197
56580,303132.69326130784
104322,623761.4450552127
21985,353447.4096962957
57140,266468.0341305357
148652,352067.5725501936
147393,557250.0394548365
142069,467640.58902143256
59854,456052.9574456556
116435,404377.0215390122
131449,443077.4211689931
161892,598425.2823541131
64717,439913.5832671379
131626,415682.08031575923
1295,205397.88649283425
164130,974968.0464010872
52686,543722.7351177412
27624,323910.9839137642
86489,765357.0202758093
170160,538494.759321126
142876,461041.80590363906
104729,418610.5127603683
53144,444489.51902957156
33058,278985.6878552437
23296,319721.9990130877
156449,413275.34530764184
63795,304424.8258230941
93613,380354.9317812753
91576,361841.25445866404
90370,413566.81421073206
157533,433209.0324839043
11217,349297.88036910276
53618,307957.68109838176
36769,382365.2754321939
170671,797791.3616214814
107486,355918.51599341875
51961,321841.0486772729
37231,337527.2660111397
120168,476938.71144305996
11023,471341.4302722999
85880,482010.09256462625
39434,320584.74924027437
2273,221906.1553643528
18777,345736.5309887693
7130,275805.692280415
111006,455756.2070798231
165389,431120.2545497888
48807,285059.4840118219
111956,358952.8984842714
7452,298235.6121422269
126326,352288.8200507328
71265,414781.2595783534
94935,522595.26317608665
7625,297568.90684263955
38645,272329.35874200845
91715,353896.82372815907
133218,383647.114271519
43077,346481.92343744944
90411,596705.3368687575
120601,360362.73554203066
86643,401938.47364232637
171247,405071.6254787301
58914,382455.7391534165
94069,349099.6632940389
76440,304026.888298272
45349,437485.7312898041
82265,388885.58064008865
177129,540875.226371124
78118,476233.1145274114
167664,549140.9697184837
10343,368635.2602537011
111344,385928.77316852374
151022,901055.1779245988
109799,476496.30598560773
67616,556046.0866933812
100848,460832.71342874283
96153,495965.31479469297
40132,325675.0093419137
150917,400918.2440752225
182212,543556.6927737313
132628,352318.7019104208
176508,656765.5391473785
159740,479213.3139446919
37529,280707.275206126
76203,464418.85879288544
159953,549061.1743257939
143744,404453.3819353197
182856,580821.2303129738
65957,438082.28687669453
177105,718405.2843017344
124908,429102.43779251626
135479,348135.2994171177
170155,427487.5791284763
176226,661851.0839048764
183543,499947.2931665535
49952,212161.04454669234
65832,350053.5286954553
79850,336645.8813403178
154548,676290.3177865329
145031,384077.55095385783
35979,441413.09981855087
108222,523016.1891651713
29240,292545.1692368466
86928,417775.66563436436
43868,468730.6807540216
48375,437690.4477434949
32279,295593.5189238875
167019,462004.7546587669
108716,523272.39737905737
181726,796916.7055167209
82129,859230.2731285836
101546,388438.06625825644
30938,340597.8657460011
176169,629491.2538053719
183102,746584.9605644031
104433,334405.0601089549
149616,389667.1930933572
27942,328577.90090950887
74591,390988.57013167685
180378,557045.4141952065
43264,450167.2260539837
83538,482541.804740616
90517,500744.36652576155
160920,398663.0887373084
24192,355939.0697781268
35803,327008.7482812262
126997,436159.69917265454
39060,399319.24234948325
69786,621989.9089322072
172738,597906.1021224781
185781,539308.138966131
40777,285886.8916014846
5578,312818.3464756628
134622,400656.77664286783
18530,253763.18681788945
11120,330302.9834294364
97449,428807.8761614091
151585,762079.3800680224
100790,515096.04446363857
65706,416497.1000090656
119045,739201.2435567678
153798,321235.1059481509
18457,262109.92798909114
103742,597354.2698096265
145366,430265.12373395084
35521,255538.20701352792
124027,666621.656308111
64804,333534.4372003997
184642,502234.83735321765
132402,447780.9059673728
1039,287800.8961693697
172289,567060.3455737544
100166,506777.82460489275
5669,326988.71213118057
127767,412764.7038597714
175951,521125.85586708644
68959,402812.47347858787
1760,302400.7310073151
61738,901336.9880013937
23031,329185.48263547017
88270,470500.4925195518
166058,616069.0525551987
59647,259847.4186535881
129055,617422.2207668135
70170,349411.8632075259
85049,392888.8097346906
159630,592566.0519483263
92793,477652.82966668694
14245,305936.6603513253
132037,434242.6873215252
179820,606159.2053759368
26017,294806.4791241309
38600,287029.8669703867
168777,747457.8544437148
16172,325125.2404977497
33306,371961.5237417391
54420,250254.46717397455
144959,448709.6181030361
156299,521800.37559147674
120812,441829.6495181174
141354,470068.3064489439
177100,738908.5372164651
10819,332830.9006064948
44580,414350.00098392833
99138,319242.97104684956
3344,292195.8002147408
2017,223867.78710019338
57342,457540.03545869264
179264,834306.8954446499
15347,278128.62907450437
84281,737087.5481540174
105283,408904.91497217503
37638,438734.24349258526
65470,399126.78302393586
2891,380714.6354775163
68134,528852.2758276033
126024,605184.7437503336
115159,400483.69141824363
67019,623125.8653695729
54923,510391.94157701806
94164,522951.22187488776
44548,381254.9282678689
148451,483049.49783838866
136371,412192.46031078405
10167,298909.8983936162
124826,571693.9861481609
152906,482276.0845915865
136249,389945.5640583213
167051,580206.5071327577
54754,319566.86304155464
92495,362715.58926981856
38964,328645.20844220975
150157,539415.0852003761
23994,294279.6545548473
168612,602966.9181357578
70677,888459.186713556
66213,374558.78006855363
149511,362117.6016037812
175869,543311.9371583479
13404,341165.672567967
27642,387383.05485068186
172045,634960.8335508351
114269,542167.1699981187
20496,308657.66617148905
75213,558289.743241908
30719,264340.0548718709
73927,701518.5973625695
155010,528000.4948803997
170723,653440.5082517794
17562,297822.76880199247
82907,513623.77424639364
105012,461030.171155702
36111,350226.79765476147
65402,428015.7795873099
157874,403418.1510393522
92213,440424.3163609192
39324,467648.69401617
185310,606762.4714290611
168954,429468.0512685823
172507,504297.03482720896
152216,434564.6927698327
28884,324690.1917343005
66204,767918.8077437903
18919,301435.4525821648
68801,339848.4038231377
156980,486573.885830242
162778,460445.20158688934
124756,418975.1650230936
154911,465982.87314928626
40938,306298.24945392204
37450,417573.382069116
7878,390606.98139380035
93153,412718.0861207451
49559,260220.8579456242
10327,382745.86754239793
30944,323213.2852655178
82196,322442.9600205032
135543,672273.0180437702
81738,398844.8724085726
112771,442800.9863248713
146036,801069.713020094
36266,294657.06056108925
103479,427846.1911602187
38607,295882.4699702049
5976,348458.9403069125
143659,522824.2812663411
164824,575582.5955878793
163175,466914.50239105703
131996,404897.70351457014
99311,319787.02593414305
104086,451014.72165556694
92875,378280.18090830545
96506,411221.40662237
106226,456709.6128952642
122431,582313.2387773097
101622,399447.07005884865
15476,284906.94896124507
91813,298299.24450361636
29857,382416.63241186005
21264,332212.9672065704
37996,505392.61859219684
121426,506234.6440859686
7951,273874.90209089895
53163,506768.25044884125
66272,620209.260471271
89711,371996.2047205757
70618,828654.9637886712
18127,318932.77945865504
56623,322054.4647129562
114786,450189.7151363151
51258,273775.2921601399
80833,426844.799468384
145646,627637.609483133
16528,275008.34888553276
59288,650633.5062280465
156894,461344.32548821694
75855,532028.5496883745
146034,792706.3534697855
87536,657006.8795974281
41235,298500.9088007875
159297,608203.0188734413
172172,504270.65658717405
100399,829535.9379150597
4019,304307.3393701418
100450,729943.5932524921
82489,389903.5982921155
124793,489038.56182783324
44302,295220.98615846963
144387,444487.04301589075
99170,370736.0331993146
184739,588785.3516386264
117077,547188.7439111095
99974,820434.258946629
58810,367367.62241614854
113944,380897.18640698
32852,272407.28027444286
12113,270661.8640279793
72541,508211.0733991729
20950,557614.6768767191
8774,281927.74075719906
102477,458619.6665463981
7658,315686.4316340017
87209,371635.7633141201
66944,423666.82454655354
36584,387708.8606965034
78507,753993.62631599
77271,452731.6864890841
185662,612574.9808643253
61320,398225.9409380221
136859,376423.6066910111
47534,448202.3580279681
42681,216000.92263341497
185058,670512.4758324691
119930,704347.4191149459
134660,478931.12286355044
100055,520092.17864699976
180404,635734.9412957911
147235,614076.7088630662
183777,579462.5545469879
95534,443687.00063002715
112398,401129.7285202154
28626,343750.26470569894
185020,618414.8988166112
52970,269866.51629707305
22920,303493.65200094867
166016,492786.6102970358
8874,314616.9995984371
123565,375327.03375815647
97354,400563.2574236009
130814,446808.08639245294
142936,409674.00107174093
179047,639231.0104069604
786,249841.33411167684
6404,309873.5881629805
92888,694279.1074362346
81550,419531.5976755051
145157,1010552.1634983122
172971,406609.6481767801
139648,417374.8102606768
120602,347938.63091264147
139171,377744.37231130066
90018,387617.2017621815
133173,594033.1604038305
25994,267916.0912271833
68557,457312.98592653533
126648,510513.7347153819
181307,694929.1000474974
144427,383468.5938968244
128802,419982.202938452
380,217617.24822295483
39394,325681.4054919496
156354,553210.8552190459
60920,295316.97495688254
161242,535158.8299497794
26538,308174.6442105993
112872,539345.9323988907
144565,544365.4807677927
168230,724513.0398140062
82130,883971.2105466622
174287,831811.8425325316
169829,469926.57533258817
4451,249862.91851769597
126626,583628.6368443732
82714,372590.3419034623
166778,568646.245915741
185390,726896.3265388475
34535,477468.4176902991
181149,701348.9016840635
121980,408308.6688637693
76243,354437.64346102334
64569,500486.8647397101
130446,330479.058413246
134005,401302.7098881359
105254,422136.54403362435
105022,558853.2520740841
185256,752698.4297938736
147099,514654.415008178
39982,281941.37840109173
119540,618381.472420837
178197,913332.4906533257
67622,640060.8729246109
86491,751105.5178960231
13835,273139.68176509865
40309,367849.5943419015
80994,430349.60457273014
115621,450839.96835510037
150346,413409.7184255856
44328,267068.4978473928
153332,582482.5383717299
23471,356918.4037243234
85491,747697.373428542
71734,487705.15280643804
77129,370462.2090449749
148805,485409.5397067488
105273,516298.5353226803
59996,384045.87066218443
74245,363135.3981693726
108958,484638.47479060566
5967,398387.83831934107
69415,757995.6922685269
138651,468925.3322861129
29943,287771.5586091662
149237,395009.3484839989
71242,347186.4179318311
78610,413901.7388358542
24775,332358.93135121104
67241,479433.23138415953
53712,281383.87655338214
177693,585902.3663139766
97562,342698.42944106454
64922,707564.6063492543
52209,262106.9654428047
161762,476602.3306757134
49320,620122.9370607138
172009,448960.8764508945
41373,309117.9871519221
98198,396994.1455638702
112553,456276.02829075814
127947,587647.8701690545
115626,530891.3505908038
109039,524453.7850375776
679,216299.1059002368
153227,464830.70397035574
109887,365693.66963907355
8655,242032.97768682076
58996,520037.1751612477
44861,264362.57350128586
159451,649846.0715134108
143878,458571.3604432131
25879,293143.37896087137
22370,339913.06726603094
48538,338569.24595229246
135383,554867.5888339058
43547,534965.1893060253
99762,429205.654483989
167476,605254.1976738647
69677,412322.3512461338
77283,370878.53454983525
60879,398638.3109505368
145716,486039.47345159936
102818,578803.8036098984
3464,389173.4662799458
140980,513344.0150588916
82288,479141.13633408985
44289,207826.77475928207
6159,377710.98123379773
174669,550119.8756486429
153879,503377.33032159065
102404,503111.35557066207
45804,302117.2882488657
147861,535200.4101204218
142742,450729.5966155606
182653,702702.1500923624
11166,337140.3228487212
116796,376685.57515476434
180643,567831.1917032098
30102,309176.0885363654
79086,467684.09295187227
68000,595028.2557909867
123191,368815.2104712506
166665,570902.728650428
114453,355339.67085836886
178124,593589.7500633337
37678,279515.94198824617
119845,427098.502148392
36849,286146.8602524598
150627,429686.0950861788
68850,316455.39839452144
76133,448798.8356576558
58202,362871.1716531251
36474,285492.8743376377
180318,582388.752199722
179182,885242.59021445
88975,406306.7127902927
71874,396795.1895628297
86635,345206.44045198883
39319,422051.6202668443
3981,312876.64221003564
103592,442037.4978075664
25096,342943.2300159674
50792,294587.6521628668
156267,411852.1241828876
162994,562251.3918612341
154077,443356.0032838094
144485,422903.1109687277
36697,347370.3148572978
68871,371155.6524384407
76977,405854.22167774657
122300,502613.229367777
157453,548706.0648485395
53718,252483.91004763235
100057,538315.9683782292
12522,295805.5184439488
47991,333948.90891144506
34607,320398.0227960017
185711,841510.2595318783
83136,422074.98624969483
133559,366263.8796939469
55707,445850.31415497436
137189,362391.2039561333
68206,400393.25222473417
32113,292124.96634353
6323,291468.6448661726
10996,421799.29816191085
110317,412824.7652865031
48825,245113.66794437106
156351,507898.3693799289
183433,555571.6406124922
10027,449535.2582103362
50584,352596.6634069509
10274,345094.47916870884
39275,420193.8096720417
29828,374340.2961547187
73671,482576.52574959805
89917,441808.1580883565
161578,573047.0524101045
10506,348444.332075019
148838,442215.366318092
96332,463208.42233605706
154523,620501.0789558673
6240,372447.1087475372
168769,616402.464467005
144050,715632.2454159312
103092,444389.44568595896
159616,444133.0334672928
183174,573112.1010731402
27586,302818.73350829
119200,366849.77239748754
148210,376651.5019046054
140911,392778.2221913912
109088,391250.44082335266
50991,394414.6469807591
158123,555315.9117105807
38075,759055.0373172039
106521,357053.86994016805
17836,329837.51621085673
146508,452719.79194049945
162831,802639.0978861866
165433,438744.14297079155
185521,710753.4466946874
25891,297049.460243699
107841,540806.0509870138
23186,309152.8042385441
134567,421162.458936032
53050,218439.48090457974
111896,312335.7784354157
159080,575626.360364423
177671,552168.9588331761
139781,433772.61934573576
35393,391574.37944232085
5109,231556.2221016761
136517,405751.0398897843
3548,177423.86326232468
54550,370897.56981293124
172377,849610.6935056517
110543,385837.61322852457
166201,423838.59853955876
73305,468554.7517006935
141297,702412.6315748169
3405,380408.04811818956
170274,539221.6941952193
13800,298369.757431758
169165,607145.1115367165
65517,639922.0615362413
121389,419310.35128334933
127678,484121.53490098956
154559,505376.24480378686
26402,208878.18076497482
12866,359584.88622311497
54891,298097.865233068
99468,333300.3034011973
46190,491824.31666387443
123937,475211.54621140007
93757,566483.3732039027
86446,683925.7985379156
176445,691348.2045613516
148166,395727.940752195
161888,643380.0876827107
114729,456956.3752490544
117794,733053.3241540676
85180,393950.7919739874
168268,539557.2210697709
71606,431236.7476733561
41447,363614.7053219131
110225,333493.181652795
37685,337244.86128458683
90001,434494.7642697907
30142,326598.07040147076
156820,451448.7680410981
55645,427596.4452276916
16038,419433.351962893
181961,567949.5774357622
104030,446429.6791731168
52291,351370.57389999856
170120,425312.85817921045
139290,316971.76314174116
102682,490882.7720252462
3932,261921.05323761687
18925,284266.1735743604
16002,321090.8306533184
125739,410042.4552415583
15340,286699.7215713509
36074,352377.45023949794
163327,466636.54115661926
173159,597141.3355917302
67095,672246.6141612169
113015,448813.9013582907
117227,334468.8290742703
50095,364281.9594152319
2279,326524.6938643054
24050,259324.86869340914
167972,463172.45550611516
8701,265904.33345062245
114548,329928.23564667767
35132,336636.7464610513
93181,425957.24720412144
110196,399697.69418035366
70703,988327.7446455804
51764,313812.32755229884
174798,778214.4882138774
135276,387042.0951561426
70642,847571.8695572582
109895,452056.6958940722
168145,511428.6108817854
23834,307897.40853301605
165841,461034.188756277
177848,570199.767569142
76192,484089.7286300156
48788,300979.81042946957
183043,701260.843944256
74811,424593.71258054004
103920,559199.0133086158
176527,759624.958243598
94038,447140.41650659754
177020,703351.1546479429
150426,429585.49548359716
116514,408540.7720049956
78230,544084.064149428
5142,230873.28045251893
75536,418731.89308782783
13910,359525.5204409306
123264,421668.06609498936
30629,337557.30847455724
165519,416363.6146449386
33641,329055.04634323117
48578,420636.1922222381
160183,457142.1424707892
8497,327775.76955348556
148246,572593.7466855139
407,210132.67893604125
12338,285813.09452826605
184052,849047.4255975708
40106,398675.25770832074
122225,311952.2133837793
162927,430935.9981801058
45870,263777.26764094643
180610,482435.35814104695
31611,388567.0883930354
84703,399903.55196897883
16650,327073.88185979985
122992,456864.50178211485
4416,346837.83005123865
135981,381791.6992998641
85586,398066.42474008526
133749,479418.21107428573
52271,330144.5079460569
145263,322324.1085302015
56695,357546.7372752308
151505,343457.57402850856
173821,476695.5771570946
85070,299077.69115544413
2529,219378.72731495774
15972,449253.6406542134
4405,312013.33822132257
115252,458109.76893835596
38344,279396.82417687005
61374,430570.59944341576
40884,325997.7791423716
129564,564835.324999788
184500,729259.9948860239
31911,357938.37019571697
114384,516168.5319050485
175174,659090.0938593043
94948,400786.8934840125
130605,452419.75917384145
146479,515674.95376376587
4772,322279.46955993224
52010,386585.72160092497
151987,326884.3682696907
84116,516413.0355816246
50807,267565.871644742
116197,427959.39019266097
119063,453487.5675799604
6115,374325.88848557643
153490,590504.0613846981
185170,639785.8982877382
17855,437899.2018422164
111619,482265.5349391309
144007,467803.35044977954
165272,535555.8941353532
12593,302447.9080754108
179429,547427.0354450273
63871,309289.975284221
122611,588925.6341013261
130512,387657.61091873364
182992,666785.2498394232
160987,504041.1142526675
145469,403117.2705643921
78435,532337.1457680382
146383,502368.7898970848
37006,308138.4766131171
15320,350276.2567265305
159336,475214.7934683318
82824,357331.2792381764
88962,441361.9498358195
140956,416975.9899441253
110830,523212.3566321422
31039,375004.0973245673
174425,580649.7119113529
11904,270817.1681979225
153755,431491.16778408515
83672,436854.2115594113
170338,547917.7557080272
159441,549273.8147459715
38559,208963.28055288058
153425,364762.32521966944
45356,295428.3110811621
124079,847716.6661159599
46892,213531.7298392186
155099,518400.63361403916
863,291976.27025782876
24590,242386.92623345062
120823,456964.35743634694
42763,205924.64370050892
17197,280478.8741942644
104852,346125.6863867217
14870,344359.9624232909
3943,331018.280390568
60576,285507.946638347
24605,314445.5610538019
68087,471721.1094840311
119774,412117.30603534426
21079,329093.67916617385
70830,398401.6201112531
176892,552677.145116474
92562,413979.7683078974
63868,309274.91142854106
120898,578407.6748850663
66882,379959.40203466144
106701,454093.3741069002
128025,849916.993979424
183631,532280.6283449254
74246,346785.28008046094
58578,663534.2442173652
160351,460583.8272906953
73765,488160.3004488936
107417,446038.46940290416
146884,446925.73748088744
87593,361998.23946123366
155232,395771.0377209598
33752,348034.7830117373
102706,462753.8084929716
123167,348460.97982706805
41574,288688.32804411417
128815,511810.3007372376
129883,367931.80686828407
177719,665130.8769879381
73007,468597.0409456953
34220,354459.52879981283
150294,613998.6241641464
65163,325549.853953731
45760,252204.35966258944
65057,394749.65081517084
139277,425570.3601977943
36985,324261.9638526334
151823,416493.36222618073
153488,476510.5968269929
45592,296077.38666093285
55449,833323.087433611
95244,362586.5055790483
121453,382795.2028488088
178356,562522.6169249014
72789,556629.8694701685
35044,313264.15460168855
147493,390292.87455243384
20808,334079.0205833963
175158,590599.7670452174
15144,287586.03384882887
28266,520966.4598819918
17691,267559.2635194321
84155,642896.9559706049
49520,316584.2197762212
156485,635808.2459500695
93823,717421.5098472555
167254,773143.723405344
124629,633529.3691180812
123250,312882.359214905
74437,414625.0958096262
147491,387822.74612099526
152462,378006.4155394621
41625,329228.3541756921
4897,221225.19762917986
139124,749361.6869261968
16974,299886.14073842915
153009,347411.6521071371
38371,243238.9492060996
167843,827687.4694771116
37391,779514.6259501979
174353,626587.3671596026
15981,266605.2949846377
100440,647401.091546092
161460,594352.8533449657
113209,400689.4460906554
47236,289133.9380879238
141312,694834.6694737142
109907,403042.8859519777
88128,509043.5431722624
77956,382768.28209165705
137757,349211.74862473836
105149,428031.44678412867
102460,417018.3996374594
109147,567969.5404630989
94632,843621.5285740395
13123,438745.32021863555
52557,287582.211051437
100134,531467.6057496937
157600,640121.3943822045
150242,417266.38330834726
143301,873810.7539593163
125900,691312.4718104136
1437,308912.0931452801
75429,536711.9984349569
122093,311763.1536070308
1723,458366.30689255195
51451,255259.34248322377
165000,529549.0406281578
61143,344729.44254829816
35323,345664.80548269075
70374,356929.54047265067
35883,292539.2849044863
18416,410973.8438331123
68100,372689.95610084996
4040,347084.41995471145
41007,290868.78222620126
136415,443360.0626580132
24094,277255.7504347494
16246,273768.5978212718
22864,445342.78845309315
122453,390608.69402193965
172094,637734.4483475378
165139,614182.4139299021
143728,487634.98150566977
11127,296215.56566108076
116828,576253.6394216109
166631,570092.9681091734
79857,421540.7998468352
105359,394839.3238804024
83907,423287.6249473944
164004,641214.4730265628
105701,531226.9563186215
56890,577156.261492665
137263,476151.638533882
84978,523658.9994924065
180701,693026.1223115304
87509,670945.532427414
38563,198919.06792648253
90844,425669.41372731864
136149,492889.73447673954
86816,396805.1925964008
89454,341995.98284843593
156349,387966.4539361601
55970,292507.76830492757
102091,409131.82550904364
118798,379564.7619567317
182798,515253.30356601713
162911,450460.2140262971
136773,518747.3503102747
10212,319078.58321498305
70372,334413.9393189642
102721,588184.6728756687
30287,292562.4744079071
121199,426322.3450921835
49048,326835.07807182416
112095,505370.7155027181
150212,425249.0102748316
120247,418199.10516721744
120803,390002.2145253895
90784,455981.7949100202
130597,457454.65998360346
40981,348081.42982230464
13482,401491.74084252614
56466,312543.11365794955
91514,334631.9715459421
65750,690392.9451056193
185723,679929.3607904793
13570,607996.791340494
106024,628351.174217242
37033,388342.3924724107
26180,378303.87546067615
114799,427899.8404541039
118371,404451.39213799685
165463,436475.25660427014
137571,563161.0229591036
82354,427615.12894557026
59508,578214.0700857011
2281,315274.6468431157
79720,850546.4044365414
60417,401025.7212769929
55422,371501.90394027974
73988,733593.3480212064
77895,481365.41115077655
61754,753479.1962277077
48416,314166.2912972476
165964,427223.1560847068
89352,366603.71267933515
120891,404945.24019468785
113457,610561.3862435209
154656,399682.1836003324
389,272809.01008335286
183408,560859.1932862162
27939,305737.1494762212
41084,320214.58989220904
138245,512341.43543849816
65646,494660.5202940055
25187,310564.586528107
143247,771830.7673657188
127906,573813.4045198543
61113,460017.0166292832
184336,818985.9535768258
53201,500957.76093072747
185431,727588.1599244393
118674,371086.2862225147
70067,747700.57535037
151665,442307.45799905236
105139,444655.1936131518
185518,754759.5796977608
149729,542880.7946793638
80983,460727.1003117004
20763,293886.2939022483
152667,428631.4223463428
83923,462697.0516744256
39790,276780.7715029288
121731,624537.421691425
15319,304903.2961242445
97378,483244.38156452304
70702,946929.1665381547
4238,534230.4488557476
11914,348718.60986629385
51079,324837.7514283232
126760,303072.2473898651
88818,454686.7896205737
119472,498197.6895759773
102020,336215.6721462655
103617,514677.33931702515
154371,470277.2151027809
5952,281140.376116525
42723,272462.5243068335
132199,388588.7736576713
150195,465433.3561248836
10731,246222.60260517697
183187,778886.3705298272
17173,386511.4956029012
153767,708866.263274946
47004,279423.1520542518
79531,557385.1453925523
94126,356653.0815544806
146599,556033.7002409545
8005,302480.9044685503
60019,382301.4375782518
154309,588500.3907643822
45891,283267.9500245837
52627,469469.9362517041
88623,416560.8797194406
117673,420779.45612203295
80864,370087.08401736023
59207,444441.0467704704
139649,426082.16141013574
122954,393633.455939758
59100,393805.93725947343
28407,622969.9191247751
11785,409502.4300120771
59241,333858.7992949216
149828,588235.6268157637
139197,316963.2649089723
55306,313284.3954599969
86069,511134.35648025264
73517,467387.9109781241
6010,279173.5224703644
182045,707944.6306513619
178657,560861.8202427097
157542,485341.640686677
134284,553792.7743703977
58567,629609.5470394721
99854,554569.0050407071
148883,386950.55566897185
137456,467360.5526473959
157556,431947.8402763864
161009,462204.3434729205
142928,522122.1694655742
168950,410055.03275350004
55851,431387.9373043006
179790,620437.7976994064
51403,342205.90419718495
114851,345113.00273094204
34384,316721.8692149239
82551,488767.7420143461
163422,444577.6252781999
16764,340848.422163083
76605,292736.40964064625
1576,205815.89269216562
172616,443387.4091563382
27924,361283.2576237859
35642,359871.67614830384
65945,799812.6318245465
90794,521117.70508409914
161186,420925.5602088069
176288,963934.1336410316
155503,669019.4215781316
2070,193245.2224870952
85991,649594.993522484
85587,385816.2050426012
26055,342620.8814887793
23567,335584.65052404895
170748,337121.5743370481
120697,401699.4083365616
171509,536196.075223878
136403,443559.1484870851
65472,414063.0243425865
176640,530612.7092295926
100877,331593.01970931655
123372,649784.1767179061
72592,393175.17779257277
75467,577836.7765056682
131077,475985.2798752147
18636,290530.0196966122
34878,374537.3797400646
182050,649237.2310612153
81713,423547.9548723878
88114,359333.84570663364
183680,719485.3464215423
119769,408024.8077861612
2538,212220.08879480828
162408,410712.21519358293
124059,568449.6777680919
68262,337672.93179486936
97387,411086.02435441664
173969,643626.2740339107
132639,356431.8236534503
180226,651252.6538437417
29532,317630.00887905253
149613,710285.7250625987
168898,524043.689110454
74432,359895.3085328012
115266,460042.8263283458
44673,268526.5570001543
94891,354555.9639834101
160571,489918.01638218196
21954,293869.4834159671
115718,808570.2585962563
110118,366277.5669213062
136150,520209.4545904211
63560,449996.57078302547
173706,476725.123299269
106255,633376.228543432
96375,394789.98898336804
166870,437806.79376310774
58418,349750.86853392166
59134,263650.3997287907
138395,393066.75326083973
35298,379870.7160155647
174316,852271.170927685
66938,427109.7874829165
99056,379239.90321189526
143876,398338.6246118475
135497,358934.2619121538
109343,393210.5195369862
57683,363043.19223308924
88991,416948.91944101825
114924,448949.3724204053
5769,320284.5980173861
110078,460843.0878403784
100453,743052.1740926811
56889,611838.7472513494
128581,506670.7976056263
3034,426544.33903149306
39136,494429.9301449774
44114,270866.80191895016
108845,391357.9625760961
85984,686020.1402049392
117729,688587.9547216665
121822,437349.0829393732
91689,380000.5729298095
123308,399367.34794929775
9898,304698.0054460574
131117,351546.8053426615
25353,309207.56314477476
133190,436368.383253361
11833,318364.60970421304
98962,445863.49519303266
59557,294489.7476451651
42130,326109.84710396384
48954,372762.66371182655
106725,486837.56931428955
97257,561968.8186530902
73560,384198.7538053292
120248,412811.8395657082
151457,477686.5329662932
133840,400108.3092723305
137185,382088.7157927749
46208,325622.0056192692
11445,367626.39435708674
55209,440249.4136471267
56820,430683.50898810936
38146,283797.00837152195
132901,366768.3669363189
181568,554197.1415248753
70603,1166155.875200721
114794,353662.3178120592
13355,338678.81296199874
99336,315710.36339189747
62060,630955.286583949
145014,374184.99598783674
111582,471459.0390293505
185312,564342.3830731611
150339,404736.6868693622
106133,423209.1068870787
89232,807558.203616979
20226,244058.7997809982
114741,382693.90606484504
182822,689649.6109855594
120044,566494.5596929633
43809,509545.71144497435
125107,455197.4865517317
179467,580137.8641531542
42015,427317.50233722234
105898,579243.0684210807
23155,375374.06316270074
177458,471557.15511734626
26620,291157.0514932483
125077,436268.84357904166
149651,418053.35789764934
35069,291488.6267571271
11548,301700.1265018359
112373,471758.67116267886
10818,291898.42335798993
145194,437993.3209514309
3854,281309.68031489506
93782,651172.0337802719
128716,792130.063168457
82363,365441.02928678907
18752,315029.03156204376
116930,475161.216453643
133517,439914.54765565356
53143,444489.51902957156
60962,371633.7350631034
1537,260488.8754490081
115099,463279.22906545294
42045,433205.2970408381
143194,465698.51395460113
77026,430800.84464856546
67736,410789.63619162684
107682,395929.9401054939
82319,446903.21067445615
112686,420427.1499734133
6950,409564.5215210301
33567,281055.59379491245
8426,365411.06790906703
51028,325053.4102428077
89081,432557.0405665155
140145,455564.1229508257
13077,351627.5579504481
88035,362218.55248598236
78386,664552.0440899844
131499,375256.8487943271
48896,372601.37483917456
69286,589437.0283624441
99433,451359.525657201
185108,526488.5579065222
149899,378910.9444488434
27046,273355.9980318862
31282,354593.6530537803
52435,333519.8720034748
162636,431290.31376338657
71766,469208.8475334808
65097,413657.27330872323
155266,450789.46863467555
185888,657290.5371088337
170825,663384.9559704283
100423,809418.5307445705
60153,387441.09070226207
24351,436704.76148369105
89437,346466.4215583163
130653,376987.2690562208
20843,383874.004750379
157924,458643.41576460755
11232,306879.7163927727
37418,418982.1393118304
64279,365018.6392810644
60584,267805.07131534565
97088,347788.4789566574
75359,577367.31743523
83772,528291.2883969065
97090,368040.55705535517
46161,315717.8091293877
121663,509908.1001203425
4205,249351.21284508426
109941,349507.2216378152
35386,355457.2230895327
156661,750986.8882155931
123560,418100.32880869927
48951,337869.3157389701
23965,286728.97061225364
156828,494039.5943411493
129238,417397.83469356963
39508,340042.86074986786
160038,532529.1183794395
112985,517107.2681686623
147834,422637.6895858471
43028,301157.74780343205
47047,379725.01324321586
136653,509678.8837707018
156996,397560.84249031555
70108,321834.31917453336
173848,475988.537514489
35168,365960.69582934515
89669,410495.7456174188
60867,383723.9324937495
173525,483970.2000820472
183607,638057.642578392
63608,422686.5491932727
158580,464894.27087929077
120972,792149.9390228058
75636,435796.0879912287
155678,416493.91358809156
102159,484906.71952038293
43158,306918.3883146817
82893,330537.3898153299
74610,520141.42215585837
40140,312206.8583469212
116644,323724.87458663183
92747,511459.72404974827
54363,428169.5456820369
145381,507629.34583222016
33524,278100.9058823516
9617,347864.81488081685
116372,562823.9250321756
97285,372062.565834303
34633,406554.7736081616
148708,520646.8125496338
74068,761193.3523436621
173830,573010.3424354449
7894,290717.0827571434
103418,440648.21857662546
108249,373512.87562916114
142195,473545.2871385492
109457,672900.6107751494
131502,375897.80789111194
106216,449432.1617420239
24314,330648.6165183856
176045,560349.2276986049
6838,292411.9385281514
151314,579536.5830710698
39614,227496.2453134563
105165,316292.46072676114
3950,441924.870104493
84840,399107.3645489813
119142,558185.9297614323
49879,284340.97312574787
59024,647740.4551551889
2397,331299.46361499466
42677,200866.54548500988
125932,564516.243652893
138909,493866.6836470079
12538,332755.1433929949
57056,492323.30354832864
172484,505287.9056474923
26693,264019.78074721823
88899,420448.1006635206
72586,446190.0335891589
126813,370820.01913624647
28811,476868.3001495841
16389,251997.38409286336
139667,446438.33178903605
68829,441145.76413816446
126132,590188.7840115761
45854,891073.6777251795
50501,333471.5592131015
124277,395880.3376035582
80177,465362.26341470395
14998,289732.8294584174
169354,529238.5024722663
113759,395928.02107122703
33117,327352.51295644295
15883,361957.14013445366
89206,684426.0214887864
97635,603400.7222248685
58533,301359.0486847591
156204,522722.5449421907
41850,722063.4044065336
122019,443286.4236589394
5611,264292.4748132485
92136,400818.38176814804
90673,434636.46327481314
62277,415836.3807676068
77923,338065.9418078909
162302,535171.422401144
6594,354079.42872053524
24693,267417.58678944403
38385,309652.7786335378
116237,408590.08877817256
62271,263221.1833371683
14001,326301.32557171467
1567,244741.8797895321
61568,797760.7849580831
151091,375139.16853087855
16492,258262.41916178062
12128,315103.6666423968
184854,705772.9044803693
5048,309030.5711242174
171148,547535.8794004743
36943,401477.6487055193
130223,466757.5299856239
141747,523097.56168439635
120919,758440.425925377
162746,429868.5725807904
132729,483657.0701441475
57706,248232.80865998688
103531,345872.31093919044
135376,583530.2904248331
28483,327606.2851204615
159949,501822.84188723005
117975,432082.8003245819
6968,323417.9691632497
116258,500311.57258817495
15522,331220.65348676895
100319,816835.5840948
55752,450194.90399978345
10104,297242.9147195829
81581,457347.8355573047
17634,324341.4120899886
48493,428078.42946874315
75803,371466.461519919
179092,690438.6187040481
149557,444808.48536575865
110723,346873.2392230867
54531,392669.83621292224
14388,336787.7978936102
92841,650237.6254886793
117527,347418.226958078
94708,363697.91415591724
90978,397332.91821588745
39034,376938.42108954367
63771,322073.2180643294
119862,378921.52086489985
140307,522228.0700719198
173055,510179.0657741571
60312,297386.2193129001
140948,397402.9495564293
68665,385315.595192075
53273,328637.020304845
73695,424752.24665309914
39732,319047.93562943913
108381,430182.1808695741
28833,310945.5561511609
4652,262315.5201100085
12326,313042.13602619537
58295,333485.03058725153
54735,245979.79610191268
55781,362861.9114571231
185759,851923.2279884567
141955,429118.7136596986
50027,371121.41709650645
137553,515950.0586911854
158843,459928.8572873905
76408,313317.4674564702
101394,522011.3566926786
127046,386796.87698496133
170057,512647.66007825057
163871,431062.60341245926
80499,361557.99950638413
100252,518702.75379637175
46520,336248.9540765238
80968,359204.01720829064
22783,340332.29763503204
119958,420590.59073429456
95692,507396.53876966576
59418,269069.7094762175
115062,283966.52219814877
154587,473507.859468843
71698,428002.0457562643
170344,575004.8106068098
88585,397963.00434679334
145392,427866.3933700244
180979,650564.208097231
74716,421369.18080558383
64070,252746.69283014612
166071,826694.2386808519
165848,431291.019591499
185782,514998.8765784344
134557,446527.2329932129
29789,405319.7116071366
148195,549336.3632608654
10467,320180.82578903215
51642,383975.93861212215
178810,734791.844869195
162477,531894.412188892
44481,410015.63888893917
18944,284657.1263315753
42036,417316.28380403493
106197,397635.42658875434
8706,269325.09173340286
93484,739396.6141452738
78193,603941.2669834312
70753,934272.8767132128
175868,557909.1563937883
143981,495568.4386274613
41404,319584.9643355375
36015,299571.6059924563
135516,467254.97738850187
108910,421146.2034876484
144886,538392.151753514
120965,730679.3756665132
92906,463272.71851324715
10308,390018.74669596576
147357,483111.5468913041
125835,677663.0490351666
96597,782059.769720291
55714,321627.9810097184
43445,664025.4694056427
18885,418585.45165936765
24460,409001.1554506886
135636,312460.9799262442
65425,535459.0019841085
80035,349356.9145914725
757,246799.58944554877
55794,242713.02939632486
75583,671438.920100734
140803,415978.1197189073
127464,916099.3315820318
147427,741134.6570942132
76745,342957.1448867891
81873,513597.7449275182
60088,645890.9802461608
118077,376824.68657630327
133032,536914.5920337419
39353,411821.7926561222
6924,297113.4462971238
177790,909056.7152290808
14460,337753.78394889785
135018,613743.5032798959
25086,286231.462326859
151866,394119.86716117687
14091,343521.24171019974
41468,283457.73141950666
23780,384672.9776979071
163943,550402.6914601675
39954,257215.58039930323
91298,281033.6705291997
133022,477157.7299167332
112905,364235.02249370946
3031,392044.4817386967
108858,479324.4182161176
182918,615032.307448414
75250,490928.18567330687
15001,300068.31913551316
149777,313930.6527062376
129443,377464.4690780839
141931,402573.2784679362
87580,487159.18237611256
167133,834283.927741885
169711,456390.81552845973
124770,495542.7450422938
125309,313375.94451976154
51851,308321.9181309263
2348,292119.84401420417
34073,484344.4087544147
168660,715049.4613831951
62854,325498.55662007455
149232,459707.9655115261
140562,398536.24477633496
67157,323651.9563917739
17827,389101.809803369
114840,433955.58249055775
172309,839423.4603645713
107561,357486.59344701853
30543,330903.8248041872
120787,489122.8351336544
143533,380491.6064582494
162152,437833.02193950047
37727,269741.41625387355
11635,309057.92479738354
66434,382287.35587222164
48553,326652.5432580397
128970,491967.4143886398
115565,344011.85552465694
140365,457096.23400562553
174671,519785.5885931957
48780,275338.69033737044
79106,576778.9155156342
45706,456176.350614897
135239,453232.4489731355
115815,412452.15949874395
153519,601440.0856325564
158283,468256.6946175522
6225,263142.46558239334
87176,328154.50147246
180752,664469.1615663148
151522,291945.1568930137
69449,427519.5509591268
12502,317845.2805593085
89191,478955.1640350482
125287,362166.4185519811
17304,305882.9991903266
30165,286215.0306794018
17058,366832.09973778314
20663,354186.781985242
109423,462316.52115956397
183758,715906.263012119
98698,416834.8895260991
141522,435172.76148449635
41242,323416.8184244789
178038,689484.9160277266
166648,597556.4894990078
120887,476720.27141321305
26966,342089.13731002354
12628,325749.5718192775
135087,299583.86753138003
95146,539628.9078142925
174928,615918.6486077649
82043,409436.3218569176
139309,387661.3571911504
48112,321554.0633462825
145389,336653.6941627151
2330,260921.99357207926
49804,308616.91553337546
20406,229232.5488942766
42151,277262.3065650181
69480,371508.42328906927
23160,307643.8652986188
26454,250683.11723320174
128761,595004.0127981049
144239,959325.0300618862
126088,758890.9964304676
23456,264735.43879342894
147516,383455.93318868557
141556,393281.57275046996
117149,482574.95761430095
136679,443541.0811136698
143219,424821.85758332367
162607,514321.17178444506
92982,301366.4068038089
36666,323578.4421585288
94173,421004.5302312582
79979,363539.86579937977
132543,303622.8981324836
59606,380383.62787906127
70517,666803.6242926689
47091,487728.4398691534
94677,673687.601406358
85329,376660.0228763353
64360,359648.2152102936
160420,472218.98166110343
140304,553133.9823804526
172954,622994.2795222838
11743,337255.26818537747
114247,550155.2393264654
32808,339255.4124787959
123342,578256.6640485298
122387,456645.99260666384
26683,590892.1250864551
102950,351231.8008762137
95830,478245.58641757036
83132,433726.80917275336
38337,276364.6263180699
140743,580313.1323214521
32512,267675.2063729481
122599,693827.4032605123
112692,431556.5580416754
21383,293627.27720073273
21297,328919.5474781918
46777,396739.6074290526
73057,443647.98754318175
44704,474816.6645726252
85546,689214.3869720562
22898,331591.2423113251
48797,339932.89325749304
124183,374477.07927490317
17694,259007.98153984855
123128,659173.351045934
49066,428353.7895311594
13485,435123.91476349434
18646,331786.01250741753
106303,316541.12022853806
35390,367430.190900806
122473,385009.12649639556
170759,427124.73662257055
62306,416258.3660446905
35538,279921.7097514257
63498,383864.5723640061
170330,552689.5056121381
98863,366927.1492156558
58938,634621.9904922628
106681,447515.8847217117
155115,620136.6587022139
17785,358110.89123362396
146081,436541.6572328982
57607,961372.3907074683
71097,322471.9224213484
159696,519069.9542359039
22632,218863.30452185826
141299,670197.9722237382
160208,468301.8598174129
172371,722319.4059920006
116818,576188.7412935685
34768,583407.9810710999
49076,271138.6786896244
155430,581335.118416641
20501,408659.7166764261
55868,281481.4853300733
129928,491632.3590040166
39224,342354.9435698851
154624,476264.6958941344
61781,966651.017924605
31249,368495.3532361953
17040,440830.4540972315
35963,302466.124356456
180784,575923.5579496549
34727,322742.4030996786
143470,358849.30317737337
183976,557435.3479328299
23846,336667.13107833697
119386,377282.0163947992
115579,434783.3821328677
139728,399778.58544863877
80206,518128.85443718435
8611,323919.8559493566
54214,294726.74336053396
73141,491100.30921795766
690,282732.32872574846
126244,463871.0642894076
127754,443291.38818791875
89333,405448.6176302113
109703,396805.5247852516
7721,287269.251435998
41833,534321.5878102655
67293,312012.86307528353
53559,312250.2837616625
184968,553989.0632168364
81858,402712.4766524285
23985,307732.857729638
2531,218506.51912891792
14703,314933.0619208944
70654,977816.2675362627
54700,279097.1846210484
167463,492197.56209765386
123163,446416.70875046134
14522,242166.19127650818
132870,320182.9642633272
78370,940171.145375784
19284,406806.8096920962
55641,438010.4283435488
8410,307843.0051900154
47728,353876.2997888028
174934,643189.5015896955
36564,288733.8797623511
10425,342730.95238551724
171874,602539.1548422455
70271,627675.9279345257
18553,394755.69573734194
139490,321442.8199170484
142955,419031.55097320897
51587,509729.2337198704
185419,599881.1504570426
95587,443118.62704356085
41295,316659.8774384063
156130,360445.41223684157
127108,521506.1769326942
128230,326500.01704686554
113041,449542.73575199716
87214,479409.70396497176
128090,298199.9149241429
54861,330787.1709059121
124982,525456.4286562607
32927,386367.0507361491
6370,263203.8616176659
31493,327889.0909923294
39851,261011.39836984046
168290,648528.1694003528
163389,534741.1195024084
173333,880819.557790255
182842,614935.7906761758
162403,511953.116798372
162906,428699.3946158157
4370,315384.85357194487
99824,585990.5048754271
122276,422329.94634836004
115627,450444.1822008728
100926,361352.89130946493
124231,403050.55927121325
8122,367107.9482266196
69907,825761.0055045714
135366,472986.8857148684
31141,298746.19415089395
152814,366423.47702806984
108186,373713.0529683356
17263,265001.524806599
16361,358215.9474005827
17469,295009.164344482
13997,305982.4715222478
85116,308511.65015922696
52002,359049.52404328075
8580,433528.1260721235
64409,731515.0634783508
124462,927803.1877619842
13072,338124.48837326246
65226,335754.34905882814
76619,329900.9789144453
74980,387132.1991896028
54150,280708.29819050775
11433,343277.62491590076
41386,273684.9099116493
57134,302198.57502955396
21320,316896.7769845646
138377,410261.9883531316
134000,346627.4736615034
136314,447798.7021681732
132658,447611.07322196895
148504,523522.6388698369
113805,490515.8905768915
71799,561600.219342749
32066,369784.309517865
121220,431608.22258447995
150491,403297.2877017902
101987,322278.70273764146
163498,416807.9678240646
122615,499179.271302078
61283,310034.80593252485
135201,386983.3318541629
133787,459819.7998334761
109922,332147.1778251518
51170,275895.72931071563
157859,464420.88918597216
94585,358876.3188901081
101844,382394.0336796521
173185,776644.635729422
131777,401588.5017810621
109162,549284.6499704248
103942,450073.15182297025
43501,449837.1875059523
75240,536367.372190724
110336,453148.403585737
118299,417481.8827316188
166359,551429.1116198245
120457,463885.8823949476
3094,406169.2274134526
155293,563986.8151931457
10951,272364.8801833412
121200,457057.3897217945
143054,348333.3993160076
97372,422564.8343227663
59141,246114.68072508433
61052,316659.4147725071
40404,434396.98070460476
49032,333887.5653970075
32575,247701.97414740332
125229,361954.61764041363
97333,381219.2584611671
4580,245393.5308697971
105966,489143.9396649103
140255,466756.8918945864
43504,338464.57189929264
54261,365382.15470807336
65456,301669.07153058203
170191,377564.0877160684
23980,345106.1017952602
98610,340952.85181959916
12642,325658.2253769399
1282,171394.5323238804
42912,313871.0437055766
109512,352326.8740348036
36262,330692.7783345326
54222,264067.6728163598
165133,698870.1870384286
117970,419926.2874537384
22526,276123.0865389238
32248,415573.81772412383
105368,514496.4673529391
22934,400363.63112419925
128556,435003.74155467644
134274,395610.2144611149
48960,417080.916030047
72512,494464.4493908053
77648,384897.26256281947
174251,619356.0085885798
182787,587047.7873949569
79221,411411.0256278347
154171,357215.14130568993
181466,633075.1726170373
87245,379343.9802821954
93102,431715.38946496265
217,400186.1213470731
83879,431966.4103313891
4817,221852.12589499654
5685,321690.3327982372
160664,427638.8820776837
123684,391101.51198186347
126264,552081.2872108247
127201,378897.33587685355
145933,721267.8171058283
16588,383358.3881989345
83630,488510.6983983407
49795,286722.8417361136
46883,209368.58247606352
119346,301827.44872582355
129519,412830.1131122859
129528,490582.2818265399
108824,412986.98815865
70038,734107.3729152468
120369,485740.75033754384
91631,443904.166190825
166272,510007.76052945654
84755,381258.11988247314
90451,563872.6551250764
18202,327192.1183454865
114005,493433.4366624856
143614,532373.0626969101
96412,548544.3119782469
99745,384563.2151511598
142779,400186.8123798699
181274,626674.9403926965
74993,402491.78188751626
74646,363191.306325498
35363,314934.323121893
133592,454438.5152136284
154884,398495.176493859
139442,360918.767047529
3458,318113.41153027175
162355,595882.066059421
6417,430062.9709827231
52841,446073.83250903117
72474,435228.1904707304
164641,829387.0080724198
172368,857141.091695836
73442,422704.58406296605
7897,296223.6362583192
143503,385440.8813071352
153824,384279.96272911655
26384,287913.482875136
52564,274618.21132543054
97261,378674.54025675816
168848,390965.69750028395
146083,439586.8462469786
150065,491274.37352219445
107354,470388.7123477086
59556,295161.97932029614
43474,438136.3997780532
32720,399876.3664337498
135382,558453.4371845529
81628,415110.66154435684
147056,422276.6052296045
182593,671997.1637984458
9883,644181.3938976864
146445,517742.35229053436
1625,322466.202142594
70542,509574.50879051187
7477,358506.76212110434
102267,506738.8659121643
180772,539451.7317557523
75658,454366.7462747047
4189,303380.25200458785
115293,385449.94215652905
165975,431703.58644793514
43160,327497.409734469
131325,459336.34479810775
65388,395305.2213261417
18201,329823.3913270188
135522,523326.77528758196
2779,358640.88754608657
107294,393703.7112123285
76005,407720.6396894525
111328,339545.6263436858
6427,295167.6038052605
109962,397883.6619051248
135768,538227.3535298392
141042,333028.50887100387
126733,353437.82250448316
61829,321418.9105740953
126664,333186.1977714243
119597,591571.2514198605
133093,493281.1100433802
121222,403761.65682609746
124198,409441.28796102887
58052,386502.457772424
24006,256575.29974673616
91396,401582.55747654196
48520,338226.8795346011
28978,425545.392851454
31698,518245.0329060642
55460,855989.903055945
88172,461945.6639075464
22328,251229.37271225997
80947,324952.4069277485
166967,596325.2285106614
138173,364050.80108545366
134965,453345.6016798
22773,326790.5462997605
134721,475322.74539859314
184039,581077.7642239055
151616,696413.3498223552
1002,268841.7054271879
157526,338345.66111667105
87064,352207.4766846074
59001,533330.0048512771
52852,643880.9893175233
66552,816116.4222610068
116609,365010.49467445526
42238,497334.9858975615
22918,320175.76657244156
104313,459969.6642081271
59364,422148.49937849445
95083,433875.68609247217
123389,500353.2515298277
143467,364753.28017445013
125146,249871.30720389224
77773,377972.85229525465
12729,372016.4595932496
91788,307684.2045324151
59498,478568.33304550766
79553,622955.6057462028
55894,325528.2684351485
89874,446944.7249961669
133507,406276.15077723446
147804,399921.4421817765
53292,367260.631108782
31208,408627.4408942391
25462,319824.20846312825
166087,875944.4847521887
18313,412267.40431857825
45563,343995.52407243423
47037,297954.3318347993
165340,542646.1956173598
79899,349353.6790694152
2107,356594.454009871
68650,374313.9051312594
141550,403211.8045892797
57483,297499.95280981425
68149,334393.9009766482
184165,553514.4111871505
33242,298193.4837413734
82484,380223.9740722212
27349,338406.89611356176
178767,799399.9347299292
171182,553067.7599040493
6125,317370.6706625572
84386,299793.6369759839
3218,356966.4199936364
102855,605750.9314080889
154489,461080.33334654226
156166,507310.8602563896
84383,319452.47311703785
139184,297418.00590487366
154768,497077.38908037124
483,294573.94205275585
63576,700212.9448232807
85817,474808.9427133399
74550,365157.42139905645
6846,349087.0914218982
33514,308906.8362298707
1931,311162.8453454795
102915,742054.5714403775
184315,512815.7331501554
136362,451159.23276183533
184202,505078.73188360315
152459,314326.39691927197
92827,751967.4639512292
166549,540068.4499191082
107959,508994.2640157937
42159,394032.8595753042
109219,512836.4242201461
128705,808825.4246947126
109103,448368.2188631161
59039,410548.09170987265
116412,473961.5668009098
38303,317611.04677635396
122904,962057.4403028215
79799,373180.179849209
29100,324134.8704797381
124346,554325.6918070823
17474,281599.9050952446
101967,428607.6559237607
154355,497606.0584099361
46817,386957.77421531966
23256,428359.87776770454
65734,428939.4715292426
103520,442056.8488969124
7950,266593.09331951075
95779,523564.5959863846
53575,279626.46634044277
46378,407925.27573168685
91168,934414.4225081701
22732,214046.10292704342
26638,334049.34439887805
177776,664798.6390024216
74319,418740.38158935844
168838,578916.7501152152
96052,499837.73213912034
172603,742888.2369397497
85545,668038.963853406
11624,316228.18199662154
122448,418035.45499300805
42550,368431.39382077986
59851,421205.7000664473
159165,610820.8504733843
178548,623729.9209233698
159342,415086.6954387993
103047,406147.5966678178
2049,268573.58610380115
48195,414349.183921963
162163,469649.1284808286
141635,463193.7902166443
120094,462086.1535570839
181582,504682.6491209675
129903,401527.35598609
115315,366013.4156413011
78388,679545.6306687722
121607,454526.05511854956
5545,420598.81339848146
135025,638830.3633897029
18960,317727.5192570233
150566,514991.7047830157
90836,436226.5742706255
61703,844324.7939415276
5011,228027.7182617578
56398,393205.77514809754
102676,380183.90848043154
138262,558033.1164003748
153808,399715.2551497293
168757,577583.334889335
147232,502427.9047953106
33962,355225.1962369229
147290,434133.27194125863
27787,267409.9161171634
94523,369452.7113600846
2546,201838.13854480602
144131,412963.984600523
175739,792639.5888795486
178425,532481.3119350068
80779,338022.51320841187
32445,341137.08237689437
21465,426872.86144636536
134113,481547.0464106732
182989,690694.1398072601
21848,427725.9906948769
100675,453922.24379161827
5825,271046.17703844525
15432,288758.5460761592
30552,295641.95884864643
157437,518143.17992426775
60374,513544.5679922461
165836,474747.6906211561
110725,315242.10759979696
133363,384929.2560899126
56315,806351.7911433522
86274,673978.6383128859
57368,733804.9815651579
53780,383399.5852488234
122279,385214.4479201101
80101,314229.90658335417
10614,277702.2902570706
174204,697995.4679992625
174158,630451.4801065976
160139,479831.1389931198
145828,667176.7125661703
68995,431262.05831720855
165940,399872.34617463395
99307,335790.02053309325
70498,439585.815099147
169247,549791.8155297342
179831,573528.3918205937
179112,764625.0957994728
112625,516052.0410398553
178851,521394.30393567623
136614,435771.90684817056
105820,607754.0178175123
91077,605774.6803221436
176090,603492.1419024485
81879,457268.596638314
63527,409147.0622172146
99742,384223.7557669515
111288,412171.8370534255
86351,825816.7545801997
55594,507919.25973572436
74796,359972.22460008465
125394,406116.1223562052
18583,401095.6916694652
141022,600102.3201784333
127332,541862.5836161191
115341,425023.40049891383
24978,340827.1322860053
158825,484445.47254302853
35364,278330.42004730174
167492,589442.4119918144
21965,361945.1818332387
83030,468691.7651802092
96822,557510.334545858
81733,504131.5404287259
63699,461294.5053284202
184831,565099.4551522078
78238,667393.436675809
102605,471042.1976892738
112807,547922.2465873014
44091,356698.0585544654
97597,502340.3758716655
17938,322258.1188662403
74325,387860.7538283232
170846,610533.8555567076
75466,589460.6416932377
169334,569987.7035301868
83167,436728.34370826307
64730,407834.8487640522
55143,290277.7775398514
176894,627056.1850212455
28292,355386.7184566458
146675,423027.4739772066
171024,474520.83915295824
148884,441282.7082539321
122244,469220.86607680004
17754,329133.05396230787
101251,364065.9258504716
155193,902857.909346214
32193,329272.8142532954
22563,232929.6548579544
94751,418148.6994168571
19729,290159.36314661754
107631,468993.4578058376
157103,392141.0475496612
153146,418729.39860177296
124376,427472.53913899034
152359,458861.6636504559
146266,549649.358448552
107591,398072.12768835295
65449,385038.8264806754
46364,313277.4879776192
175396,582839.5514266643
78745,395846.1639110164
78847,555739.86386597
12199,217104.31506925236
138274,450943.0773377043
155733,513757.5162448862
165356,775239.5611106344
103734,458559.1640095116
149030,401730.89556538133
133758,490366.681401183
135678,507787.7226537474
147315,431723.5521605558
55245,294215.9321449268
27333,251206.00870898354
21556,431208.50888001453
80984,484333.6684243622
171076,525072.7192499879
141694,571252.002220609
11951,249000.99102184462
28779,366415.93758132897
10015,445625.6338465287
134708,386023.88987056166
121034,384390.8076745523
172915,774333.8803135636
183149,656003.5027255911
47815,383775.90474643337
109072,461047.62152887287
82979,455612.6332623124
57396,417114.34804125567
26158,508862.34895031183
5056,238473.63584223023
148218,391560.08980007574
123555,368018.1477849766
75174,522781.69341751345
14644,216330.8721852824
182380,524823.5131172962
95748,386687.99516367365
115939,525796.6917867969
143779,428731.56439693406
67629,847915.4200054172
118439,376503.4049136799
127323,443916.8392053528
138753,352736.9366528016
169219,681223.3365395509
145070,421959.5624966384
133478,349914.59917567775
128640,503141.45791945513
116322,418070.4161258404
1881,216241.698786291
104961,350932.6923586966
31245,325434.68352331343
106890,622574.3556632574
168723,555798.0385147339
138769,529227.0802261176
163502,556834.308120135
792,238844.43199348598
30,170768.26187977823
175159,639880.793564025
73210,402247.639282653
184357,631517.8876156167
163282,511395.5378096723
159241,485373.6365809544
138826,414960.6918177814
5728,262235.96607773716
30207,361443.44871200214
109581,391137.38717236614
2079,241966.33923858457
119763,352846.6307200128
101665,494585.8982539384
134755,429408.3642498342
7217,274197.2789998621
31000,273885.1582044486
4747,245355.81966436032
66359,395809.36528992787
5900,305340.99858982617
34023,387745.18251846416
69939,866820.1503271068
54440,278213.18987853685
14947,323530.7586172984
11693,327707.634927179
48277,491512.42009126133
184382,572365.530013131
7527,302099.2248276107
41926,289582.8159373293
129554,441196.47495990584
165028,705759.1012454488
74782,381981.1272039345
108056,384593.35891642084
175216,670451.5452774935
71231,374708.88000474864
123303,357700.5918425225
154908,488636.32836326363
155537,427602.6399310427
131352,309929.126187236
13397,360806.4081884636
35294,369726.170881312
145185,1116428.3930663662
161670,544451.7666976955
30346,348233.69569008204
177760,785831.1844613114
108305,381894.7519164141
84273,806202.2379127523
145548,521515.4569408302
51988,308703.13596785197
117471,513444.22406767606
159708,383831.29405100516
5107,222563.3573548666
147837,416116.39412668906
147248,508405.38588055957
144206,631823.5619406818
38039,535233.4942498392
27541,310974.7442890378
80441,472406.1953238928
15719,318745.15104485746
163394,465347.21080674895
19618,320395.23769995885
154795,416624.5228267243
130585,389385.1450663244
68477,406980.3526665123
179465,604064.1756624307
37092,325702.3815107294
93739,479856.8915485797
167761,939723.9895598844
28236,350588.29884658696
70059,727309.1459584797
73329,513486.1780293674
80228,612151.184731104
23173,369673.27165943146
29764,278971.2422270208
21030,441648.57168640837
125098,484933.3849780753
39774,319494.6933124503
44718,311227.03109536966
40890,380658.2183474003
143633,402700.16160815547
184248,476983.1350915532
1816,409048.8439626186
40310,287535.9142776157
97431,397992.0628758342
131812,530241.5069507634
5015,232817.44126903906
62454,287396.27179817494
3140,372621.4767308114
30398,359885.36359599
127561,442993.01110798365
110338,439719.95955252176
5438,196483.55216702938
43786,341218.5020889428
140707,383184.3603607584
48374,449964.62573078234
183118,589658.9433558576
154487,439189.1368709323
38185,357662.66215462994
107492,360467.76076983294
113631,463803.6135331008
6597,331928.15422670904
109888,363342.2233801019
83654,511527.7365950115
23289,300675.7904387299
152501,515392.94811619614
155994,397772.05259188905
67712,438332.6354103509
38005,403051.259641999
84171,648203.2870214216
102816,631204.4881411595
64063,467868.45964192506
10590,253665.21228333336
173279,839441.1235716986
56272,618244.6065069298
100154,337309.9407919358
18461,244659.8281148008
143996,477116.51865321246
29223,430372.90663906786
152395,537379.614864073
109257,456288.87846582255
106596,395755.0197314633
87305,480860.9378434665
40550,305878.90718936257
53102,383861.9695347566
59576,262526.8705098688
87465,506027.5292185482
157362,548923.4082716838
37413,371836.5775337237
145441,358055.47043585376
10752,267274.6889045631
73196,456123.84289951774
8372,350554.9664045889
109400,475962.8090495894
78122,491536.8050795534
58793,316210.4019908225
129300,412189.016079942
140411,447515.10396174435
29730,258156.6976644909
170391,766054.1287212044
124835,552271.7633488779
33021,250911.52938196983
119998,357041.9331455752
94593,432951.26897234586
73251,472598.88185525907
17412,279181.1030533036
168353,325634.3722311196
147597,791922.1785895018
172459,939176.2345160979
369,194244.3331222803
33686,363271.27210362523
89106,409137.0817110328
127346,558275.7070530691
146825,855310.4575299153
117921,445856.4560791574
163643,566128.6946234603
172959,629831.6337094692
49077,249565.19317647477
54029,336762.97571708425
68855,324215.7616178113
30437,280050.96335888375
183333,584284.782712803
1569,233340.49494138465
160353,451257.5450820698
142895,459922.3514198064
141642,356724.5566923499
122084,405221.53770220245
129240,431670.47914292704
18766,316323.3901314436
77487,367876.89400413464
141803,505637.6233218563
95997,695208.3891697928
128095,349351.3977599753
73366,394482.6162521136
98565,460937.43457083293
118158,437793.75038194505
41317,333272.09145822003
61173,505334.427972374
96661,664903.5354212212
138133,473487.0166386926
138289,468350.93840998
152485,420487.11018848594
113998,570424.2374630148
75025,474359.6890793555
93778,633407.9820611785
40154,412220.4601970024
122002,329518.50785590545
115755,756273.9769370037
65455,418838.6387948872
152847,319141.1864444397
71322,318975.17842497415
118786,354809.63226011733
9458,375241.5976212533
69585,340337.6223580842
27896,263827.2332640546
24004,246593.39240095293
93132,628112.6367619869
161141,735025.0297164151
104635,401995.72158082225
84209,648787.2982972744
50543,322830.78086968965
98420,323813.83115808445
148075,754913.3694062782
134375,480881.9052070435
34270,395180.4783675119
147942,659113.1035216614
134015,439435.94640039746
49501,328495.62053733406
169746,473648.8548361341
144543,627002.8597203947
106656,378845.85774239316
115326,377779.1980809793
158065,629656.1792402925
18708,381455.31081098074
75854,482825.4904578823
104263,385281.8984106879
37417,418772.6822831837
34282,440489.81853219325
5572,357189.92706080264
104556,706273.6869506874
55611,534246.3753530426
177773,619993.2835063
28769,385031.33099229366
90485,398658.78766224545
46550,375150.9221467669
129418,463948.67648494383
34426,529421.5670590812
54612,279869.448949303
46997,306677.30315209116
107199,772689.7163091467
79056,349506.62331100344
182307,543284.4750645737
178260,580883.2408095627
81417,596435.26831627
34437,313322.6717179886
30662,335889.5417494854
139028,539065.1715281471
106417,333594.98108433175
28298,307354.04668899585
1135,262804.9235623552
139344,432997.62836098304
52408,387551.2664335689
138854,537725.3355165331
62327,452279.7589487577
80841,499749.9817154166
136923,424448.0949891608
7915,258996.97668513915
44647,288015.0858168409
175421,604030.6480461588
104917,369086.00833962334
65313,500741.5116392836
81207,481206.9119214269
144815,487076.3411399184
121885,364123.9876838159
121805,421020.54756483564
140842,337867.85967702896
40685,374296.98863968527
76665,396934.4672748847
175496,692862.8011321907
12569,347030.5546430402
146420,498040.0156964982
96008,835496.4498325309
103728,500718.15141620295
60639,395825.811075667
147528,444576.89296566806
135701,346179.0887800991
172578,560893.887770221
32327,325870.17890763446
170209,472705.7338950635
12801,337438.0545908374
13936,395032.7122897366
98860,426087.1627616823
26331,213297.20463245845
26139,290366.5098500357
102521,418754.01168717665
49036,298059.62402739486
142529,471060.62580795115
132651,369457.2964834725
24653,243166.2524205374
67048,334042.08748222794
28599,411489.76676989347
44129,405288.35267645156
129907,482811.60590252705
3892,679912.3034863032
166657,640502.0466728858
78687,487249.68474308075
36676,336893.1420651741
102331,535057.4989167145
128297,388539.26943903393
32267,321787.683658721
129000,431281.2568559333
181742,721983.3066854056
101191,338502.7157733571
17917,272955.1145057528
7373,304979.29137953545
39207,542664.8658893902
27957,330558.16442886635
185850,831955.0116603269
119554,461937.41674509476
53795,441387.69502208516
7281,350229.76096576796
86564,443747.18562528735
40843,249259.9175988715
95754,361643.83015960915
174377,662768.3358628071
120610,420482.178969639
9536,296796.3876306665
159613,466435.2648729392
48003,259580.53031112772
118622,451365.27544628887
13016,310232.9319515961
36217,426016.2107313751
32242,350273.3074372775
129756,423278.0928495223
1201,273198.1346872229
171384,709098.7156268818
35082,260866.2344912378
45037,312942.98629074433
53925,211217.19677484134
58111,359019.3550004304
132383,484329.2724746205
18408,386843.408011552
109601,314067.712512179
10698,215172.9289441103
131272,519534.0770792165
143664,542680.1188669569
100575,477585.6465791899
136577,462551.8841054128
39255,384917.4162884184
115238,424137.75962211116
96407,428065.57423324574
55317,372496.6518304208
166686,594795.8734378283
124674,448283.0545447236
119115,677954.4349179827
39579,475944.17363217124
154581,490949.99953632266
130450,313172.38760751433
158153,456587.54350683314
123944,523642.1577422087
85578,396452.75722513534
121399,522836.23566794384
32045,259614.89287851288
90216,607754.6032403986
149710,525285.0912649722
119639,420063.05402683816
118986,592171.5192293528
134064,488851.5697727384
109150,476433.8147571663
35054,260305.84981685845
58335,390731.54238831246
177503,519525.4895469978
164370,580471.3789609155
127053,478538.66205905227
139541,420381.18581195315
154110,379935.3391288266
52661,634409.6038941661
96369,415327.1472488323
114222,464502.8914574897
168437,441688.7045186389
65915,945312.0548527217
180575,495947.1025381207
137641,455405.7958937186
28969,315365.7110123713
53894,302265.8128343703
157198,457035.4824389615
48166,319327.66520551307
166394,556115.0182230722
80955,417059.3260139657
82614,464913.04339815024
134870,596515.8650745252
96351,459896.9150444454
109458,643199.1914113295
129076,532607.6559374263
3593,307273.7311031927
174858,586954.4407329608
26390,265605.4599490548
106375,405470.52313020674
58109,423502.2492978548
150958,515380.608088082
4557,255888.477427637
112259,298108.7572034016
170139,521173.12977339514
49236,279301.7157128961
10857,275711.8208313547
93826,625836.3929797825
17131,384443.1755996181
114168,422316.6100365064
82485,374641.9115536395
155920,542228.7636442295
138870,558725.798688669
30426,430078.0842917624
123541,428138.8819355335
22931,392760.07801338634
91023,731737.4928455215
144855,524765.217224824
94380,476147.4609262721
83523,455335.75579113327
46533,722594.2655501717
162315,427049.6850126599
27296,266440.4526955204
150735,518725.0152506061
118812,376868.1015117847
93879,408667.1257857168
37478,300152.7355587236
185198,590743.521986661
24949,414744.42800709035
40488,383271.56117818673
95577,337757.1568049765
8806,259056.44817848998
183221,820408.7596572423
94568,440403.5257950418
142949,400469.23912840115
104777,408997.10129498877
90854,527750.7450343394
175944,558260.1150388273
8462,370260.7095950049
47935,302986.23648950295
166880,475424.44699453056
55733,348862.82255352003
101876,471767.26140461786
5091,562674.4237664987
30092,305318.3944052541
23459,325049.6064705476
62101,589475.6182381621
18051,328123.8646594379
111902,425165.2449753785
103825,484753.35245415545
68925,404583.11370170745
11614,332900.4667888701
67071,478800.5297865994
175947,580579.3630960019
106248,637602.9578721202
79414,515272.3953926969
184255,560377.385271776
82071,741591.9219721479
96696,732189.2398472473
94207,388817.016498214
34470,368226.36368720466
50581,274353.3043588817
103486,457163.041914723
57644,342237.05336611765
58580,674388.9322924071
30630,354879.7119734824
104474,470209.02304548246
71791,431731.8612098931
166837,838765.3809230613
43112,362566.5020135344
82143,811260.1649995821
132991,369005.0708311299
29835,270417.79496097425
128793,330048.4017203414
59693,638283.0053174455
52533,294499.6542841293
152267,608145.2856363615
99678,764378.425942961
35590,306579.6159601295
173305,514194.76225354086
100684,340268.78771161084
121000,317633.6476671656
135921,529525.3955856028
26172,305255.7021717461
146372,480130.616671043
55032,289614.8627029303
37077,283126.25072981743
89074,467700.4252396582
114824,338837.1982462767
131563,435263.7012223578
84581,398355.46161195217
176238,606797.4747114466
14138,352346.86887003644
161728,474030.31130764063
43987,316161.27934528276
86611,352536.586799838
98663,429717.1573985076
63333,314777.17105628253
140024,367559.439811466
37574,304149.63809850306
123387,556736.4296381986
44831,241630.49135516374
176715,600291.945842629
66149,532801.6430881167
78825,465952.2166290017
175456,701918.2276863176
94855,387397.9701874276
124436,758867.3305509568
60861,405393.4550283552
143713,381293.1040959188
6939,374153.7113274462
148085,677688.155195928
122929,395380.51902400865
25035,293990.11174803006
37394,858648.7344347228
180145,626620.5262044834
167235,580522.0180928344
184169,562543.2113870676
111504,367215.6943602286
62312,398324.4285480331
114233,463989.99844853464
171692,584390.0288707836
17553,436745.4632018899
152514,475187.02454295754
71899,389811.61072968075
147230,544240.0553339053
173972,641570.367500627
69243,506691.25415157195
83485,523931.2074065055
179904,613656.4662662072
15436,297773.11602158187
178456,573948.4102059244
50688,332012.84723668935
148984,371163.50453538494
150325,518048.25442032167
135747,383475.7383837076
18199,358424.98310539324
31075,390449.63094112545
62511,352083.99215242185
131063,389079.94080891425
17172,312018.1633804293
25049,266085.8033151846
132387,497130.40718973643
2400,362051.98229322233
27968,373259.36015985964
55983,371467.9034128658
80047,313584.5337044205
24586,275006.386609162
157388,445001.61369979056
144950,352297.39540902834
185904,800394.9147821765
56147,429534.63153036626
126280,523546.8654311062
150223,374503.7061325979
47753,435759.45085898
149824,371306.39699181565
165303,513417.7943122609
12320,245371.7620578858
126435,456861.3246635729
124763,401034.9060078582
101697,407334.3396554835
138316,447205.1153727139
87325,426892.3273601677
166827,720002.7059366996
167263,693959.919012107
167577,404243.008930146
66999,456279.0601059388
54673,248669.13873673184
107865,494438.0388297554
94495,432331.5461818001
138343,456997.20694446017
16400,404981.36395090935
40579,344758.5498965959
105093,288396.49786893337
45874,278243.2840252651
156426,520460.52110467793
89290,835236.1579063197
89407,412369.6921759442
61638,603263.9951575284
89251,675867.8268169528
109017,457273.90691530565
139160,309628.0220445645
108509,396021.0807435182
16082,334725.9368185597
185517,722210.6210646847
166593,591967.5398034755
84603,352333.2184039836
108243,431618.28566468484
649,351204.2365270688
118677,387141.61436667864
166777,486528.1573664481
109966,361143.26463221456
177456,669888.1474713085
106198,368011.54657445307
18604,266182.25665447564
150906,448160.653020374
14972,318631.7976092244
178686,680043.1783242321
40476,294746.02811648493
146434,489388.029785739
102808,497268.6154249978
116155,354714.4958144494
38573,223522.9328481232
145261,339406.7876891511
51574,477575.27328157774
173061,609495.6435623757
114943,510479.67259772215
57689,500537.8571458763
109460,616869.4656348957
52795,282854.1453188327
35528,216027.88454348352
153802,367473.3754226939
85670,411935.79760602594
7335,307770.3583919284
138494,451688.0479724684
13985,438905.06447736744
88341,491925.10036852513
127282,444356.17253257835
151836,801715.9479213168
142337,494902.57960751816
59310,443550.1675068473
57766,283514.3010599153
109754,446590.06537942705
32771,273021.3105621675
79943,346358.1821021986
173957,531324.7958416992
128979,428824.19225960237
98779,330648.8401253007
437,267589.86226936954
40573,333312.3646317943
124905,397951.3261220651
86678,439008.0669679834
55518,819348.6145038343
183060,566207.2297923007
80448,393856.2823417089
139784,425295.5752994433
96075,443457.24229494913
87050,366984.0029855292
159847,612643.719721008
158194,484804.21651371935
181005,786090.8472586515
78981,789146.5466123573
22804,391398.5351576073
26585,331818.414755207
142415,619587.4905739109
120309,314713.71820661036
104628,309368.2612732152
49486,281024.87244123535
98721,420768.38288142177
61386,428364.0524416488
123058,455763.87902083236
839,236710.70428645785
170865,693947.1528995917
67666,723325.184278449
89339,514256.0085793106
46299,435192.52952675807
56777,341386.15328937536
180300,556475.2712386274
117308,381808.7120055947
84344,325879.71553201956
9294,318274.1483331345
72349,460779.0650966096
157522,486881.01949603844
143891,425375.3953465463
150064,491915.96804989525
101717,421142.90147935646
172948,423516.78580607194
117676,399873.91492033505
1662,312133.8446581685
55169,248566.03154370293
2674,342440.7218716035
3485,334067.32395208755
70987,340720.31361151836
124655,426794.32794425375
120463,451827.71506316244
83420,411768.1092373937
166159,457115.31730674126
151983,440210.54657944565
39842,366954.6618475381
4929,280961.91778223525
83278,520825.1725384776
142254,414796.6443131129
13926,361392.4726231822
178467,628996.8679785273
133662,366860.374936209
166246,540459.0909771034
82306,390365.655553197
91728,455892.117802329
107516,376599.779317704
120498,479052.5464457155
142358,414435.3594963192
84507,340424.97685634205
61735,830562.6538170809
34742,445214.96576465055
1767,271789.94526450563
10833,320255.26083138806
114043,399217.8459191938
18896,593273.1923402614
147660,453814.3481959743
81308,378835.51245861384
1367,253265.9354426387
128880,358521.34183121874
163106,600787.5191571808
147594,772141.1574372039
50254,318600.67262613605
170787,613510.177455145
8470,375806.86361071997
102340,519430.7544462041
156522,532018.5292067362
112690,405069.5854958698
20017,428569.2651820397
69327,528260.0123487621
167743,723090.968432411
15392,321675.7099129313
157706,438735.29321339127
107980,458651.2947118948
83716,406571.04470688145
176404,571257.4458985545
12156,261768.5289880558
134776,386431.30584984814
136020,380876.1243888839
115395,437853.6413792696
159759,572448.1875893985
42787,285765.04613564943
125206,397973.8575019427
166707,698559.2486319025
79052,350718.47339305474
50060,356821.49194721604
71848,373062.06729706906
120122,396320.0086767247
94900,347760.9731027853
144419,393673.41053080204
166977,445680.54482127994
15260,305601.55918372044
84026,485098.7408394326
23946,305275.624769377
60397,519769.48325176595
164884,406567.08944651816
71128,355125.98955953144
4398,201510.5262308017
92519,382129.20285079104
172132,512657.2507337019
42707,285786.3510102992
162506,518011.9780792921
146453,517760.20407724776
23705,348916.71343177406
155138,896466.4446600885
68250,374271.8054307902
142887,396967.8602731555
84152,624360.846225709
23830,276577.0724967146
184808,625699.6068426536
39541,314057.66781466163
8101,272719.6589271391
121486,441685.4178053885
73852,431465.4146520703
173665,426860.3228007613
134893,515225.7574126215
40043,296490.65790186555
34712,378165.46382947324
176534,772168.6792769446
92288,412804.2844831273
116888,464166.99945049547
120331,456312.6280508655
122367,374096.2212802585
137691,580242.0891615389
55565,899214.202890594
115865,571452.3428209525
12534,252674.76002548952
139764,675191.741943985
175812,501724.96424792457
27298,244985.38995162997
78328,731320.4949139246
53798,448356.36044948455
86377,688566.444397185
6739,294435.5757411973
5677,304973.90592038236
112360,455470.4241606463
169608,521827.56732506165
63932,388736.5031541782
142676,437710.9894650949
20444,317564.9888813535
138763,396241.87606466044
6644,307611.1257046555
29675,311887.8926309398
141684,475706.46425023925
97303,361843.2364957563
107342,461322.71911522653
77518,316494.6128534405
12871,371545.2803257248
9050,343022.8402674735
167454,519255.4018165018
130256,683502.5300919471
37019,308215.8419834693
123648,417209.7723655256
126946,364532.0606019735
165801,489449.61135230085
117041,416852.5219374653
171258,452177.23222380807
111661,398269.1491181968
18665,280709.0619390902
126974,414982.02946932946
76519,383870.2106768788
138607,448912.2141384928
76860,393655.9996599684
77986,399816.91102971113
115201,337600.3850030812
19200,290981.508905826
160479,558952.8639922722
181454,588816.357917079
82685,334280.0953377289
148108,521994.36814598506
55050,304311.9325290594
5311,323494.79080626153
163425,470607.99932523567
199,346184.7260465279
182953,605766.7478532667
50485,312239.0726164618
103918,615398.3138042034
132122,513135.2973690267
156505,667651.116207613
161697,608485.6849066846
19508,380747.0634734887
122754,604060.0426572966
181359,771585.7608430574
103404,469684.2486191313
17136,367159.4825355257
1210,283278.0833000678
58913,292988.43590898364
36735,323888.5663884393
181895,578530.0795322817
38849,268637.1482346533
164054,590379.0076763883
67122,353674.2613584674
1772,224464.51111545227
20437,307744.24534790864
58899,323990.5490684066
18722,342422.2307897004
35647,300198.72222952114
50632,282606.7300769382
156865,435183.13962211035
122946,540718.5433917439
157877,433412.3819465351
62145,437501.98801704287
135854,433173.20829292125
55059,255793.79104851914
128846,366568.5684129066
80181,487122.379213198
138242,475559.53197867406
127632,436355.050738279
90842,438913.53967769444
131090,407595.2967367689
53587,476315.0634429058
16711,319416.48845934164
69428,350750.22854079487
65623,357135.57868529187
24514,360687.9052855163
173491,384052.40942311054
10057,325680.367261464
71261,424261.3142371343
57458,473854.72207860614
54899,315655.97899353557
181241,773164.9067719765
69848,696367.224533223
156289,540719.618169677
178777,823539.7991164125
181363,521156.7040654988
26576,318717.72838851536
101905,401860.8353584046
153884,437606.16971641313
127979,348716.86042700714
47278,312533.02500789793
162733,468901.23610485496
45716,469403.25360440696
68640,756937.7321734348
139332,444387.49656073004
30110,331717.9884950635
104866,460700.0620131125
126811,435831.2034070164
2252,617101.7349696469
26474,301166.33200270985
109397,457348.87721203995
163959,560337.7036790919
5228,330254.1235741249
87104,406539.4946347461
51147,348694.5016798141
91310,251305.84537411906
89175,487229.19959163095
126025,595278.1440786141
155275,506795.0344285007
152147,579312.96784574
53699,364042.8904281069
168827,554714.7672987144
117370,377686.0938177528
142708,446515.9338036323
171824,493078.0938400725
9567,373403.1444349092
138297,520664.9126813309
49294,397024.35985963297
76929,384879.05020985834
155924,396565.0983814954
44636,259492.39242843082
54465,381986.42322923534
99065,434253.8816817356
110935,774215.1689015897
123872,558902.2081391631
99104,346376.6249698191
162270,463091.819491267
13066,291497.58601224306
106951,350079.44871494255
74209,334103.3146863984
69376,452287.04465065256
61134,370886.13081231987
127773,410733.31183223176
109133,493331.2092477133
182441,612509.365544379
109333,535310.2233383066
147810,433775.26728882757
32165,232613.21817045816
10177,303530.71831775736
59591,304922.38612770464
107381,528559.8319071099
179786,695494.923362958
75539,372558.397817347
32519,225283.20490273522
30746,355267.74206176493
92332,463645.02760753303
89748,486228.2561636345
90816,509194.1003437865
163811,697876.5371991356
116265,337231.8595349009
50512,447771.06537881243
44210,424521.9328689632
179723,590212.9453152361
125996,483321.5843245353
184126,456964.5973687737
154481,546366.4865470887
88898,417125.5087278829
112509,381336.46069914114
75896,451616.34513107117
144112,403801.5316949502
85750,429260.8254413665
56608,350992.4246093001
74851,400797.2107349172
175823,554808.3558967091
35658,283487.41643195564
184993,620019.1944587847
127535,443813.23829228623
170165,441815.78427336254
56967,302167.95327429235
178937,538624.2188911388
36962,265185.07228048966
119428,359879.81223199
88775,423776.86672492925
62180,451903.3737706027
97282,359062.0989028848
155873,474443.7614194905
17952,278638.27411209105
8514,452458.4983466816
68370,523802.0591860376
5851,329051.5908883845
16263,356274.8545609694
90429,490030.5876814601
22298,335911.60674429755
12507,303271.1107806761
38412,266839.09047699184
120139,613062.6198825857
133859,666266.2918450686
85963,619655.200928154
51881,327553.99257637863
92685,522643.442857087
43113,448974.4996803866
133483,414690.107443111
98084,492515.05040692596
85715,377630.5268788787
32472,360945.2424725101
3291,391107.8929013458
101807,304932.0415729807
139838,420091.71831647365
109002,482332.0483679166
133202,460114.7358122489
99543,347673.9200036307
139737,562278.4930835743
142718,410539.8120183768
78225,599800.4263668308
58621,360868.03247382597
99605,385574.0621819543
107496,387146.3271201619
72697,449432.3310743766
149187,477894.3771717418
51568,377976.6158671945
170795,668079.9415813596
114251,477822.51639503776
161140,703636.9731626939
73789,521390.96816450846
84475,344008.7491708803
176318,638665.7883381722
76634,430452.61925206135
14774,233773.69400386335
29741,336897.46034475614
93748,470398.6570042266
80721,444610.89284517197
168497,660123.5452887343
121975,342650.48029379797
30787,307387.52576468384
123760,401213.9459482456
175671,603973.859080791
183871,538707.5598882405
15859,394907.5670314738
31139,348651.0672398389
82333,373172.75291686767
161951,528413.4456622086
99946,512348.5766359789
147292,404138.57969441015
128795,341109.4101241814
180587,502373.9069899492
19059,434157.8687402353
102312,550490.424890274
87630,392611.8052254798
171892,817509.6461593566
99269,324674.7224491737
34649,477748.39406927826
136213,422192.82108322496
109235,398862.17707091395
15030,367266.2304829144
35142,307627.8801932572
31769,504853.3874619498
181143,554643.3378853969
116095,391860.56024887937
169969,641865.3173568591
22391,299441.2387772036
91660,340862.83101876697
179649,575282.3268248703
171729,836496.8953076295
140818,323278.6984238959
65721,447696.4093542742
99020,588714.4295785369
30639,378826.4227432584
102266,499853.94218862517
82881,374592.7697536192
65786,371212.28922656877
18978,363207.6298083054
137033,365861.2438839172
29596,341435.83622183173
3682,328652.000044837
145136,743355.6398494691
167399,458332.57746935065
60023,401087.8134870817
108424,434137.3682970524
109749,377481.70186706365
72193,340555.5244888705
44750,280755.0504285869
154782,444571.2015319386
34587,339964.2867560866
179835,555658.6519582951
103294,394652.4672045639
70114,437834.27689017885
129711,312651.8002827314
66921,344519.9582225652
44591,281334.550072133
111876,366281.07218543044
25018,275640.1198476161
14963,385053.02491079783
43093,334632.37221169425
110391,647823.9842561899
46966,326622.4512830414
7039,294417.97473479033
71821,353749.45694938744
18937,359253.8796877395
124736,500010.6599399011
64197,376960.99722928647
49979,204941.14941989968
59178,279442.4081052923
45740,342199.9443134909
152532,540934.7496360254
142841,521936.7229203526
177138,602229.4101012448
175239,739669.7951912198
33088,289051.50031792314
33788,303498.3442995095
67989,461465.5353610591
167848,471252.67271124385
10871,316630.57601783937
40646,345118.54176541686
27413,229980.76171361847
156981,506826.8724044312
140069,365008.0073775592
68288,457429.5170596023
81545,390994.84024100564
73930,681840.5819402166
16938,312618.6145299976
108271,451561.7174467276
56125,331946.0408093819
151495,298846.82176697534
100087,401456.011915784
139185,333161.06185271766
2819,234409.99994933693
173361,484112.10596398666
168890,436306.808068226
70406,397874.7700767729
164981,795444.129617701
65496,398936.5316820755
87390,446911.94068308466
62986,268073.84562322515
33782,280610.8131910236
63831,405439.61950229027
100825,599819.9858770089
94565,450938.09717651224
93144,568771.4910472924
57169,367193.89666163886
20909,332445.61806350516
107761,399457.3639318335
185267,621390.5818871888
71174,370167.0972903907
144854,586533.9855421591
137943,396973.5231347201
184437,646951.9185094283
19659,362252.56189408555
58902,394310.9064498702
91110,809918.4198202569
91364,367760.5226989741
148065,612994.798570203
114774,365529.5640439566
162457,693677.1955762615
30488,276275.4830769582
108000,522855.6139102131
11307,393136.1428409979
151132,456237.2489838705
29585,306037.52409815835
149935,490120.5914039102
141859,539890.4884990107
157825,676299.5060041493
91358,458502.0873217437
80658,340178.5885256217
83836,387313.51250769384
146059,437290.2674581816
102807,497180.03563366254
36238,267536.35946684674
151651,559219.4985657509
17072,342739.18843528436
168525,624984.4147787027
9227,264946.43949415133
124551,442270.09115817054
16982,320183.6888242178
168297,699905.2858014645
133045,701982.3547937274
60454,339117.8179275907
179662,554271.4040629538
136434,780206.6577259531
65183,313178.49970570655
62169,470463.6360662723
108565,407060.3400172205
65730,451032.83587984263
145216,624777.5551560913
20856,417799.42596545594
108957,524900.6523835033
172112,590626.6084205982
15192,268231.3717891382
22053,459342.9503061987
93223,485557.8123541866
128658,803834.4596451495
75341,536061.6903442579
56672,394431.92429268523
99302,387096.4606849414
97214,483648.4447737774
147969,408754.9503943969
27273,287366.9239239013
49639,340199.64525626076
171681,473976.3887637588
67971,826086.4470701879
30599,398152.77079309314
154173,385202.12548806367
131061,332515.75903788494
30665,288398.13929670164
112355,391272.6145248165
151966,326751.6134880327
72082,314082.06189556577
170487,571659.5241753513
559,237270.603389836
119015,430781.5652624208
21177,311905.4817727793
73325,519664.4239885345
89774,359361.7879109292
63566,410898.19844690093
134781,504761.3622071082
24211,757189.7065529114
136606,389847.22405999916
185468,736345.0306292191
15629,248997.77286457416
92244,445075.34974378766
37903,349841.86940056854
147044,449186.9387224393
9001,262029.39175678242
134050,444013.8428557163
181428,525024.4175004404
27128,328967.09931930376
180156,661789.3089661284
25084,280371.5976742016
139132,611719.3679053182
148264,386289.9753890425
64545,402066.66707616125
43599,363427.5390949702
169693,425739.3497582595
80941,442883.57272388815
101948,384117.82397357345
1044,249727.68617994804
34589,307649.94379641284
42399,424719.8015314721
25968,347355.9293817945
82867,405398.0163260915
158925,543689.1433031096
149917,381983.17530196556
100931,393704.6777311625
150603,458388.7758976903
32886,471521.10338782234
167200,514862.8769342338
33492,296066.83143927576
74342,337853.0524815663
147145,405786.3592487839
151276,530664.5251031398
146733,412104.38962179166
72523,416172.5634696748
141670,457366.48763017554
7790,335756.67044634186
131131,382549.20001744654
106459,448791.33473144926
50303,286983.2789413953
43362,463210.6475334662
6399,315492.684898105
162795,292022.57224885887
134094,484865.9370844593
9930,276602.26105735963
174419,527466.4316776505
31040,408825.17286091746
31518,351569.9554572784
184563,658721.7860169441
6951,465825.70437267213
175261,519063.2023008659
1870,238879.42317109584
87517,824610.1946921818
170258,520888.4493177003
98901,576758.8570097601
119599,561741.9656929722
76037,390752.44338162785
100283,597123.0078270063
105700,539625.2038638328
128340,433043.8480898752
113206,377967.4322938815
27999,364521.7032489022
5845,299794.3516114094
36161,471713.880682557
35429,293160.64686336205
68824,367295.79357830225
99024,379532.7239122441
16633,398896.1271811938
151517,438203.5441448474
76589,350005.25793988723
149297,510460.7299182137
58676,311883.75456983387
125478,413837.0050358396
101159,366056.1861973304
93523,370779.21062046796
69096,533234.418395125
89587,474327.7293112208
87095,407464.0270076718
63175,416706.4773968442
17011,319003.5564436291
82187,305469.2558258676
185720,661970.5663875678
64600,467200.7995905042
48678,492467.43316784024
71372,554038.2428007688
132761,329919.45950922644
18324,519588.15554406017
30600,475946.1412521923
18621,337428.9112807524
112869,541384.3722342341
134753,538932.7479461665
166369,565400.0945062106
45796,420261.6195776338
162967,463754.59746077063
174963,675579.7995256778
185025,637316.0117160383
53869,247799.00186110695
117453,374010.80699238536
139194,357086.3708548156
117767,596591.6850807738
37569,353801.6472934692
166607,620652.4737228679
171957,542370.5401285127
121370,362471.9920431267
111302,363770.3079645687
110387,504675.2743305861
43464,455819.5760119145
116791,400813.1058555258
123258,398376.14208699355
139694,471500.0464242556
175907,612807.9353154455
79012,776617.8298064403
11380,340025.064388232
97175,432079.6572655797
74664,363262.3596564895
177689,557692.1861756236
138894,388376.5416632977
80530,434079.9279237196
28927,304632.5421699684
47606,385998.6226039242
63982,601155.3070980208
90628,428795.8238919405
60733,293178.8105787
185427,684016.3045129526
56109,762105.1920456048
181969,516060.54487139964
144335,648899.8971864438
5487,381334.3141994715
148955,424995.90697629505
18031,267838.1359208035
82668,388314.57604223554
124828,576602.4780928161
60362,481716.5581227818
155324,375492.6804844628
3864,365088.14033886336
108036,416353.64513097063
76134,437855.436491659
147778,479291.2352003949
141797,381753.97266256594
166913,706385.0667304554
169488,456370.54215214966
112718,458018.0278295188
19158,376614.5860925555
1939,307041.4201316053
82710,502133.7814041543
55340,410113.95463527367
147032,464838.8706622401
104625,321945.37778341916
163783,572263.341816236
158645,529181.7452073104
44055,342353.81688166416
132599,361960.1236448786
104296,520479.3285281784
49598,262601.9879128656
119405,427342.34432409046
173087,523095.3564538955
172375,812192.0639688303
40012,300743.55328182614
140833,393819.25883868587
152210,367888.10752403236
87367,629884.4982003326
144344,400082.3607315566
182514,647984.931965386
52800,264974.16561385244
26909,292425.2628705211
69915,682604.593363611
94048,411653.0257843479
122289,463475.4874857671
70764,843295.4778476149
135280,502889.2254565654
171385,686284.375774711
45947,310673.0157508952
178528,701432.6643050174
120744,501595.5839158242
149105,424617.6989893589
79563,670854.5608388858
94858,366903.0862924218
121941,474702.80836121365
154888,466405.0898689785
2360,330166.0400340318
98321,244018.03633626105
124816,484653.7242931382
45909,236754.9948306231
161624,452677.95441616175
67884,680298.7998403896
874,348333.3224819969
39990,323517.27279429213
133446,394143.65477088414
53693,284164.79682958574
134430,467352.6797639679
92395,767039.381363553
107901,798856.4906519599
79605,964433.2244924307
35523,272892.7447681924
17195,290797.1196532804
2888,366316.66854636197
40007,244713.85393815552
72993,389387.27363550954
168233,688573.6469448871
6130,317352.07797126676
125825,404171.7786612185
94913,390685.36214459396
43448,734963.1653063727
140885,395408.8481813356
59555,369618.2965793136
56599,386671.19112601224
133579,419142.03895640804
41345,363345.93733439286
29638,281114.6700229295
134612,405434.31670839054
57519,257996.1269112293
36466,338420.8804569688
184777,555854.7223341585
131610,465114.6097195728
40347,334505.9781983753
146242,552516.6767998711
175009,560191.55104197
96666,686330.9756444022
105612,378439.2493139776
1308,242472.8825062585
29901,326174.5382756077
89684,486691.9365602956
5326,342174.8607180787
185116,504567.55122408154
115492,548080.4516247861
32922,356027.431370105
107154,401845.60276808584
24867,319894.46912190336
108795,390001.84040117124
40207,290994.8862896129
39329,301113.93680572143
143007,518377.2541632204
120895,574095.0282147977
62208,312824.87014560326
46079,333001.6957117883
170838,687168.8160556465
1559,440787.48894602386
125457,418163.4815074104
59201,368292.3202305016
177295,527520.3454254485
159370,468485.7414475233
179540,591156.8305525748
118575,412068.6572374413
102480,482713.1780197823
176294,961746.0647759847
127840,534816.546589807
72017,333962.06848395703
28902,390681.6121889249
14826,308755.75452659914
23182,309588.1929448028
107068,486481.8650168138
118258,736760.7630329279
166925,688627.9634010694
120808,445207.07827124395
131697,414812.4710840123
145890,428562.5944073247
109466,835166.5571801735
118899,398619.51019301114
76384,705099.9457755133
74198,397270.0724322303
123171,444313.4479990324
140109,434215.7103726015
20465,248923.0355721109
9942,353248.7994931156
44785,431858.214590521
49849,663781.8822123545
158331,354082.30509664584
28610,301596.5350411979
25200,353609.32046066737
167713,553915.4514576594
87354,598169.7050107914
30974,442322.05774068116
179427,544746.873188134
40373,320254.7117398359
10688,284724.05977861345
83101,368203.3075189994
52770,721852.0331801401
120888,459424.91817265144
60608,382281.34255231917
107105,378903.7715713739
68375,644586.8561998795
145525,514058.55057824287
29331,364966.25464984355
157667,463564.7852785889
19875,314027.25260947115
49676,425345.44747995003
35815,261098.68312983826
182257,775286.8659876038
13885,518321.13433632365
170447,503513.43703435594
79813,331420.64705413283
17817,264845.09627141187
180132,671008.7743088331
128224,380453.1704943925
150654,440181.8620501873
62559,711538.9937055575
76120,438056.4691023285
40569,488363.901345307
20203,344773.9587092929
181930,633199.2273299058
182711,647472.5581086875
99831,452795.18568974594
52948,275596.35196514666
179949,672295.4666978291
77552,292577.7806869147
100212,383950.9153224529
1675,313324.4536437054
125688,398248.6623637123
75691,539243.9310250704
33146,277905.2113631861
2160,261286.3130109503
164257,539992.2641221676
76453,334247.94477353815
123719,343841.23279485013
6448,327277.29613053455
142771,420600.6543406395
57717,335598.97859487537
74276,361388.6019500317
194,329046.19504791324
89897,444725.176629309
33162,258535.99349393806
115949,471775.68708799704
142739,444059.6235400909
119070,395845.2603706145
37542,383874.55713788676
110683,579740.0970743231
32023,471466.338611948
185151,736146.5095981199
156475,656745.3339204786
166442,531604.7848645927
101733,469559.30604369537
119699,484122.8511067376
139823,931239.4316355968
57676,261058.02857663546
118568,373996.73037361295
87569,346444.18102740543
135707,405525.59128474456
46965,309680.903279752
43111,382551.48505573557
61634,539421.9381941948
16857,275859.677782128
25556,350851.22489662
136616,415286.9361149372
107604,347986.5194221724
82167,327775.84174267633
69631,446593.6006622738
125574,484448.8468363416
184788,593662.9641176579
136078,363229.28224392387
115575,379922.27320086246
27550,293613.84442984435
51467,204687.449590111
5211,237330.92682905862
170716,584039.9774147614
86440,760446.7179974499
70628,853100.6442901128
79080,446685.7167945814
73182,399744.857253191
10466,322377.8666084409
6668,356036.5371084224
77909,514663.7848345977
85688,410749.4590279857
101153,354521.85040239757
118234,633608.2151801008
153482,418750.9984678592
105658,376426.06652161875
53563,313860.02269950253
133145,431980.65958595823
121750,455785.1150899499
130783,515844.60260124836
57941,271841.1466125968
131899,432170.6793517033
48757,410379.2028051535
123755,389045.818667253
96535,493619.8563574206
117516,564407.0307128278
48140,332954.3124607741
154311,365227.42667552014
184568,587792.6056482913
71710,393785.5023539808
86223,425645.8487925925
27961,319393.0062040226
85819,509397.7970092674
10112,295270.831381755
41066,324167.4045859937
8824,385909.6780138731
44487,253431.33648551197
158172,582201.4650395884
1352,186234.01238062224
142173,399789.15699994355
39391,314916.86588565976
139606,490015.5542086486
46451,432864.6269825622
133543,412805.9929041131
107785,464054.3267114932
157663,432129.330802024
7415,328960.31591562415
91709,346361.31692584115
21419,330190.70842040353
160490,362669.53232244216
141808,426072.6847587193
135317,620575.2869063002
122902,817553.9503070395
57271,300765.7167870225
124806,526686.5434038577
102142,493882.73859378323
84721,408043.8737846584
90801,462103.2673687326
88467,850851.3785280464
51497,312745.7592204656
144761,336630.31066838535
170448,525795.0942798469
72408,379040.98368378787
136596,437989.48035364377
87319,516075.9587276715
167701,622857.1412850437
167034,394927.1318071282
103974,392883.39399310714
91220,458259.9680547045
73003,394042.690487034
34726,341269.69190935785
109393,460140.6978102878
85632,427045.5252565675
167588,435837.8595358642
87168,371835.6397870644
119938,367763.4805051209
121253,367449.1251902128
135287,550400.2695551047
82307,392541.2407345335
101875,470960.784855289
47316,304794.6591500299
22351,260124.92133452947
137051,590378.8532814186
19693,448971.4824469207
149746,412223.8448766933
81809,460137.26777273766
108703,447647.3158912689
177240,567863.9929044812
103081,365832.1404152404
69487,439073.1950319117
153863,756002.9412437547
127230,553452.6340463557
168300,648923.4876323787
110872,579544.4677250932
150613,373028.0181153598
35206,323290.76042354194
184327,678485.3573965611
115729,819543.5496867548
20348,406480.146149828
129769,400097.667853595
12656,409091.180998377
61079,788900.0625632724
149573,444599.04316783376
25518,355524.5169643511
83307,538406.7777895535
50284,405567.88975034584
131680,438223.5684713181
16613,294445.3613125241
82426,407181.58086591447
185083,642994.1635565109
47116,394227.23206841375
89771,360034.9920035928
128015,817016.5310730565
177541,592193.7190401247
100550,468615.96004244615
32283,291903.3951685246
45275,495349.81238872954
118641,422331.7780229293
133587,491788.84005548316
137612,465761.0465284677
96028,458630.3714894003
73838,450844.79388437816
162619,694975.737467055
56669,396876.40007420967
31712,492024.75261072034
185512,688146.3277467547
43164,318445.74865622807
183313,838369.1871933269
14660,325114.51990394806
144210,503963.76993841166
30240,296898.15677934873
20732,259265.3030231656
50515,313496.6243724332
66829,405214.8067339477
24446,379920.4482037447
125187,380812.3726703003
6815,334104.1015437227
51158,434532.4728086726
176109,652000.2729487317
168248,677517.7213003873
137290,372796.9454408841
144115,415453.3343994828
32148,280023.6168981089
153589,514935.9375988492
79184,416289.80235078756
72180,407135.69734597876
130787,601700.3786556321
135176,438142.822507684
28230,391245.2441888113
119802,475590.3069653207
163874,434651.3923307697
25000,289107.2289678114
14489,379048.3600567514
39174,333299.62848117715
52549,350808.9542666015
13625,377261.5348007083
57847,467266.2057508993
170333,545146.59262799
101305,573140.1630790686
116328,450463.5314550625
39796,321178.9108361952
141308,688587.7298012667
92627,419723.66322082747
76151,484009.337092967
43256,801970.6861415962
138110,376353.1954314424
146714,560484.8367914725
141153,533771.0845034664
117565,433022.46509044856
107044,483680.7221555117
170358,699662.8350930781
31613,309585.2704895282
117360,330133.62001133285
25448,473591.0241985466
145536,451899.1040100815
36002,325554.26202254597
119093,730882.7324930999
134361,389714.6404615071
72329,472469.15547190746
53681,368616.66059825063
76502,376026.0380390751
138400,493130.3288845053
4656,331954.1224711619
31734,684126.4323352246
98986,393761.01317642827
65427,510355.53031813627
109115,453077.76089243806
66607,269655.0195559093
157264,468768.4105383698
101937,389764.58558245795
140704,373613.37807541224
76271,362361.88834546006
90949,388512.1722305475
21033,409009.8242559301
121238,451209.1558502384
45180,292662.6440619592
108227,381169.462354498
183882,516738.01723724225
15512,244508.79425925697
111888,361677.98567301716
110808,497159.8631551787
19582,300975.884882115
8764,345182.74749652366
92560,347638.7093175827
120063,429550.3747958689
98746,321315.3570546501
129754,460663.2840001326
94957,431086.043516662
41863,720987.4188724386
20033,291022.7612763268
118210,729231.6557463267
94952,468627.50221868744
139102,525348.379840254
144966,340981.9759079721
139330,409305.0274802038
118369,423652.50896516605
95613,400795.53460307064
174059,701742.0709074913
84033,480992.97727621486
105560,899887.9765659254
135934,448322.58161622036
99564,347369.1095392366
180850,511626.16700598714
96641,753716.7112627851
167568,416557.22989745735
42584,272859.4013364429
27756,318135.0626332561
176008,566606.5135661629
125793,437826.328926684
99769,426380.2199487502
134719,426684.0925932218
64785,557867.953271865
131744,783853.6806599514
4093,452150.3135329862
65300,469550.25938730687
39939,312781.0576911303
66914,373739.26588961005
84924,480785.35699071304
87762,518683.0066139404
15921,449792.5066661809
151510,370099.61487155186
39403,407183.5188106538
163230,442371.88637384283
91068,762194.9599473457
85629,406225.5788744828
49394,272088.71434157516
2530,226120.70537919836
25659,272004.6144638557
56228,362254.17400423833
47358,364468.0269396405
65089,438750.60553736077
129881,372852.59969081474
59774,543575.7181016231
88843,361687.92109944834
40191,300146.357347444
143131,348408.09134440846
2686,404889.2308051919
78519,621912.1093538584
7518,323647.11661997455
121083,505595.68553524953
139735,479587.5208701702
50547,315322.3981034498
117306,395441.2092801455
87778,438409.1853034331
15346,301875.7803335332
12844,267165.1811895545
54293,401181.145545805
167929,440616.2344102188
49102,439999.9226410418
27265,271938.1892274286
135486,381093.2622655949
97394,435255.4995025787
169928,447457.65290528344
183015,614449.3936967951
9485,313324.08629292913
38377,319445.6270615026
128747,516872.4959934059
41270,333141.5464633336
164160,774987.958416783
136248,487500.69984065264
20340,290451.7453795258
51392,305733.91304849426
16564,310593.1705274368
161814,745363.5973953942
123805,379384.83496712864
151959,406404.148727772
56628,309067.84462981124
135893,392704.7972396007
28187,421923.3689688864
158595,558548.4386702811
89003,578249.1834932831
51364,475314.0952105373
36166,366033.00747622043
107810,425027.8527045873
4289,340083.35456340754
93127,633557.7312351672
139927,519508.822220798
155018,519523.0418378035
25738,370443.5550431381
42253,335541.28118398436
75309,523836.81600507954
95899,525511.3568314106
79091,353580.4402864891
151948,425490.44081888004
106356,346439.34403144463
177895,613639.9036867799
70010,755781.4357841742
33205,337764.43634243176
30564,347914.1705059069
128837,463950.5408213221
61905,349126.8809056572
45753,278540.008590818
178814,733746.6216764491
80254,358721.7127602538
36544,292367.8169212225
41592,335668.5759453453
155877,452203.6839645527
160074,463154.118793268
88014,379212.80439045024
138096,426785.63577176724
9865,709169.7182564925
70387,393137.64654314006
143089,427693.39853619155
10778,309618.71730489726
8180,287094.3672096985
184389,576956.8139262435
52691,678157.6339658329
100308,827979.6907478741
93349,757124.9073172086
25373,345273.88137755997
63113,472425.9267346397
80365,419717.8577408296
27637,318396.86290044355
8672,276776.29242228245
57495,458783.8669425241
63768,323311.9986086189
61493,333029.93648957484
138838,449629.4052515895
163626,445698.6530828322
89989,566420.8335575948
71589,413031.9202632245
169941,443568.0971450169
94440,721092.9364377875
103193,368737.11730440916
83819,497041.6905971898
118271,327464.6564196359
19632,330107.11229539895
13007,353581.8527575714
139948,441531.8073451193
124284,444823.11036493606
132111,466460.9680500915
61481,256812.98476995726
53355,401035.5472004353
71134,366763.6151139777
74574,407965.5090308124
120495,462009.6349681688
115499,646004.4575849893
41822,379519.0457188763
134462,447190.9185300154
124418,939666.4523078194
173359,489003.6401182068
16716,247811.17663655122
159356,465492.37430001446
41166,279107.9526732186
122614,633209.177034808
136178,733797.946404088
127511,348799.5125215755
109755,453707.88115854445
48784,263755.1026946641
77171,335112.01199936436
82175,343755.17762408574
79064,346194.9254731816
177584,616308.0253369838
49957,212873.6914081335
97319,488044.1445948535
56462,448786.69392009446
172156,597038.6780169687
42531,295457.786647034
78864,468058.9898184859
6437,299777.20642142935
81139,380536.78697214264
68376,753419.5956607924
76424,353456.02952901885
105058,569382.9418999909
160862,393784.38055753533
174598,655551.753623896
11860,324037.052203489
39573,433880.9733028156
83468,540190.8449484649
64706,408337.4330827644
129374,604750.563059894
6149,286862.58485800173
53805,448768.08347160055
169019,501732.74113942706
4892,227218.56045955222
5246,315836.0053057568
37726,268715.4410667059
161423,576169.7490807294
98429,361844.4669870173
133694,658319.9513989661
775,277005.45406892145
1081,281274.0908468771
9037,293254.9870901321
146541,382862.59970266547
110561,461179.7701652554
146122,391554.30447430664
48419,316956.31785591366
116675,462565.3942848381
20744,316948.8191752386
148191,499377.27585561824
116813,519571.05911909696
155006,520299.81881385995
19243,317267.7876247168
135915,488680.62693238887
179416,684710.5932444558
3456,331401.06705427694
54904,357255.06881050544
7708,314930.9068472956
49239,302518.3581470826
995,251989.91492218836
157355,568147.3444874423
135621,439288.93216280267
134183,355107.2298606951
121499,417547.14176344086
124084,873261.244539413
22572,217917.48110793106
107653,525790.9450709608
156174,551302.6316884382
147282,346562.3662386724
144922,448648.76413008093
118662,463282.4880106306
155487,1033192.831344954
45902,246966.75120462754
178519,630832.927755913
107403,638458.4401220025
156904,445153.12190358585
71935,445286.84016717836
65718,415182.39201542013
64436,356813.5793312684
157871,400278.7276904705
147927,439218.5179199276
6258,287793.59277955344
98426,263094.8756106513
78427,593654.7682753591
45709,495023.7264325993
166858,366275.4053843574
103923,612818.9654177136
140075,389999.6809290055
166070,780570.6076070435
81329,510111.8707367793
1032,221812.36968907117
7089,294638.4472067743
33214,359116.3160508728
32656,299320.0373093081
83789,523859.83953503333
146692,544705.4679100421
70643,986939.8254989578
35208,335635.07864868746
168743,912485.0362950346
172632,565212.3646204611
10266,340962.2753753033
74477,452106.84837417345
49898,294428.55064179865
113825,401683.2764056156
137502,506068.59012622625
87187,489325.89433295105
29958,344761.3794390457
183624,626457.8910497137
127045,391953.9697880941
122681,782096.2043657482
2468,370773.2963377938
60561,346682.7896387371
171416,570774.3581235335
42088,253834.34243263892
25277,294882.82894179085
157387,614123.1041294265
180672,608243.3676323328
12211,243034.51818892497
140973,475521.32267329167
148033,838486.7222448706
95925,555512.0878592193
85397,439382.4462753543
93412,717844.9792619575
96742,347170.02483807417
87331,553451.2868316096
27647,365596.1005376559
49482,343072.0452870458
55092,309788.0815670773
79121,411251.80576353637
151589,526214.355137883
27485,279983.67502194946
183687,521401.0218952467
125769,364199.8844997267
58512,761052.2620103847
98021,420994.98821160826
75350,569013.133698695
150684,545363.8178294201
7357,383274.3322762862
145642,612449.6256921471
127568,461998.07587847183
92284,462038.1054535877
51214,433825.51608349965
69997,736931.394867104
72006,382302.1226981098
22078,571061.5136779803
76958,318878.9181333765
160817,482114.2018940619
157678,563903.0939740987
117745,717382.5765229755
111389,457020.1728845725
48489,457019.5687874147
136130,504099.4767009856
113549,522824.95574348344
128028,813354.4595707237
61114,472657.4908607742
23225,388297.9305919497
152631,443568.8085814077
88337,429796.8578588864
46779,400441.5129159575
177011,698694.1700983371
148498,493619.2246474715
66817,722446.8399734804
54947,383575.16633266653
148103,425572.6572592441
127805,469084.4061893634
159798,520608.0762992954
143666,367396.4402383206
133473,392190.30661725544
87090,322763.3954384978
177682,565741.8893791521
14884,272697.24034641735
75813,513974.48302041076
17480,297740.82472191425
166111,514606.57374508074
158920,489825.38423976593
5187,225270.50942364946
28421,777423.2510601734
144392,350132.96789327555
92195,448678.9614393691
128288,442403.4976031636
39947,254089.93798986296
28071,497030.31224060786
53423,298179.08590217656
125624,329362.2739843702
136709,445407.4571762697
116081,317009.59980908013
170853,593622.2364791319
78141,372057.38131111104
38446,344533.579197132
86241,422584.2043319266
111970,392943.5994506265
95434,368764.209432977
13143,320850.148863252
14810,324647.1006818831
49733,253585.84507494222
159661,448957.3022746766
98568,350267.3798964728
66455,658670.0772435432
65107,416413.6301066234
134020,390169.85772986646
75751,566330.1673555839
32659,314247.54929927853
100289,665052.0145565507
152969,720867.8723538519
94575,368526.11046255287
106594,371250.89596517774
133819,712208.8833875053
80935,407021.81266634946
184410,610366.7145125226
103542,405875.5709165851
86474,717254.5577679526
106758,412481.6863356087
60682,280147.2765981854
71691,364628.001030183
159800,553207.1164786292
112280,356305.56518887926
185828,657798.3203873963
115504,619140.6309041122
6703,343984.8560456821
94809,437959.2540954887
53536,392573.42218048265
184549,571167.7871393114
177782,863032.0426345043
14258,460782.0759048057
108557,341565.03769293905
150798,508128.8494051634
9770,499688.94397422107
106413,352544.9533020075
18060,304230.2821239678
170245,517362.5871261938
80886,352006.8467882109
172873,621897.2736592133
93959,382009.2459448502
185787,548369.6507506991
98229,468399.87029673735
11578,365595.7976871324
142543,502332.18730516033
31442,310946.54807599337
6515,394558.4361301254
60930,313578.0640623432
100334,645830.4760217452
44313,290082.50087045535
20006,344009.8120915943
36049,344884.9276870107
107596,393652.664997521
182002,853985.680726942
73763,488579.4909941418
52956,349855.63859749027
66831,555653.1318083833
33770,396224.8234079807
24064,322698.47735260805
5526,327707.07756988105
157148,518568.9883081059
7990,296747.5815391663
126748,375297.86544498376
64078,353810.2272524623
31553,269647.8449586156
5249,305557.86159684684
165093,713318.2992325758
182173,550522.535411568
39012,318896.07042677747
78244,575600.3968637948
27738,247146.19427791372
59974,336412.49600960064
171871,659042.69160339
110630,411624.3319814361
96578,617997.1878808453
166097,875198.2087605991
99930,747311.8900490771
134077,506246.42803615093
19746,243032.90280432248
47363,381526.7404641479
38562,204212.3986646347
31943,425817.6073281844
15946,306344.92490185046
74268,401010.63559590786
86434,734751.9258296548
6001,262866.294691214
155030,535470.0781735702
64897,438807.6745012904
117216,290911.2012497555
110742,400456.5423306847
21780,386215.60639195784
163867,505834.4704340972
120310,314109.6205038523
165096,632917.4514799659
19522,377513.2057424699
31921,291448.9447931749
88252,410389.35160491994
61886,352448.77140496974
155455,429678.884275806
19509,375902.60322716215
130251,518898.57109858823
100635,343501.16903643473
29515,289223.3522629309
39175,344871.964235625
143781,418407.07080978696
138223,629252.3270316595
162122,397585.86860485777
6808,341144.3676446249
112955,527612.2730008536
52098,335208.31024277303
167162,845348.3446902289
32648,264065.04549384554
102536,433102.28940419375
27419,296850.1090930584
147074,422486.5212467896
46393,313599.7158401555
43392,520554.13718808896
181590,560766.3387289948
51651,549456.1815735893
91056,971923.3888683897
111379,381198.329613536
98112,370998.59213765024
7289,332465.3089001759
88112,353692.26299513073
67654,627153.1864722312
63625,241463.71745372738
157245,483191.6274378178
51179,270261.75280229864
20417,221948.88975442742
60536,275695.2359950337
28014,327066.26452932996
117035,419183.6366208785
47268,266433.7498034627
17360,296820.9838028734
173785,497438.71802032576
176077,629394.5656234422
163955,585626.7480095623
63168,363984.5293352733
39729,315823.3578821664
86946,331740.9069639407
90190,469366.05223764665
80985,492511.68095386255
106740,441679.6563976024
164350,549670.6097431027
78639,658928.6338635447
149783,388436.597088861
38755,317045.62709130393
40500,304909.7642754443
42802,267477.54062435805
10975,365237.5685079183
18013,376629.7344016652
84535,335789.25524146634
177333,588371.5797861572
35779,410002.82397379994
5659,270431.4166244168
90958,390676.0706049834
134128,456519.59151578613
28476,894126.4474161664
181695,676982.5397337503
128569,523772.58195419447
37312,433047.09816206904
148522,514503.49758234236
122698,506386.3741004949
70714,982475.4253421124
93498,882344.0357002304
71450,371600.26717689756
94312,725719.1627616374
96432,422584.26782684796
95420,461943.2276154164
153937,480365.5907447883
76184,474329.35629997595
48415,329711.30959381536
77193,400348.1124707289
91565,391421.94447625993
146829,794508.2556840014
171654,605163.5639194753
99811,517022.79855544766
177619,459689.79505033547
161779,513742.4490192077
59934,259985.38758576877
71986,350236.77525419527
92257,465412.0940942161
124054,677101.9360228686
123382,484450.0786440146
167488,517718.01619171066
121157,503808.7391143526
30749,333994.4065106364
93719,370754.4189417528
137021,681060.8052543534
108804,451411.7407920074
35524,248890.34782035684
51035,521138.2024288267
39686,272918.6656209154
169673,497578.4178880221
120699,477374.012210948
107878,614132.8780874126
160896,481073.1162210482
163754,585056.7208776644
623,258863.06120771452
59,231593.37287944695
154907,468188.95515324624
49651,309098.8105533728
59667,330355.2116929408
74963,397225.0751545892
126875,459614.7355907243
181679,941187.214319908
80070,381513.20238130266
142236,450419.6378403887
1054,282965.57684268017
5799,266952.0889519662
105140,445319.90255709976
154118,547861.0312367396
163059,603603.1921192395
31871,336190.02257897286
3526,249332.04760737345
132862,549286.9514143164
32634,307776.07301533944
32783,353513.4044446606
93411,606923.1248936676
121371,352974.34365199483
96258,397014.7013977991
153058,420670.1874449856
154063,423387.4093155015
102591,432523.23141406383
92060,275775.7360257302
167754,913182.0583709142
115251,464261.0262896428
5874,230600.7483924295
125291,333647.5077190678
104119,422525.1141774542
164744,527057.4472274815
150283,441289.1499511098
85406,449385.7484419565
146793,430284.38230150816
159734,368187.23930100456
176003,634859.9865940409
15705,402698.5446904233
155850,685642.2396113775
141636,411511.9638710398
80198,443522.0613069336
142549,398187.2812477881
76123,525759.2950310175
66067,378128.8022755792
124729,491269.6526284435
170544,490083.69423156104
66358,371778.37424380553
26685,354624.8117994495
38349,323010.92076968227
131094,379689.0570074336
162679,402009.93552305683
10683,257939.269198816
176532,718449.6272414598
106162,486099.6236726418
168677,731418.6985626954
17597,284721.802460597
49759,301365.75607104343
46483,330988.86808360065
27644,396658.34341707354
177462,421549.6228159771
8540,696213.7460724714
133706,339668.2098916328
114829,461083.70587907743
20667,339678.95037094026
62054,260389.1406442014
102867,680467.4971520569
43353,353033.31259328185
127522,378637.34302338393
82662,409151.8851669195
132412,548712.1895633494
60662,404641.7150080004
103776,544181.7811464539
147289,405537.6971683748
96948,532135.2894745917
173330,803260.5304816588
5478,354208.1727894887
71252,373813.90369377576
103821,485823.01950478076
25678,286388.5678593496
100687,388157.3715792763
95385,314478.9521368995
140058,459407.8142847833
107179,422065.1330018501
107554,364461.3572698353
119904,557493.4212204715
155898,427284.14050435484
171859,465275.6458794714
153423,351686.71980116447
127764,422385.7804195441
117134,383351.015095645
148567,521615.66333554825
49617,287893.91169500153
166616,498035.8841538746
161230,578562.2556781276
105588,444471.78812995803
156383,783840.3500967446
135091,316946.97366985347
5489,352363.0544917143
64237,290583.7193069635
25557,350571.93442153983
131463,494747.0749025546
59740,352603.1396914126
1670,303807.71866376983
108766,386645.09309899365
81754,441207.222464359
181980,561188.5137250435
111025,454874.2804928797
178545,650730.6779116732
33226,234009.12551601746
103924,612182.9582899184
120475,453533.80045281723
54866,362543.4595691911
82875,392627.44730851497
143714,400578.8618247963
112114,594823.1165581115
115071,371693.2207963782
42389,379060.6082101533
5647,320187.34377726185
99075,557534.3077644827
56141,426749.70597699244
174764,579949.606651987
108504,352099.5702504261
38022,373064.25122092216
124472,326616.4082640259
4993,267937.07349988073
112696,440888.10898653476
123789,347278.8172024783
89918,398179.5077997664
70793,1030648.9919094825
176683,646173.1574719622
144546,765247.5350867707
159534,587932.7474673511
170476,568601.4129232137
118497,407718.35385877045
123416,404463.4001525196
121509,418682.254815522
140920,376219.7553355938
124466,946499.1114933419
156739,426554.14469891414
84022,466559.0844676795
17155,445688.0974276232
86686,341342.4352302797
176906,668804.385278871
91301,261012.32317565655
9455,417353.91490558104
149145,777407.6366467043
132171,661344.0080451746
112436,462597.10211858037
20694,271577.1113279359
28940,323031.0320550884
183423,543164.4360450013
127360,456473.86127469374
152866,388902.12010963116
80085,549249.6472644367
179001,537477.4733614138
20974,456209.8031525553
64593,480428.68034340604
162499,523017.60688752576
57690,566004.3360849018
80760,513808.7337097649
48130,446371.3643863076
124983,504907.94711279776
104658,454326.2430039712
165438,549028.9131356624
16242,257747.26791517463
79878,415522.9986641481
116283,390635.15586034296
169394,717680.7437993425
178586,696993.3912973641
79265,593166.8283551452
80459,441381.5353853918
21529,443804.66806752066
10068,320142.17777220876
163703,547665.044747569
126647,497634.4246400518
40602,366730.51997939334
1364,214454.70746225194
151302,505301.56393413816
66629,412004.0143912194
133763,591141.3312576328
28911,467406.70764130895
160851,487885.937053688
164844,457206.1111231599
109083,492268.6928048209
3235,249827.87590464496
109078,397888.4456294864
167917,593023.0133399576
17558,360480.6973222988
171916,831517.8277937418
102111,490997.0031773668
130818,428832.5959402236
34862,522157.1956413303
111869,357214.73471118044
103795,526179.3027302227
82318,453977.0398809322
124564,364784.9648544561
16341,312058.7883701539
59199,323440.44646219036
150694,628678.5798078519
14896,352268.89139327145
101203,359012.495429534
20917,329544.74867377296
79398,457848.20386104274
160292,430427.70266283315
108750,355136.05954920535
179195,562361.4481045975
177114,857804.8639980415
82786,427046.8250275343
55433,588408.8148158052
6335,329568.4714328433
182749,717105.0861849138
91581,347136.17585420585
144082,419544.4997805214
16753,440449.4634063588
112443,514579.46357578784
154700,388700.86027719855
14796,261260.5620658374
45130,484373.38226694195
67477,478879.44250826444
103373,424912.11410018464
64231,317818.05961238383
37098,368358.1781889331
49044,255815.06611822505
110879,706196.8535541752
64632,480113.9541866727
151747,676309.6934550742
73313,407129.1574477041
415,226351.31635918134
61244,712008.1708472151
44665,348286.434132118
74746,408218.67734743183
145755,544266.9280757834
29720,346105.42809638317
167233,620201.4765328433
136601,477594.65639929473
165427,478420.0867547566
43941,315911.73295094684
157643,533542.4985097091
41745,440248.932177808
61912,573845.9193251544
68548,404171.4211580666
1917,250821.23543801453
169903,419365.2485762683
109521,308677.5170836538
111628,401123.5695684202
31525,326624.3352902048
179477,590664.2605127854
2350,277643.7743933715
54309,327091.1994151424
75471,563049.9015346494
15779,302468.3542565615
58516,673188.3672205961
103590,432304.5371926625
156382,718132.5830944709
89234,866889.433081696
107770,457240.02419824357
148563,537153.3332612664
74287,426413.8579664194
71297,374686.7310507855
44519,324747.2845824294
127191,430274.5275379461
119557,412151.344899799
87697,520480.3081877612
76686,347559.0958796897
4245,519403.8454785094
57704,262579.480252145
28291,388579.8009267607
104826,350295.9346083972
14078,452917.7347345107
161110,555661.1415118065
57957,327105.177966958
25670,424104.61404649157
166300,552417.3144382188
142205,349612.265537285
43659,306337.0582382558
111388,471758.2966207238
6094,294546.5871388641
137561,538763.5491861344
31894,353716.0219821015
102234,468720.5819260851
140822,322462.70010460704
30183,375336.86281113385
156989,389481.8209385616
12002,263246.7283102718
160053,473680.4662377102
65998,486475.3296600402
60720,410418.17525868386
56292,694492.1476314245
55977,369356.71674740565
116108,284130.9211075618
46649,336808.33637720667
72886,672544.1534719544
57887,392683.95727141586
88758,427804.6909164708
59981,287383.7865401264
32435,267390.8142177818
134302,592901.9640149529
34301,265898.9412838947
29176,474588.69064367353
42413,645157.3740508964
62149,445141.47130302864
11546,333675.3813742688
134912,541788.7637897705
110144,451792.70308220806
140835,389645.6386170006
96769,386540.7174804452
124428,786365.2283026079
151735,609820.368198323
15650,267706.1303101529
72791,517733.6614601599
4648,233255.4974876477
53877,324525.3344891684
37428,263282.77909125795
113483,474441.15773157176
171903,586508.9384877017
133324,565117.2128302098
127524,395250.27170569607
143178,393751.2196149718
79311,415189.6092510477
81331,499421.2055219005
67719,448572.76577599527
32917,304137.7573378277
37139,320603.0932164262
1016,283889.3338028253
5965,456424.8689679256
35655,279737.9469792159
112252,341661.7079448976
43427,681531.8163664255
3685,341630.0434389191
125655,473179.87340172473
121900,382652.322466878
122675,503632.9126507103
130181,530347.9295272476
30276,290789.4896850786
87220,393377.5092555536
165446,561372.8123367961
43910,435379.62841563876
50317,345161.65237476834
110260,389766.8631384143
42084,257046.71920552742
156515,482108.35820203094
97493,472862.8207863136
62993,349140.4202810385
90693,390704.2570646993
131648,412710.2123700955
107746,463069.5244044137
8554,477535.62953510735
50401,330190.9400760317
164272,534415.6306886716
59833,452070.93858575926
92171,383954.0495877351
156028,560445.9843550171
17176,394428.5400722837
49357,335314.83476666897
40967,369036.0552151763
166587,631690.4212626871
181486,671568.9416610231
29940,296869.05764200684
36528,400764.39458820265
136896,456830.2487880984
86777,355060.3065480053
145431,429617.66186988226
93792,679948.6407007661
59834,457780.29926116235
79642,1159397.3002713188
138152,465751.17219768907
121427,535533.9243437963
49111,400258.12094061996
152767,606723.9794408478
72645,398487.53543803265
7243,353968.8199577755
57935,341892.0469453543
164882,397843.3582020721
110902,717703.3101816686
73494,442362.3797994667
179100,684865.50335565
37840,468006.77328445244
92307,444691.53721782647
181179,583874.1216614397
947,401965.53884881095
185659,571551.0245053364
35581,387130.31332961086
60654,311735.6837316021
48548,315570.3278324007
81427,367102.5554867983
113758,402007.42743494257
145287,333408.57283314
105460,448927.37806704215
109246,513851.95186590723
55827,312216.58022975543
103675,579374.4617973788
60854,435181.85086752067
21731,326691.5944806531
74110,725366.4031862821
47479,306462.17515523476
34003,399128.76176320703
58240,315538.9495284107
102435,386728.33066425665
46418,332669.67031425127
66530,446306.3730214254
58791,321760.58501088346
20847,345395.26259964163
181183,572610.908293098
150857,754515.8022801916
37463,358755.2747758176
7698,467217.9229506677
7935,426085.2081099086
84391,294953.6375763391
54595,254631.12457567587
129512,489529.76350431715
78025,387967.60498160165
110275,500830.9455600523
79049,345466.1532202358
176316,672237.0607325279
121136,433864.91449713276
40719,364459.41518935957
113941,370582.39103156206
83561,478987.49735785223
134834,432191.7142438362
93008,431624.8292239304
130499,266914.73796971637
36519,330844.7307155691
4155,335943.6484086405
51869,429881.69761426
84358,391624.5086919635
130945,433514.5012102977
82642,341139.5039745408
86240,451751.9785602078
22658,260501.20109725374
47700,280016.5813036729
138791,419904.6829588652
49161,355097.25615717896
93756,586027.7141156443
108990,459102.1574940998
164571,647171.3497274444
119963,337373.1162687951
15977,286490.51362840907
45346,432141.13641277
8795,356333.698624693
143001,521632.8203759146
137695,545685.7420404217
185174,655186.4971586418
80823,427779.0253851764
55,190201.83166122326
3917,245478.4341826037
108024,503599.89014828694
60804,524010.77130300266
75000,494532.5208427051
144417,322910.21726983786
15745,332168.2750596371
151534,354168.44680094277
25002,275569.15927232505
57555,398316.7781068073
80796,389762.50824731926
72039,351140.0341252904
21013,295310.35914793337
65966,369326.3396462527
112156,320004.37424124125
161803,442756.51229860407
125462,396698.8448648291
73220,427006.04761488095
38902,248887.66779347818
94638,898030.2742254612
38423,298913.9606512336
159853,577771.1717410173
147922,427436.3942148286
54112,307310.2810415506
176925,821339.7163092976
96944,456274.97990243096
3727,754805.1957344392
108578,433928.0670142167
130997,371435.6926210933
53196,426904.43529957416
56174,333686.00640496553
31088,368959.9867524894
42482,342395.15583727
45211,370883.33638543496
51686,509054.4742753565
95876,525578.6602494273
423,270638.2612640277
14833,279530.8931354489
115580,438525.427768633
35766,305255.2292185596
161116,351781.13451230375
73660,467957.6113956294
131504,446079.8823076735
4944,314031.4340328917
112780,402705.13080943195
9120,277739.28299809183
82250,331591.7105319686
12159,273062.42355739797
88677,499949.4699820969
110479,620725.4912780722
32731,263727.7299836921
173731,455494.62231868535
98190,321428.0698670492
51537,282037.016114148
163755,722374.7470512412
26018,293488.5135996526
93881,344023.92812844005
149106,411265.66097015736
93253,532141.0071682194
95541,479453.9387967764
171849,451812.9839777973
126285,609395.1832735379
147946,622786.4921426661
56768,275633.49372446735
136476,357580.31519268313
159929,651325.7284441072
166948,718899.0882077508
50928,257265.57918362418
101425,467157.8913012678
44112,306751.93766859086
6301,256085.43418115884
39101,384792.9633462066
178255,728731.9265905537
142210,425556.7884293591
62246,573356.3139913274
82760,397355.66301735386
77434,347681.04644708685
173971,624460.6466860267
168573,516909.3678693339
126031,613387.9134689592
2165,242415.92906601302
88462,851567.5453364238
112590,470146.72619100165
78653,419463.03436836123
22206,530547.5531595307
143201,405959.41200672707
55115,544025.8085253706
31678,345657.5581089646
98729,354882.5701762398
176742,479389.44355663995
114037,739877.7564920963
145169,978912.8657119728
2913,264637.36565919005
88825,474297.76738727785
4005,345496.5576323457
176476,621096.9641152476
152169,365069.4863077814
15896,243629.3898633969
29425,241813.11070622795
135323,548513.3973762305
155767,406364.59685605264
5206,296233.23141412344
119580,444184.7417319712
25649,290879.3576945335
127661,416879.66682430555
164215,725571.8205335498
103777,537465.8237605789
32835,365428.1594197216
82389,352243.36271637277
71257,432857.68850031286
165414,404973.5845922681
102360,390976.83882459137
172770,465891.53095158184
75898,453883.5294091577
17422,325930.5536768151
60095,589454.1277196641
168394,513296.14099349605
6915,389886.7635438654
175757,594806.952024865
117915,541960.2228459917
181335,665739.865013621
129166,600347.4945708778
51643,416667.7953621142
156602,665168.4255306164
153237,538467.3072646345
124578,442279.0705291235
171532,652205.7653770475
60991,434084.2277954756
25918,315215.4144605632
60555,342034.36701604153
17104,439684.8517753255
6765,339241.80748336215
156276,411606.51591331785
18383,293414.84970072773
11036,685009.7693320569
145293,429344.62915627455
78330,718504.430178503
35903,373077.8547882651
127777,410139.77332856134
66379,403697.1214345865
83580,472828.8373264415
33556,338702.5120902835
24142,263255.7291405158
140019,434002.53043204464
57054,464181.73133663135
110890,710437.4886881798
42636,283547.2588119339
183045,690931.3020737125
170000,449171.9618116744
166785,541143.573551644
103174,335272.5709655547
11049,310596.76994984975
126805,350579.2245626132
157965,385508.30402525124
140922,412879.995262261
148651,356783.4510392598
184592,622161.8815952276
4252,705719.426804406
137478,508594.6541656482
26980,324192.5811940908
123316,474925.32129503496
152071,503127.55846905906
43836,333920.1019867861
19239,338762.0750009469
125723,405609.77198156697
141653,481760.79107750056
137166,711151.4822477553
88706,439115.52995215805
125671,457310.3167953462
119492,460180.1011940876
6418,370940.79405593703
108117,403061.77425647527
18706,399778.53404682875
161861,489840.3624539329
1170,268752.3938100142
108765,388459.82536455395
155836,524452.7081799271
93448,598594.4199183559
127195,502840.1863059687
33160,261865.38897736312
30157,447989.7479180255
99892,554034.2197997656
98338,364773.70043132943
56396,428887.29797277425
656,256198.65794478636
174802,730612.0429066865
135349,772382.0304477685
101442,353261.797330788
146057,373467.6514127677
28322,429508.41843441396
74403,358531.3837184267
109159,573690.0894015344
116884,396345.883798897
147912,400140.6981670995
890,253741.64194528403
48459,501056.6730013079
2068,187409.00039596035
151241,549980.0116381875
110636,445620.86658154463
62584,424060.0339026386
29645,686978.1602846942
44822,273913.1263770519
158523,660109.3695054852
70679,849397.3573896679
35333,271013.502404087
69445,399058.9296585063
136501,410778.8756850031
7655,318986.335349174
124227,406433.5826620666
20989,515422.33731472434
131699,435999.777486942
69987,754073.7293221592
6185,337598.8909004828
89448,493675.1450381231
10965,329038.2935055306
5743,339916.1725061031
67656,646908.8004468036
153781,827943.5799714412
181682,797669.0722288112
72109,347716.3687492431
101200,444828.0177057767
22281,282417.32173171587
25735,351604.7064571737
61171,588907.2470834625
8036,331711.7440915366
82158,358010.60924384225
68503,371588.1230945256
19254,365883.90992581414
43662,323209.7423850092
7128,336009.4699468775
129999,590660.8057455993
144788,429670.3628243967
83663,573760.486850695
37887,441714.9578517444
154458,777721.5338761342
60447,803626.9110627726
49652,280671.35991791723
66899,402012.4698004685
164401,634642.9659572425
167767,800860.2364839637
172975,364356.41672036506
112685,411069.52516847133
40578,297691.68627008394
179779,675039.7677690614
167556,365869.23313917295
145926,457970.79925925506
61621,321834.58382509364
47799,470768.57971771824
56338,1017735.1506037073
182776,621714.2564886503
85806,376169.5359867301
124637,513115.73757263285
174460,580234.577081856
79588,839522.370652793
21025,410648.51094549964
62217,263193.46939952445
160545,677405.5630067433
8491,313233.80856532376
12078,208658.31260414273
22798,273080.1250713942
24153,360645.2615772055
82870,399446.81586500676
10760,242274.05397933116
101085,445269.7345475616
18797,340357.4399431549
105168,366609.4269591871
36626,276287.457723071
96579,644318.196059787
5235,236759.05267391476
122252,401387.9868135118
110908,631435.9008267388
176583,758029.0209777094
49325,530805.5562498092
85333,485750.80363943946
144824,434420.22411984287
52993,298475.713444805
84323,316758.6698610162
26557,341833.63130282285
50672,315396.10005594086
31001,261977.79656813038
30227,344656.4447914153
112255,309241.5686523466
162664,460247.3390219664
137092,398775.51459508226
159508,589428.8575214684
17644,302615.58516094333
22811,281497.0566346231
70031,688472.2073938255
135825,456819.768063569
90441,678937.9821977424
152870,373230.8121813908
661,228543.016656582
29110,421031.6191426713
152460,341739.8668970185
41638,378898.3092401825
117606,390172.37662863
152666,460937.07963705075
125902,652210.6151481676
79592,906039.5246093395
830,197885.38158261852
102952,358606.38709544984
133345,621289.5145758175
35124,239752.13713394065
65965,474437.72564730054
136218,400962.9367927849
136455,329715.3974649424
98038,569533.3307409566
80225,549378.4938424266
169149,604194.2542880148
167080,516858.69691502117
62581,419540.47911033785
107598,454380.3918539117
183217,841567.5163183763
152875,410839.511138008
116395,478048.21658631053
139890,316159.21947939094
34530,427559.42274188035
76616,354873.10636607115
138349,408767.98638027493
99399,424387.4797303979
160918,391912.0645910731
110855,472893.76997841464
177388,690361.1159761787
71327,334305.82526928425
24238,317325.730776487
72648,398603.55685790966
83071,367797.52107208956
68059,323112.2720974581
69760,443042.9653314933
113897,434198.10908083455
51912,486075.7397618721
44157,241011.19980476296
61025,548043.7035298287
132460,432143.4562779453
24804,270873.8841554275
108778,415445.579901786
87742,463216.28034957236
163583,608135.461638912
97073,324153.85811183875
55823,334481.16148076975
137725,430723.72668395843
159620,468542.480536957
173274,699928.4450662867
101219,337383.5333012719
124074,667804.8553745244
50108,383823.18741880334
174422,514679.56553417275
142977,416846.49184544873
92581,378221.5109452803
176038,570887.1515772867
51329,346415.65688917064
46021,278641.8403120066
173563,580101.1894723761
123846,405099.4295249701
146658,404984.6573325918
74821,373838.8366710908
161020,446684.9824840963
91469,365533.4173018682
165025,670805.9898017294
100394,714063.7011280342
127470,335277.89269693877
178415,549359.5947234586
121791,353946.6542654329
87551,332139.99223399616
152276,499300.5554756745
17641,303710.43661903916
36089,291416.4024000622
60258,270013.38136387675
72997,450121.5802954849
141339,460510.13696026726
160136,526279.3659939328
77440,363092.7687935382
98992,356477.9677138543
74955,414410.01675274596
42219,315176.67338063935
32789,344653.55439583916
91826,387568.34027999145
107185,486253.5658038081
114105,406001.87059348973
98624,439639.2801015141
32983,310111.1477678066
107034,381030.6942674464
126238,349557.6963901721
107349,545796.0766895137
40931,328408.36223859637
62087,299203.48764176155
73731,459013.43343359954
80646,462936.37063970766
115023,437229.8026091802
131897,456215.87331351376
114623,451575.4921613573
27691,288694.2036250376
112484,378085.8408963074
154039,585964.9197398489
73194,448421.63075166685
93245,491796.12788919744
149489,448712.9340266185
169907,522498.2966472036
35712,402253.1288823662
123795,439272.5398791854
42252,332721.67187439924
175726,840843.8643669403
175028,557299.7310413674
179200,596690.7814062866
168631,574623.9083017621
35114,301490.5588390092
6228,277368.8480425847
63041,312386.7604103499
125796,391432.7033707855
4354,734055.358738991
103194,356983.77707003796
185717,653692.4901733616
122139,387042.0859152054
80854,384287.6831616307
36818,254617.19081446016
118877,356045.31105585874
58203,395787.8224880812
155382,509753.0377126576
88297,458637.47421823465
118425,313773.2857977113
132852,398048.5697671809
124360,405310.45673286694
19308,388825.73843753006
43717,340744.8399812989
33379,318355.4669236467
97506,468857.4200888355
22982,311234.4854605207
1383,327188.00304786535
182308,558187.1354183791
114153,463904.9562699415
128961,368818.3324363372
26834,432143.0796144472
20900,370098.54285426636
146852,859893.8956344149
138654,484322.4532618929
119174,459468.42480466596
163108,583442.8694524223
5604,509218.6720567259
63048,434631.52791686694
5831,608685.1252026611
60656,399109.1205988183
63925,393357.9439031891
16163,310745.5629341662
85919,693623.6429645587
52487,441546.16392768046
76831,434912.95467799983
101866,335731.35223445
13849,316642.58445009426
28941,331233.623304165
155936,515289.4694817312
84319,873010.744675326
131649,472480.37708369613
160032,518548.0219318471
121096,435441.39757257607
65225,349522.7344400213
35725,246850.2751019824
59027,700767.9629888034
165660,800620.128563784
135076,314391.94761700963
66659,634572.6298113007
74071,747464.0407549993
58481,560111.8919740778
100291,608877.3031307047
181136,548552.4922581156
162364,766627.7962442725
160460,438420.3567846775
83457,446327.21703334164
47922,380329.26783028105
138098,403776.281581954
161570,675484.6269433767
91886,343369.5902955034
68997,461522.86458479066
6498,486998.7926735736
23853,299281.5060287687
118721,426924.23141605733
105907,416924.8625315772
145659,398700.3543996492
75270,612208.9194475162
182920,664591.8442042937
83183,449325.9196029382
164175,757023.5413785947
54512,384238.185531265
143543,458133.9927923867
5664,331295.47187737917
38054,476703.42967094923
91155,700822.4931845343
65477,436093.8595220781
75442,491556.5257981807
75099,385442.3968956035
135344,739314.6076559571
91203,349771.3247264364
27236,210072.62041956218
38074,755721.4364257808
155317,506327.1950042279
175631,577439.5637017585
33158,270557.42746207316
26779,462794.2941395076
166970,726455.7202729528
33693,346964.9211782531
183704,873972.391747076
140293,481490.99763076403
73880,611106.3807713714
148446,449718.89875790087
119436,354516.05595059285
44886,418706.36870863766
38551,255332.55948708992
50534,320617.6829962548
26677,286654.5240392408
99226,471956.99401672545
116735,414717.23374364397
110627,406747.74232340266
89488,446809.703875707
163235,551605.6530301592
144482,354754.150948813
12757,317025.8475100875
177432,762616.6593260475
75861,419074.67723356595
50772,246095.54661008078
62234,265448.8418527249
30104,328950.52035919786
89631,397153.59833895316
67975,932752.3251131396
166748,808268.5686260909
36090,301805.55239288433
94613,523916.8299408124
160471,545132.2532074947
122887,758158.1506771438
64837,552958.7458605941
103238,332602.4941349064
60220,247919.8178367723
174413,578610.3815993507
112035,425760.74517715524
44283,223953.23259703282
93261,565940.4568548255
29584,310144.5927044023
12419,270577.9352977347
123623,463019.3766064381
127356,431850.389510092
45761,265746.56353046367
53765,628033.1984036551
77211,331838.06150897546
181095,621989.5533504217
144946,539648.4421073699
86916,310120.5907462706
449,317255.26061433915
160065,454537.70907433983
1721,424648.0012412637
162191,571459.7593536511
99474,377936.77871922625
79437,424080.64787881286
55452,925117.4036352326
157631,475519.70626324636
7485,285769.1584648268
105311,421637.53017717006
168945,416140.3651310584
45014,427889.730171873
54348,350467.0650892038
46343,554917.4425165339
70898,356292.08086612995
139120,604911.0212676805
62486,371655.1172146811
64679,372822.0204241264
87098,417113.04291840934
143760,382645.9377472468
141856,545702.298905478
172143,482968.43284863187
2293,310304.07435291953
28661,349489.3104176824
30875,300851.412281338
165558,783363.2494335958
130864,773387.9100908865
150589,547343.0674861077
100753,368596.76174370723
15489,362431.6579610102
40281,297728.9060554992
142412,613766.7113868053
60658,408124.19110133476
81399,662425.8154122528
6724,291964.2904629158
114241,472940.95058416174
16502,397746.48077741824
71323,388753.05925622524
1869,242861.0937851809
142762,434903.7809592164
84725,386250.5370934878
80742,514267.1906004385
142109,748195.1652298943
67253,296502.9023548252
157968,458732.9624430535
24069,345428.9642324947
124019,509683.79826703673
61117,290884.6059591908
38188,294845.14009023574
150989,555327.0325608923
50191,349362.68436666
167654,607066.4425738218
170380,713198.0129602596
92118,382776.13908359455
133806,588903.7823177938
99200,321534.2978212268
110866,591094.5976932215
126576,515154.3484805417
42217,305748.18220316636
120820,510465.6133138442
155758,390959.4013481209
87933,336269.5974957065
1927,272939.6015949298
184964,741421.351434483
144652,665373.8414491164
67750,503406.6735686741
140733,522693.23230268003
170185,412773.4008202667
362,239635.75214069
37458,284326.47722461034
69682,495682.2178550386
159403,479868.3605651341
37648,616728.0534174062
54504,387857.09729690186
67085,663574.1956159649
163624,435676.840900379
135127,408165.008771265
146051,323460.79056532116
38092,269858.8252656339
36907,293745.676492022
30789,304758.04018813046
147833,377766.7745989477
149038,405003.37938397867
138021,409328.64380005834
11352,274050.6166226159
151824,418636.5400476889
142394,411131.0707866273
95298,386790.88878561195
115268,492092.9731953339
102017,378138.93292941165
88549,407134.24160688766
108634,520196.4798683105
103292,385687.8790330256
164683,459960.83792504296
112853,362862.8230590661
47568,590695.5269623336
131737,799997.7683388866
157140,488017.01813189726
92376,656756.953330216
124681,496472.90320844867
15948,374005.7325378996
62556,683856.5426570459
158327,423120.0761843958
73614,461602.5645998466
22065,311837.9298943466
22929,360081.1376678996
4065,340554.3896301341
168856,387314.8992770706
136562,551152.527916926
52113,264400.1584878676
110958,379319.72620317456
58176,362946.8688008214
180852,572998.7817164452
107030,362266.5664183365
37265,367981.9317328902
85525,578448.9873287155
99483,362135.94603307894
46176,305887.22507606266
6347,353223.3794583855
6750,279653.287393056
135588,466281.1129198759
36863,451477.1093421719
160343,528510.8267547226
124266,388501.93809309514
10404,411504.2755994773
172895,563861.585011018
87743,463578.78953267203
157584,563439.174178217
33196,401659.2898376714
142080,704704.2730687594
21962,350811.92218016204
36681,347368.83124724485
89618,360305.0375478723
22575,210410.4358293896
74865,467152.1478186931
23086,262118.23425396194
63230,440539.5702692434
47900,390496.306618392
138047,459513.5272378777
44428,324786.55139605206
32545,241059.83714709998
6893,365374.90384325996
136357,433061.78987595974
147506,389099.0807360358
68942,411333.42647847935
10344,508571.00644299045
156343,442492.9889036398
54375,460185.4258245638
166802,561304.4240146775
104660,458437.64370261936
17191,550287.6991415742
694,277978.8477557283
148773,412368.13114931853
153518,601440.0856325564
153032,384598.15230729006
15328,280209.21886985976
181816,610181.2321778089
166079,799123.2594536281
3349,288331.24085681426
77158,433752.1085463636
51043,421981.9050796693
97191,453548.28822382656
162363,733892.4090614731
74545,414609.6586951279
91063,687520.8321765529
9828,492057.98130590684
4794,249992.96214622038
43195,396046.97233906836
172926,495082.63465241005
4813,309112.30881170684
124388,475881.0441084872
64450,426399.7586964995
89211,729453.452749877
179338,549360.1021964615
117316,439769.4056206384
63143,493101.19026698894
20211,441724.6296283308
2038,230718.10468412976
141930,366227.0376590544
46733,303238.6563073165
91977,398439.8443023994
76352,684074.090644198
137935,455218.66451819957
125153,349457.8600066161
71173,450410.8150983697
58283,744874.5747922356
10218,323650.0410204576
74833,398762.49724917
104310,453899.9127345182
12243,306674.5313808591
71076,408560.0024782483
41497,386498.4729973612
128822,330837.37573151547
78234,550044.7798922465
124002,649870.1318822776
173311,493108.91793838434
24748,288693.95062102005
122571,485721.8385783492
39621,332919.3855864089
57648,328181.01080647984
106719,412622.68812232383
23434,412858.10891701386
52411,328812.37766213965
134820,557661.8276218239
37324,701020.2868766012
81130,315402.9731331556
133457,419199.0580491661
38395,337289.21649357904
33463,289749.0226038776
73558,431754.9767133031
178037,675098.4371762902
123216,424468.5908209793
27568,361344.6914873965
48216,420908.38002136117
147065,369137.80862802954
4998,260624.99952528634
30335,312539.07338923577
91192,367500.0595064545
137038,360728.9362994424
92153,428182.70722120145
173832,611269.3350394211
84214,659113.7892343174
149239,392614.0232261238
144006,503140.35785557283
76269,374815.18785852485
61591,810338.871901148
106493,408239.36058341584
16087,318775.7784613806
163364,487385.2512407586
179104,774492.5394466969
29182,363416.64409336995
85327,385941.5604310273
113180,434571.83814285765
46529,426415.3907030037
18212,367320.49844101747
23812,310545.811153334
147598,783875.8812771146
182721,621508.0109613554
92340,503041.31457409426
30264,347533.0198824766
78776,438182.842172401
75575,463014.62739490246
136877,485569.6795178579
122558,531927.7286677938
169898,391823.70786456106
178912,606073.092508492
163334,860274.8548320552
102119,559618.3391735544
38436,292428.5788936706
99326,395185.7267341759
104002,388532.508414433
165394,408074.7537046316
80282,430933.5344577441
96043,578032.6642147448
72763,644685.3207224823
134305,632283.5771879189
172952,640235.4366077653
43352,416713.9552839898
145667,373676.39754140796
179301,787476.308636342
55292,342475.4983143201
120390,461485.85239824443
499,277285.2878526328
167890,584138.0440853357
28847,332400.73135994526
86485,703191.7565030346
23210,301126.3675063199
11810,313508.86795307096
13045,332573.6360968113
70949,336576.9910024295
131402,376580.50543384085
107465,372395.15454050794
132697,340679.1292150568
139064,462417.2614678232
151249,508011.48997895594
178430,530583.2043484646
6373,315833.59182805486
167367,468141.89841650415
108495,463341.22488162376
121961,381861.98149398516
113348,337902.95914377115
110938,948732.00308539
36919,327259.661282058
6845,370473.49954928923
75598,482901.7851038373
78673,421729.2511933942
2290,321956.2540411938
52650,518933.08997774654
96511,402773.56393420417
165461,442939.56313795975
158558,473923.77480460843
7684,342615.3229481395
138726,585481.6970951316
68608,567634.4665295801
96286,409569.1923052509
94641,919115.0363275129
156549,449356.1342427847
50562,347272.59778389573
164728,451573.1028584064
15694,340024.7089263301
130701,363954.71981616376
7837,319144.8953969631
177275,571879.6363383046
15950,387238.56023983203
94681,653175.2558533628
115120,296891.6007030031
151318,640407.3073344794
17178,427378.18443179346
148595,735470.4163927765
67745,557411.5799686435
129323,334950.28798721515
122771,502964.8044230846
181700,644723.5494457607
147081,412489.1260809117
101298,513824.0116587324
182944,656891.9799138869
184363,732309.3072303187
118535,318511.8739990461
168103,533293.2279513803
73391,553802.8019761809
8758,346536.4170630906
64675,345528.1086582026
12515,326634.2026340618
114381,494267.9845725918
164740,587152.4605249483
168438,460621.6640119757
60618,298859.20795061457
158726,506143.6838590864
88284,447436.4253888168
142009,515185.1938798523
134343,384805.4105544772
140217,666962.860029337
33189,349509.420040744
102009,472417.6327893055
127483,303323.1764921949
2850,205454.06572087773
92518,384020.99810446566
38024,354594.3024223619
117401,472267.6563167845
159061,448074.06816544913
104792,319319.2642092681
64118,325698.9253582177
98023,471392.90035157645
46450,437490.1306663086
177609,674092.0737840938
105448,477087.51649927686
113167,360020.99401915923
154876,549839.9724348639
66822,701795.921985701
20684,292145.44205977477
53280,394343.04207965656
18584,355405.60162803787
136611,442923.20931145153
162586,481198.52065639227
46039,369571.1086038805
181636,590606.6188725083
104770,405949.98493985314
35605,673807.8638573278
72880,839241.8547403491
57223,402556.1506118362
96212,487062.62183647696
146571,424241.3829459896
96202,513492.57389744103
119493,486026.39041644614
158723,522933.54657540243
149825,398447.39484341827
82377,440548.3043194057
17503,278878.48751682887
65854,301702.1593556959
89775,341218.09973219596
103456,554366.9692515583
143166,334934.2048637411
97899,505480.5506415049
33049,377779.270179873
20541,217045.80800082535
166378,445549.09201650566
142460,391834.887725692
78803,386716.3947566344
127124,426963.1160106191
46074,385239.1056209181
168755,572463.9908355178
138362,510072.50858111057
180843,538252.6466328917
61732,864960.2848087614
51522,239701.48407522443
91666,390503.5719437212
135414,1027406.7720992983
73647,484948.4336894413
13310,343710.8319835021
156079,510363.22394055524
135368,515784.0993797664
94480,339320.02553982456
113927,508674.3159629232
177787,820772.6777421699
154276,402062.869342382
44189,397220.89741092187
67486,671042.0097945337
92046,309217.7200234733
132968,460746.245637396
92965,749183.6203050003
145341,493612.7844101258
9802,744171.4945871385
58699,308241.35211031995
108547,352036.02203933964
44855,286627.1903503364
22909,259469.88909180378
150855,649928.839539002
129387,728083.7206175611
92690,481254.1059799392
170169,457721.0339469949
21624,306819.2857209089
14983,368485.5779362214
151259,547611.5261006796
125469,443912.65372079797
99446,323869.0693171342
75066,363261.60534004867
104899,310918.29380093067
134585,490463.75281349
61678,403793.6434116717
5205,286696.3323254832
124890,427830.87985835766
138050,444853.3943364187
25438,390266.15184571006
69752,455438.57528505963
181710,634650.2219476417
13594,353160.4833028696
167020,458344.70802685537
95580,339607.38222295686
164558,648638.035648517
184257,560375.9066630465
35140,309658.8111209771
82345,419697.5413720183
5762,312650.89879630326
68818,388942.8735265672
131859,553559.554878373
170203,469585.5563460665
20734,267589.75612754904
137674,650910.4786182623
13095,552269.9614881175
32924,356995.69791622186
32032,489790.93149812403
135504,413540.42875713506
24724,270857.7680804321
39581,271532.5668437459
26317,244828.69534935098
175958,561282.3789244194
49526,411154.1356850232
92382,623598.6271172874
30326,468822.1432295827
39197,480591.4188538294
23027,330359.8096432432
90663,471471.0561334802
125841,662478.5063206427
166882,445171.1205238535
43755,476316.3621100531
83521,494533.89183326485
80386,378038.47671345744
182886,523082.7051330814
6831,286708.66549528367
107949,493268.17460204766
183431,551705.0328426101
180491,581500.3520618851
81710,398448.8884648713
66903,412621.0274041344
123215,390784.23829482816
144843,371189.4558167439
88572,440121.9085830356
48763,420851.62871391117
133490,303077.10646017146
115558,426977.8167559268
120073,383888.45591606945
55651,381358.8454847362
96190,442507.95895342075
58361,338347.6093488083
183880,528226.4522362413
132744,659080.7394215257
164484,432259.85863803065
115244,364023.2182545993
116653,387123.62853286444
128455,424538.60019270016
17823,259062.26791236294
66092,490115.221645994
14730,343947.6721243616
44525,339741.7026523192
57162,320485.5857461296
48689,259682.13454901293
185172,633661.3509104227
90908,362482.6722807524
3084,428992.64740826574
11851,257439.30167115002
115713,719344.3283683916
100410,693041.7076031236
157816,462028.2685865563
35945,335133.6152646657
9812,769637.6515613061
33822,442178.9360945216
98123,567183.1796481179
59104,303727.4779856784
96550,605236.0776715464
21204,283492.4221280052
66063,679368.5075251012
140468,394729.0215112339
9954,392090.685247608
155979,582501.6853101437
137046,602656.1682857878
34651,429473.5435855285
33968,311310.3227492862
78686,509095.1053860867
112569,500853.00495907356
85420,431289.6255182737
113291,376819.87888798676
149429,446152.822330996
165467,404178.3774417814
20826,259628.9438692724
74171,368379.21611685003
135595,335260.8251470168
170611,512745.01869547775
161504,454411.7261544661
184273,606335.9636037928
98570,344075.84413921164
52758,781852.4385981879
161840,488978.34595285903
81669,481905.6606589255
165465,403457.46769699536
152517,530904.9976060241
76599,313160.08518879657
106382,469268.32315561525
66754,395870.23686217517
168335,341145.5970946351
45606,369690.46663720964
182585,626079.6544487198
36825,241869.40901692762
64881,449265.7247853173
27300,251716.309425143
62811,412031.4936698226
93279,847611.9085569949
180122,541261.3554221464
95962,699868.6847299933
99939,544456.7166721874
96826,324120.74403684994
177177,744122.6941918519
62545,264699.9714203741
41401,305998.7602229068
21849,436559.0349178215
86771,538339.1733943108
102010,485601.28474532405
39382,367942.15046900965
82984,422172.1446955082
182504,617737.9405179459
115610,400678.77013272326
75484,370970.5058034787
49391,427681.79404631007
118671,425877.12922142394
162709,415673.2773679518
70247,347835.2913884786
28191,382444.80128144496
50795,280854.52591245354
34491,308701.83537618263
140701,540501.6049702648
97347,456318.91098804196
44893,340431.68257298646
6354,315552.4245240183
75533,416639.3425378236
45092,356851.58047164534
134639,428727.2448680174
105764,565200.1838484872
41508,282621.6915827309
164446,452784.8564190727
172249,493438.950104917
124517,376299.07298958476
5266,244475.28897762092
120908,664667.8043047648
16243,266392.97382925224
29978,253535.43919563235
78539,395314.76113559416
174030,537358.9114072088
38147,293028.36576369044
27643,371131.5023458376
61477,441205.7587961315
159918,527866.5420714635
50333,259300.18717341626
22403,325370.2823392605
15375,246104.80786663116
139191,368212.9544551299
61178,535358.4080320817
26730,353757.08728103776
15934,282117.5700886064
26174,306636.2467630391
161454,525822.203330731
139867,390567.2072324082
72851,639199.7798947333
75635,422412.2263174758
154718,713711.6283839985
165169,378374.97012562887
119552,596587.4172778277
103480,444695.7201383288
31129,390816.05109222303
13764,247076.55281047162
107621,362720.02027876273
103667,585365.8945533212
26726,288306.77818161075
161568,670090.6202487366
163011,446185.977138366
112964,464130.43384412496
31619,248592.77149839952
88610,407921.92979902454
180168,656575.0516641219
121145,355708.4611923585
34865,378710.2208444872
163402,564340.3597362968
66974,725046.7458415842
97811,446364.1156376001
81213,524262.9601476772
145961,760013.034185553
121361,482743.22645399004
139883,461090.06898688705
115967,485017.4853797712
19820,272430.00716820295
98078,525298.9646009617
33566,286197.68290405354
151508,389038.09207460075
183355,526300.6457803664
76131,418137.4279380393
81803,393979.47045921464
154050,660275.7607412651
5811,298876.5487141236
174901,638887.5160197539
170949,404244.5257912474
11110,295115.42839510855
146378,487225.271876579
151340,428752.3713902483
44564,356190.7635328114
111409,394772.57349031186
169349,401963.47778997
521,265767.0302383087
168221,553004.4065021882
122054,283862.52215297014
36586,341498.9973423305
107695,445282.98180879746
173834,609117.0691711907
84686,347233.95877347566
83685,392170.6578956113
51873,380800.69044587185
173667,426919.7504457012
23180,291894.2797351535
124393,692458.7088480559
99011,475614.23752477596
164113,699187.2056114657
15104,276243.3460409967
53947,659224.3064813244
24721,284665.4536773317
15279,364200.21356360195
164100,719953.6677096009
166947,611880.0053032382
102577,388345.71981333056
10360,306450.57312917843
516,228333.9999008506
61021,575850.1293005736
177167,717201.59340215
75055,400004.2467666904
168328,313358.3970804132
89515,335165.113132309
141079,458901.1508056021
133058,715798.2218426757
71809,510651.66124436306
99647,816434.9754658471
56773,300073.38396623096
168836,442248.24123037234
117785,625499.6008318411
97566,401033.42259607324
26840,267553.554477781
3431,228453.02532053765
121277,459111.56706051447
31732,586849.594715597
152580,508049.02305001003
115872,641104.9121769291
142435,343642.0694024586
96124,461152.51412002824
16273,297924.9207190788
23504,298318.7788495007
82548,406105.1434409096
25878,479604.18592382874
151503,308933.53356034175
26419,267455.3163204462
77619,374515.44960959884
177801,483204.942526245
170211,460992.09734799725
87511,802103.333129849
55228,335506.37746217
122851,589711.2864320686
68326,600471.6423822128
137897,379821.99465725385
116706,492941.26920148253
143970,416463.2986189327
179168,575847.3241400863
27683,318373.8350752666
29640,725477.3085325871
149771,497293.322108849
98087,496368.3246822068
70015,804222.0441218207
121347,489780.11872101785
5628,252930.20134868246
117247,364038.5841320481
91372,363639.6739094898
65944,728239.7708614725
157422,365487.3726021659
64239,422894.72255347983
119404,428042.68823160056
148331,497224.017040676
144503,473470.08379303094
113945,357147.63633695926
167010,415706.79661991284
47676,262714.7305814258
34932,308087.5135141428
51436,344323.21069990215
106281,586064.028207555
125713,431922.1828638209
79936,424696.42418140377
30716,347615.03536788176
116399,459482.34432205587
132454,337655.8396637774
94282,507694.1879400543
155631,595597.0453637403
17611,267607.7745998077
114257,485852.66885772755
185311,575180.3639127968
139934,583404.412749015
173085,523336.7567487484
177998,893902.3298307201
92406,810860.5367196891
150865,702154.3328498942
151322,344140.84618698934
23838,371245.3525165697
84253,599215.5645385175
40818,278715.1302295591
69958,851980.9764424157
168731,681880.5525460292
41367,268083.8029598699
97443,526151.0355449516
60287,397433.24637727096
72222,418627.02715707716
61858,399775.908438576
174509,607002.6056978024
26812,467577.882856973
32953,378813.5783550716
153627,293352.85581055173
92033,312229.2439389866
148314,463904.66363898735
17895,287130.85229973
82587,461744.40279102203
69025,423308.93645555514
173750,556278.8215773911
162463,435920.220173078
176225,648773.4922176303
70125,308881.24976229767
91291,300811.3333714562
80963,398611.1827532267
89800,367600.9610039459
93147,524313.4768121652
181127,576821.510040996
143057,332672.18316179415
158869,559382.6047532724
162714,404554.6042731119
73114,467945.7641230325
123122,585810.8689285701
18999,292949.471836572
176781,531515.9825989767
87012,328471.9026811356
42859,320458.9570505741
3621,294029.9854964451
48648,382934.62687626004
98564,441779.18494197243
43085,381498.9949891317
4725,329582.6958600299
114964,436688.2067775947
111435,412315.9644535628
145028,424828.1900130445
136049,355568.4000009454
1379,286165.1088938089
66913,352858.03281185747
155258,325955.272401297
145921,400857.96585728676
170797,671667.8034219706
184836,542157.4402383639
78216,598461.9875077353
50964,328768.7191135279
119506,527980.9599411407
34058,612163.297408606
21804,322387.6827402753
59822,250219.37986326552
92341,519502.79493058263
14187,383149.4600410539
106593,355907.8493603312
150447,656378.7529981458
146214,386368.9192243519
134407,522139.71020287497
109709,449112.1862188893
178513,625056.978606625
32126,263743.8332467544
92461,415615.6020401772
157834,722609.6204499064
83798,511008.05135063775
66827,712579.8776653856
18988,421039.2362912786
44122,282114.3336850061
13489,419979.40530609444
69216,469908.51841288235
85837,441121.35435614263
74779,549342.1323611407
108031,467248.36525946367
108657,407990.7667366309
120278,335800.96671481326
134850,425807.8073422968
16275,312285.2632458034
82111,778160.1179886828
60045,375394.8739761539
159408,488765.55897461146
12824,309789.9550978633
133843,426967.2035326874
87329,422295.4306983428
78726,402077.2926810627
55829,318733.7769801204
67924,870341.2951693324
76463,414347.9349632634
18108,321047.5850802178
171169,446458.53495780344
107279,661238.6164519248
61822,1088393.4411794175
164309,457419.24201218784
175259,508493.1839059316
37198,404622.0441103325
95989,811005.5582446784
71435,573270.5329994288
141058,505372.3473848896
31908,275839.5370785029
151315,590304.7718767604
134590,579975.6643037978
97456,434101.9618191088
159612,460431.45318332885
112717,442015.1804411711
1221,242844.94674739937
60373,365823.8097172018
122896,807116.014302224
145037,481762.95401213336
161364,428133.6113648223
8168,294726.0708024157
74932,511340.91890407616
179212,628750.5438455659
139749,711993.7504115182
179782,578835.5766940402
84582,379808.1612013585
86478,761653.8009739096
12701,202099.62909714083
84540,393685.11041775555
58843,324765.9740961698
96195,450670.4962372401
26680,283094.42030408984
120810,450618.1768529251
74579,361771.35316799104
24071,355338.0505237109
102681,446578.7755379691
13166,403029.7064220852
127525,404226.39045466436
182440,593229.314213471
81802,490033.83921949257
171130,538456.7214616513
80121,483785.0847132571
33801,397504.497160624
145982,526350.877530795
36290,826783.1151534071
99531,274459.4080603475
85111,333430.1282527077
139476,329861.76534609403
12566,320007.9886892765
496,305375.4378675469
62484,356489.4661313193
87109,375839.213210793
109243,508516.5210911622
152254,521129.6645836643
89700,403642.97566774965
8882,408088.17844971
50566,475819.65357515484
11956,230788.92657445907
71287,385025.9638057761
143532,516568.89837173535
26859,339305.37259020563
91940,469736.4957960297
74269,415663.03689237323
15624,250398.1662298223
142681,488693.09345399943
69674,436724.347068892
82700,391119.99351018504
5274,301256.99390752823
43769,383833.26899859606
177439,764551.7549909235
144066,812414.7181930533
74735,325557.61361353623
133714,317773.3720967957
172429,467071.72823947587
136970,583097.6725144039
57871,263296.7203970162
34279,423812.79462389793
52975,245794.6972859199
11503,294404.60922117066
176456,719323.8294149941
113511,391419.41681034054
147621,695892.0179959822
115172,405850.49435148615
146535,388814.01473628526
179367,633126.2773272649
44865,281419.4429976483
151973,411937.5696394615
100313,830887.6621201315
152201,447012.9589160456
129961,460170.76323730627
157911,380141.80511747504
23967,276416.6986892519
27302,237286.62745302284
77904,425055.75305631256
173991,540458.210548115
45494,347495.85362026485
162943,518762.56529984623
145772,588563.1940488298
115625,526235.2892654705
172808,463605.61613841134
17979,280781.2658614821
181360,563195.9289516443
161412,559787.8742248858
131961,476349.50545020076
160039,544399.022118989
180777,517298.5475756711
167949,487902.5272954047
136217,446247.86490363703
66755,427058.9304339519
148834,635214.2049278716
64883,457534.6084110837
53526,305162.3025898179
95491,435679.491890993
47891,345990.2898753056
116387,467947.2223612566
31819,456047.38880283263
42410,721239.7180045663
43798,472720.73569104646
105440,359933.84127505764
179160,565785.5893951259
109151,567332.8631616954
4904,228398.56013999632
179423,718691.6793558641
25970,350002.3395258727
172424,420939.25381345645
154712,489457.76233973174
119873,397650.46323696687
161376,503380.27443380665
128399,542121.1077471497
16693,364755.9791770649
98399,380186.22856915527
56987,282096.0778404874
122492,418539.5227905825
176822,561402.2068784863
39485,335480.1974442499
27546,418055.66974739643
49192,535254.8203541866
162766,419159.33433518105
176801,510859.16645635676
76756,307642.3211868836
87294,409615.0302971016
144107,419754.94850138365
74134,966353.0237412476
76723,303543.35429456196
84367,348883.475514653
132562,464127.6722139348
152002,335309.1358761102
131957,451593.07950787706
98606,365338.28272165626
7732,364676.0148003721
135722,421921.1265614686
17862,322866.1850271977
8424,387680.8519367371
154586,474482.8845166955
65108,454370.3312344896
111099,587229.794132802
178190,832241.0477809883
35438,256396.8523887489
37352,454158.74451711966
159109,574151.3236587043
36524,352804.54329830746
19175,382197.6890415374
167738,845993.4982272172
13412,320906.54130272823
6223,270534.75622580654
175407,550675.4100710223
24734,366259.166142948
108172,432327.92071693775
44734,358840.8092823402
59946,282268.36919471086
55198,347982.1808912322
60072,367730.2173426814
176353,632219.4957170691
36982,282249.87263193075
108093,516293.6269685711
109316,549578.8627280015
173981,535401.9221466719
169936,607699.4535601687
138647,470996.56406071386
120631,628534.6424256194
136906,548287.9957959808
123357,739559.6081104975
158497,431165.1326151114
135316,639502.8038808086
43225,494778.78838171484
22707,298055.62068712304
182069,609827.7387250825
146622,402863.6097216358
2444,446380.6580567084
9423,295447.9455164206
106325,347457.72559010243
18207,333575.00669365795
117178,538770.2651617281
166040,452997.69667211757
64780,549593.5006523811
140899,397213.4104169374
78251,579284.7043752864
179605,708343.0760181281
131707,579726.2463142255
87645,375483.66961661127
166941,620525.6349561166
179688,850013.258195909
70883,456593.69865950465
114778,357036.62804477965
79153,340349.3153354708
169385,666473.6268774827
17814,299192.57004583033
77732,397104.40570094564
142761,432749.0127260394
92200,404725.2383569295
101075,331346.88263320044
156517,500945.81457942945
22432,273050.1866141072
20053,422776.40349741664
100426,811758.9080280442
39145,417758.99226051086
89808,384676.90283403965
53502,344744.25798736676
149550,466670.58073253394
81053,486599.55213978526
5821,318437.86989797564
85908,527084.3127928961
24695,267857.26360062946
84741,306606.3102145223
172466,807735.9439088537
163493,610309.2174456904
109247,545163.5041823532
113531,480505.5883443775
83097,336150.56132393546
90392,497192.1610824823
125162,417450.7996989158
148533,520728.09905056376
19682,381804.2834672936
6377,258528.0489349374
140088,443712.0436868549
165412,397919.1917226952
122180,480835.4559712121
73543,451128.07758613094
146344,584338.8972202601
110456,522151.6295843755
158033,453643.48744044616
84317,736509.0722657486
16188,328225.0479178281
102054,390125.9453134935
167105,607026.8258535081
70681,845080.6827798971
50529,411011.5998201273
152744,544918.8483568793
34618,361816.7050770453
177247,566551.9204283055
32869,324377.6156510124
154350,503867.1955877949
88889,434136.9895281858
36852,581463.2526032024
54089,404609.52593372366
45736,266298.8946072656
122601,440619.11503227317
13901,435437.9948897535
38097,316035.7122409709
151055,458696.49234238925
182782,632460.8146884942
41389,275124.1643102446
19998,286355.4708823934
137334,510320.8168584087
77948,507308.27591103705
13145,288942.02953834046
146296,478317.74758315994
47968,327928.3815246568
185900,871927.4246512227
59029,683817.9068969195
134678,501643.1815238008
184035,902761.719784888
66248,353108.11999588204
126674,378591.5058438233
69196,605031.0292987104
113094,387818.20773752604
4176,226920.57029877388
87009,349669.6075642238
23740,364171.64874495217
47056,282002.35024600936
37958,387745.73135257326
93977,449765.5272467061
118496,400307.4381110229
101653,452276.6265683942
45541,344803.59470267483
184994,607110.3544175436
92897,436929.43102569587
125508,411459.68758869823
140219,773122.193117681
8894,321557.8286796708
106556,344740.1868239927
158593,536319.8048234902
49710,293661.17930007464
119393,441851.2393578573
110888,662047.7641931473
68189,456189.8271856206
156746,431401.8376350156
85611,603523.7835840764
102345,574658.3242858752
81340,417348.06837852014
123455,391917.27423143905
150120,588295.2928563189
117832,533991.9424675539
98973,453062.1985057032
105203,329925.55279445957
103415,357318.26397186745
5530,343140.71588332084
168409,433700.517849038
49781,218524.16050280415
172279,694220.2951640752
9787,513912.6264817423
46278,349811.1420211457
158502,402509.5444279921
128194,371773.4068972605
133930,478931.4582069569
107048,460928.5044136616
153246,697686.8975580764
73169,449533.39733666833
178311,819025.3108299795
117422,398717.0525657866
144972,408497.5574409831
95767,429314.9717342351
58746,744421.3547548194
102719,605554.4081854204
3475,468204.67003320204
82648,353905.354486695
86039,520093.9774683587
119523,486890.4745858555
130197,659467.9961638653
86628,321593.235077789
141623,466460.6187473823
131551,599395.8905556052
1038,285969.8025776788
56229,322464.1123613281
100114,433979.87965299503
134480,449358.73732014786
86960,353732.0005388367
62264,700230.1233078672
55546,901417.4737098939
3494,264590.86638802267
121540,429133.23189576925
98522,319288.0784891975
47253,326837.1297393886
6294,293208.1987198797
78944,713244.8186320786
44280,213657.7194532546
53973,526915.511427229
116332,564560.4482337683
153624,333085.46437914507
131174,384508.6791210569
114808,412696.25158992177
52015,284045.7821889041
154189,514243.36745496816
6778,355703.5832059671
164819,565633.7434473197
56170,407144.73690843896
111747,714691.8688381189
78533,303460.3715667417
116763,371349.2766247147
12825,316714.9570364717
84139,618146.9637916177
39073,392793.1910108665
121433,605533.1586334641
96168,410548.7938875453
41293,301191.66673908813
56216,336169.53175886854
166412,484839.02424691187
7478,309293.5021539767
141089,622057.9170108316
5172,283247.52507112944
96142,440007.7569130359
17316,306109.5247629338
39994,368244.12162812176
87381,515393.0910828375
147005,729629.4368307278
79575,824576.9716018568
122971,331326.37268196675
151355,443214.82597195567
90171,407076.3760257849
5519,303786.25153865345
109361,465157.1629685082
99632,629169.7213082556
156218,511979.02680077497
63884,390457.94254809205
158578,465761.21235822875
38630,298560.3825207032
158131,425998.9619588835
136141,391681.4627107057
110417,573531.5162424459
113600,583628.3868340481
84654,403480.8131317274
92026,359271.68291540066
177178,763957.4975712502
166061,778074.7402946353
68285,496564.6159269301
113694,508799.7338519206
28430,801549.2624083586
121747,473454.6376632947
170525,454318.0374387627
162048,503863.85920142743
139909,409372.5106267093
57746,271497.730110667
105211,308897.5807131308
123827,403252.86846904317
119227,443204.31973232783
65960,443937.5963061694
67760,553153.2300212164
50853,348532.5459314374
120829,499572.7763121191
69413,781603.3585172899
32018,480957.2166526637
25587,406600.1449349266
69232,555937.6681945599
76857,365598.1534357085
14,201583.1345175603
62783,418914.33956291835
27788,274858.615115613
3146,415404.9213443417
110960,360058.25859249
101207,409627.7644831134
174185,663154.6595615419
55931,376805.0710322697
2647,346142.7166458281
80414,378194.3578465323
58484,538858.5084064404
139937,351277.94352212467
142039,443668.69282598444
106586,444020.9455513685
129361,528621.5846157626
12584,401389.66895962605
175905,638576.8186758892
64947,403666.4553651052
111620,434680.75996206375
68234,657620.1803655901
72315,404424.05884740467
153293,424260.5664909408
22954,275691.90532571194
89224,735838.6053651696
120344,443426.664885025
80966,388490.6556788855
65741,445458.4891613249
143461,370063.15024870355
17139,406884.6297622683
3544,355826.44907972915
51809,364342.7645500684
8544,490980.94033531507
183401,530464.7323630435
42466,388459.038730592
60952,398800.8770076813
25283,294078.2160905221
109452,674207.9989578553
160265,579295.3663297662
156502,691027.8711739157
51152,303151.5921891742
36300,356595.62362089497
95797,390876.65831930225
40259,388195.5681942451
120350,463713.11153505533
141451,433968.6248297198
127734,540897.780686967
174678,509324.67761639075
132098,580020.4505849787
123628,357640.2767609861
43849,370241.4251958551
98589,351903.38704812585
38701,335777.07313517167
48610,301634.80496130587
172605,428013.33029173827
139911,474312.02418393095
116010,639214.1665096362
5961,361009.8596476937
137827,384056.6322375913
183592,854366.5406797961
82687,348219.77148895216
5084,392644.19785975333
136425,460912.78450744384
118500,410851.0266231293
144947,528249.2712337638
80466,419017.70284923294
176558,747239.2378612824
50791,290759.19652702496
172489,607573.5527841486
114705,428969.0385827367
121989,442548.41090592387
79541,606869.5629384498
40671,656701.2165690716
94256,512847.14077083895
74127,832192.4303324057
54273,273639.99469682603
106998,426787.22445943754
136637,359574.4573422226
142131,420075.60521076736
66816,660741.251829519
13547,377356.2608546317
123217,395793.7155961139
71319,355487.8240293464
19357,428733.9469368765
184263,575650.6329824912
39245,403719.83165975596
128698,746637.0399063844
38203,295398.91148499784
118652,398403.082961638
60964,399142.043131261
131000,337953.4444881019
105751,611653.200190788
68805,450365.7561276185
16023,249412.57129826708
161440,447089.4929180568
80233,557859.4656140672
24598,307366.4497970914
28067,530040.7784485829
97893,441568.3081215742
84203,591722.417789402
25081,283322.89478677325
153193,528786.8233897301
88040,454889.0095703914
131378,366826.0425194663
98835,347885.3166686873
76601,303200.6979779406
87900,349773.051295765
90689,513227.13151431247
66777,325749.4407338771
9614,364103.10828564834
13916,384897.90474449366
1974,229043.25048566272
162652,503350.36918737576
161835,407064.72991783114
71577,338481.9802667273
82301,388532.42572206794
152463,403362.1672254532
63910,512380.8781265507
59878,375001.9010053352
69897,709236.1101755142
36734,320031.24898002506
66323,469162.50378694606
141018,528623.8975515509
46009,642764.4302187568
133992,363283.30921063223
85260,556984.907297663
144940,507666.7030390545
31927,324650.1990521542
111418,338911.02752886096
72471,415445.01229828014
27404,272021.09191053634
114669,310522.90557240584
152333,445921.6382560333
132809,463369.58019993186
173720,563996.3343582087
67454,383168.4693042235
43203,441021.8242707047
62287,321265.40023287607
165252,492425.08292794524
124781,459360.0222252029
104845,474521.53831489634
138962,407650.6939086144
179811,512661.2657695069
95921,528304.1809185266
154294,554476.6781359176
55035,324764.50379530556
100381,867219.2075853341
42935,375855.6888207268
134962,461545.8628229542
104215,493756.2125160702
78832,478810.6349562107
22669,238686.47496520993
172218,423602.07196450233
93491,832421.2695744557
33034,312893.2679932155
141205,567199.3580961161
1348,219715.28141383262
28060,366191.0375865129
173967,410724.4367673429
85385,577271.5416213576
53597,335129.06230724684
46000,591966.8979069063
86185,572977.0323270033
80877,461157.1395298041
121972,364087.1053899637
37491,368596.67036465625
49835,300968.4063623496
184890,635549.1917840308
1424,218362.71903054608
47701,289916.92040106247
10368,396693.95525154803
185657,590267.0914998623
106357,345700.9640052171
160565,426894.5364309808
67781,681942.1296427279
138241,475559.53197867406
88750,466988.8615274686
26815,328862.54800318665
59646,263419.95182586287
177901,532376.621663215
116086,306780.9637675943
56161,396440.3831359437
53899,431553.72539928864
136830,497902.4506187007
110767,471028.9026552796
124735,554887.0197619256
39332,344578.89751935855
62922,310331.461454418
122383,419793.99548975425
94818,369690.3911343369
60860,384468.124831683
48674,505208.4985752164
185382,955743.8192882868
118279,355576.84503099957
137982,430367.6843484213
29124,339441.8247688964
156912,466883.42106826574
77911,366143.8433530049
29284,387925.30348082574
125854,651931.4653612672
91160,902491.523016756
161391,410142.08823309164
35756,267826.1922838952
174318,910460.181210623
115839,491483.9823010122
8503,324344.96701893304
157582,627718.7641851611
179773,571869.4337216103
39102,390828.86793889327
129604,377275.68227251596
29495,300446.5400790254
36813,265493.1590797147
77824,426784.33207486145
165788,374162.8227317141
102600,521262.1802125539
37125,330326.37855545647
150194,483116.7487181447
21224,436340.98019396386
90023,400684.2770201055
85043,449910.8062458697
126227,429873.77931208146
123297,487575.398209448
15042,304616.0540574641
30349,357158.09153941023
139753,636202.6861276708
59070,371072.57356348785
91830,312341.72941154253
37811,358690.8491130647
104791,317908.85532497504
33057,278985.6878552437
99850,532553.9837147243
44685,453150.365296333
181872,798696.2995678331
75251,512946.02226244385
17876,294467.36531562713
173455,704003.2914451261
179041,575399.2118174254
142050,456036.59196342085
160376,517494.36181073403
147098,522156.5655672476
58281,740544.2044409093
87084,327465.33068791655
103327,479993.9314877124
113729,476466.1729664011
62103,527428.3505231852
126224,403598.16084352916
117829,559761.8412070981
73364,390416.91218166664
162602,460407.316632172
126392,334209.69960734784
26163,376304.0784650162
135326,530162.406811215
51733,342011.58040861203
83208,489857.66239271464
150416,524358.4432649998
105123,357675.169998368
94202,397619.4889107442
144602,531670.5704971737
37054,242933.13546792837
2630,311161.61500982067
122342,830705.6625263491
150559,437441.31054960005
3102,273464.4488728465
158661,571881.537270817
24800,250361.97888936757
58840,278669.8015047371
92280,358292.2167509366
128252,394568.44651568274
115802,406602.8589791232
14817,329624.41322420654
4174,228301.0569310969
159286,452330.8508486692
94925,396709.1619769721
40387,648942.3845350456
8190,301494.4823896643
92432,372324.7111249354
71046,504667.25458607846
91686,475754.21527009516
140698,507111.9995326272
41394,248867.72433544422
145523,491184.0266741321
118014,517152.43181464117
21700,312602.01252340095
16377,374911.09388396575
117275,424474.46874720964
23408,452729.57802965556
34502,381555.3240474829
185445,621248.5221364498
76322,663340.2274726301
119680,369599.76705194614
105798,753438.1902015964
160788,502873.7478134676
132321,378160.0522877162
103615,498822.30807777785
60410,370660.01974872255
52431,425559.1340905532
103681,512878.95140632393
118818,511264.62048311095
151923,327659.01706609334
33592,329163.8601647087
123607,431814.7309050856
72842,615500.4789411343
152826,453753.1928956952
98081,490700.025524903
56919,310203.33469395124
48827,245113.66794437106
43721,365975.6378456637
141746,540885.8814634617
41949,425747.45191471383
131839,527635.6657558866
9344,314579.479666644
154262,400630.36824607255
33288,333653.3026505731
53068,240472.07760363293
86881,541856.5779594592
139931,511892.6609675003
28172,354152.5055171891
33064,245131.37961440434
132964,452433.89946625516
6659,239584.29330788925
41439,335971.4259469047
173569,637679.1853122276
51884,342956.7245878289
79344,399952.25067387987
135953,566451.6385803622
111168,401408.07273416827
21917,325695.63714614365
175399,602763.6020311356
83416,366342.08799574873
106679,417709.4691500004
7803,322490.4174483429
144251,1023437.2541311602
14049,335790.2951940403
110009,431589.46080288256
19063,355703.26685844373
167231,596404.8128806639
30155,448405.07634344767
142986,489809.8788424097
87017,342695.1231748258
98611,315967.69719981943
28751,366265.99945410946
31691,385064.18925039924
174308,871181.9573286411
156588,378216.7654998402
80324,695445.0410344417
132929,552717.2747287651
185162,664869.8096335852
3309,277572.8301770991
139618,427998.5634828056
95357,361898.94514767535
179015,540019.219072338
95640,455813.1299052554
125040,443248.39365606505
77416,313072.6608873293
105189,304250.09900179977
88685,548626.4689360191
97858,450109.73156465194
135150,330072.81497416616
167898,372653.64886393026
3832,445845.8451701129
74829,356984.4707515554
93085,377303.3863249778
13030,369523.6912345118
83814,508892.6724100041
23760,286428.9011597625
117845,434436.9873626288
33826,446567.61320020957
116235,416784.82911376195
76780,326180.1785767169
45419,289560.99753820675
150227,457931.1226595951
64885,450988.8107769145
55808,298195.8307039973
72958,489913.684836315
14481,376282.5285260782
47379,421775.86074234755
27661,353339.92102678487
50159,506314.6262511604
168050,587984.5280592508
72270,445435.5434474488
176165,668961.9404590249
22306,313257.75636827905
174014,583717.3248803082
174334,590462.8501469588
128398,529867.9091506839
146498,487796.0703089738
77060,364675.0914058238
130041,461155.18200004235
47515,255064.1144342351
127454,451835.242994396
185456,702561.9512169742
27186,229238.42165809392
90747,438351.6363910071
11996,212853.49214767083
87973,358621.4449246654
105528,910983.8970191905
34594,356328.46279938857
137401,610432.8540637806
167714,571214.7286359762
153799,367766.26989813976
26483,274054.40111129254
84134,585074.5721826206
115695,766678.2031988914
168406,440552.69978745945
160508,402732.83659336803
28857,337812.60560998565
133965,595519.0923161142
123199,367939.13317697134
85900,476973.97213556076
162853,475212.6715366528
6882,247913.0187944112
185668,614581.3423989126
30203,304704.5297194178
23737,310637.1490773098
79955,497502.1758647262
81497,462150.8088495388
58770,271805.56021345186
142117,330565.43381705775
124597,491862.5363551251
61352,527826.8772547923
67562,509495.4501453069
122915,317602.15864027507
146661,460363.78814603935
124052,710300.1722143393
114732,434538.24002068926
141060,482508.41381434386
86746,614523.4431871647
88573,413862.80577217287
34302,276990.5447218273
9714,435706.1811456695
140126,515522.1291338167
131720,552121.3505455435
162035,418933.66527346376
173464,506425.22539187793
140266,450665.6432794417
57560,427867.44969028304
55906,249884.29234155282
147298,385675.35840362846
26477,280704.93739920034
27915,311468.6404578152
136272,559498.098958895
59771,598756.1122276818
21560,444648.1487005227
142489,436875.68826763483
39115,454986.4996915213
87497,613042.1147910118
166171,447162.3372915461
14501,499625.2516108507
4387,313516.3393674987
76944,332158.72873500246
46423,335617.80485588673
91832,314814.74920059025
74557,371497.72161536023
182741,665114.8265693696
77870,604245.99922762
143208,450757.6512261352
44046,236973.62901209432
88335,406371.21700770286
97923,484005.67276337894
110779,447892.0718878356
30371,268778.88654658524
61865,245782.73596644183
2098,270607.07855423604
30489,289174.79380427545
53989,364510.19863063184
170815,565120.7187424741
34273,421381.1321653905
72696,426911.5351088067
85554,393028.36759144836
158826,485017.755787683
21295,352786.3210044181
99636,766813.3438366583
184981,594450.6979142119
11088,245743.84133053193
179567,669497.8648117925
10961,350979.24283267086
11691,278618.48124543414
178084,655125.0392927977
78305,676389.4324255182
164510,516396.91522000625
97386,416528.3925174865
25664,347580.84593283193
80901,370835.6584383272
76659,395683.9603403951
106414,358567.2052701226
164347,575111.0601811191
62456,287955.2417383071
32703,329265.48565873195
129518,413775.9164277094
61381,379985.94104889873
108939,561586.9644316928
82233,304595.9975851245
103785,517664.1065695494
84469,409356.92654397537
184903,642296.2202706335
51898,359020.24942891736
130043,500764.35689013166
142637,485462.397207952
96691,725293.4902435229
19457,275241.32031456585
104091,458297.9804422026
179368,563977.1546470042
61120,288049.06540268834
135766,472762.8796002296
179003,571881.8698419178
184433,678899.9191147673
100955,373279.33858075703
74172,372630.493633755
91388,394913.2674558957
83992,511441.26462647703
18066,360955.04925315455
95073,593952.1764570139
30391,416634.22829340457
92954,537534.937327612
53791,436275.92860451166
80180,489012.04612949706
12007,302180.6482232099
36273,335963.7586260569
135129,364123.9113633422
37724,240824.45687905204
321,323184.97695522313
172312,879994.2998811208
183181,615257.2871818987
16214,349043.33266299014
13125,411758.7462493814
144838,554468.9393934133
167435,752213.1976627803
105859,369646.4703173919
17181,427257.13876674115
9888,657238.7884918603
173283,577460.7765213925
112135,540214.9108526434
36172,260131.44564297155
180313,572189.453103756
6652,256528.01827301958
73202,448328.9950867443
49309,393216.3011433495
121891,358346.169890376
146137,437866.00165057206
25400,286606.93525599345
152296,572232.6538722414
128366,489687.895659933
113980,427468.18540612364
152819,365550.77437279635
34455,363311.92972675094
78520,599560.8495724285
33348,342493.2677000526
138056,357320.0464282713
54279,378375.89121752663
140315,466724.2092182229
79875,347147.1042680931
67643,860571.212127878
45515,331250.61091186584
130464,368652.30748594087
66079,444204.10883291496
70763,998794.0505385861
55054,302140.0761426492
88874,539597.273713611
97328,407367.6730474708
69757,425421.9773314459
76383,803589.6373556736
62211,315372.8798426414
21375,333555.1781934247
10882,304808.97762446833
32027,413177.1985159232
177205,622129.6836994259
19962,311623.47760671284
10846,303484.3634561251
116163,399201.067310906
106208,422367.2474547202
127064,367374.54915555206
158042,452209.37828601093
41148,354539.0907939705
148671,495674.3794751327
13178,452868.3594149655
144563,539696.1100087087
6567,306067.38653340086
98050,462969.1547914924
75756,597336.4017454269
128982,484286.1270691692
135861,447030.76224727364
18478,308372.21337890765
172476,421283.81737185584
35192,329733.1874641185
167944,464802.1342553466
80408,427757.90416924807
48569,319212.51312562457
115572,395148.4886027899
66400,578221.125259642
181118,590887.0179462783
137419,539624.3292756347
122777,554658.8799120113
78949,614859.4925914215
55620,362144.8539215111
108153,364366.0589456472
122770,495776.3746271323
85276,384881.4138300508
180810,550286.0472433483
74876,391493.75270790537
42379,566363.5581839969
76983,362740.15931637306
67590,581997.8673066777
130257,755402.0690086999
180380,588484.678485775
85769,471729.6644622005
37079,294001.1185451443
107490,388326.33295906737
55456,992721.5399780582
43183,377966.80307762645
15794,313193.18658254604
123534,419067.83203788643
101412,693032.3970552661
24384,310640.5794904731
160913,428819.2311702369
124335,505133.52406173816
146538,406323.68184879073
107434,436406.96586127096
133159,487269.5854808735
92372,622099.524825102
105731,490391.15950522874
75783,445773.55331038596
184385,547432.2878345964
137647,461472.7461347295
46975,313061.8868302356
75462,619838.2863370691
162010,510196.5118472126
91795,298453.30989333766
122671,542569.3971582345
46799,418844.28406576975
151610,811735.029768618
92647,484020.4993939055
148503,514901.94972706196
59457,288936.76275039715
103990,432838.6562770934
6113,422355.99552583543
150889,447034.282533739
152346,402049.5102917758
109084,447207.5174982528
4476,197775.86986317058
184598,720796.4582826295
60969,422586.4528431543
131552,577322.6783043173
17936,326329.1765130772
98147,342785.7482991987
81878,457268.596638314
93624,454932.2649349547
137260,371142.92898844654
81668,432161.2518737316
149659,396258.62365848984
15813,269683.1359514134
122593,665405.7575573581
58767,396691.53636249935
65138,422395.9277273588
76706,345972.64500292996
114337,426674.0735019018
130725,499660.64105521666
151565,454034.9506619677
142022,396027.08687433274
103098,364738.20968644216
134718,484773.9217629741
40951,287581.81617464963
73677,498266.6388940534
62969,588621.3131733281
78403,693165.5535389989
109250,425544.46839055174
164809,641214.5896110795
157780,594559.729231862
123742,361837.6765724522
175466,667376.2666023672
139855,675189.7214516564
178514,636782.3749349773
160491,559313.5808273304
18705,333997.3408845604
180510,552223.5115711326
55139,287300.6123165852
124874,361369.24923713476
599,250547.68502597287
103573,419493.9110514361
13929,351880.3684950473
51596,706781.5828555396
81605,481262.9553149707
53776,317338.8057476706
156223,378127.11382432777
107180,395150.63266268093
101411,634114.4523923055
56811,396624.6779223343
137504,480294.195151042
165278,488410.4113905101
24216,281831.1270187802
126019,584741.0266202005
6572,296625.7423770663
99480,466420.2986582973
95660,415254.2102258026
49029,332184.18450800003
125037,407562.9532267507
77166,399612.88845457253
175919,786453.2056413486
68023,639316.0720892659
57047,594549.0459613008
44491,290248.2528356333
153999,551164.4294633943
111731,642486.9342944759
65391,400522.42653330794
107602,358222.68877907674
100263,606982.0161458657
166747,821709.479475792
176145,673341.6481394223
30517,262492.63054773235
146620,386776.01469342335
103356,458970.1791671779
54810,409899.6636274571
28175,336716.98928832985
104285,436350.90253932454
8724,319063.3709590776
19018,252621.88982656412
147991,421817.5710635951
153630,393885.91865100106
116969,480955.1019927091
94811,476797.28672181396
11170,390155.54987164447
72629,353665.5412930716
60762,495302.43970148603
121743,791605.3696622205
145038,468127.4649219704
92121,386892.2401602556
23163,319007.5407159585
72598,359042.16877624387
90777,543259.6564366125
116075,322453.50146677444
38109,296905.60585372907
161246,488400.4040813505
73490,352611.36573533074
184475,676026.4248506969
165134,658567.2300941813
132071,421005.60951427586
143462,381743.37683581456
95999,825751.2487257591
107190,595615.0969127975
152215,437815.8137645038
8960,325932.32910870865
26872,330826.34066117305
156170,523025.34644745925
156827,487527.85567356093
3310,281796.7771617437
165895,563785.7737633591
109155,475822.17685784784
2260,254926.53144158167
157994,454350.69091782684
90158,584465.8542489726
154679,421527.3001946058
6704,354520.563877305
83990,543029.6575694378
140150,466471.3253610331
107386,504495.29835107405
92266,390380.4088936496
27435,262017.63988545662
78833,485385.15086141333
2334,226031.51986869256
138882,496231.3091051836
171310,425171.568412968
137548,404480.7401864729
19311,355644.79471639066
11537,377232.9286788829
119418,517264.4044047116
6799,320270.3204422841
82963,380369.0971363134
113766,473103.46846118954
65848,389903.2284002644
125298,420484.8374416487
28638,320461.67874097626
109624,333795.35904791753
154299,624148.3507400629
136836,514022.06645148736
18975,386357.3018361518
130212,436784.5320951042
133029,612634.2049816959
124323,426361.8613730267
73229,447390.095200534
84012,482533.6598463946
71027,326424.5621796951
11434,329114.86093185155
56070,374362.7505106805
112326,344120.7370324159
42721,416649.93903074006
8328,406514.39585926273
121409,520178.37100632477
178638,571344.2504877048
90472,422303.49114945746
185350,565338.2017441455
44619,321390.6572918085
110611,431068.4475097808
46421,330459.53560583194
41054,288961.24816734623
142907,551125.3309723645
5788,331986.1011542411
18370,348639.1494387521
21406,280275.32742035424
178471,619850.0419914969
89200,415932.0784120059
3133,384284.8649200756
183972,593930.9695053925
148414,578455.9075810257
42067,524901.0668508811
64633,451113.0663138238
51950,242613.2336913915
125547,286529.53304302297
165081,692934.5389648298
147193,436764.9464965337
63338,425054.7132448154
83860,485814.44371348
94298,714445.9592668746
43079,319190.7595398639
121301,477861.84746524086
35123,239581.9669976923
136195,779520.5075523694
109544,314008.5441173871
146925,426717.01151095703
106399,322929.5335159013
48204,342868.8198064667
51538,283865.5329782569
17549,339870.12820913387
36958,293739.1538043301
26229,336071.6517664475
153944,463428.1684556758
167531,428386.27916570706
26330,228246.7013452159
36901,267469.5063537358
31391,367790.2539652473
135665,358278.59848452156
81040,434776.1436838439
121746,476127.00473939686
38590,220437.4300326085
138402,476893.89480537176
17017,340350.1741856212
104614,334251.9043871089
123620,450058.2362628333
33102,291386.68612314906
107225,445053.13467162184
168721,569867.8009859204
52449,384399.33711860626
87890,473206.28552686295
40565,429907.76081125374
85701,434508.0902919392
748,284059.6668014565
177672,530435.3438346137
50951,316376.5415469585
112823,442331.6384721055
61287,290894.9286228841
74527,363911.3224284109
66423,755725.123744265
184017,815665.2170571948
2640,288899.1059284621
107164,399070.47002679115
75377,515423.8519780298
53430,295497.25405542756
158261,450347.9730918112
86515,700166.0230211546
42629,264699.7805178987
86726,476154.33737226407
79508,512749.2993534057
151443,434620.797772828
141944,434151.2596938596
73174,436996.83211390465
180177,623892.4720951308
137862,341414.4546840348
174993,504570.9815000916
24534,322326.5952928884
110495,366545.8891027535
54171,429430.60796466516
15673,373619.58265636105
13609,384926.1389263581
88213,495317.1294877472
23473,391182.17699566344
30924,341402.36061592743
100222,501010.7961051528
13003,348624.4785057078
156966,430450.25348352996
89325,380196.0001402508
110172,439143.10075343424
62494,339828.76685759955
111768,686984.9361781433
74878,399480.2221330658
372,199036.17267173986
91422,357049.451614082
70593,927878.7252222889
34385,316240.22539193806
164277,875932.6755325904
545,209270.4276020605
128496,377675.6990831529
68785,381407.9546230758
19902,292897.9303422605
149875,870090.7559062053
117003,544172.6054732171
15329,279173.78716161865
118493,371339.25381155644
25907,281439.07278466434
46977,313775.3451320696
3241,348995.76450929034
122824,621354.8536270944
9319,271935.11260817596
86103,509937.6142307606
139553,404747.81076080044
174715,539477.2982418253
14023,452073.9611961765
39103,410455.20392500446
91145,773122.1389789267
64941,327084.4678175646
66290,379632.0959910053
67475,519512.87999552605
93058,458960.954721231
40889,388197.56212778616
175705,673221.9850194748
12400,333309.6576931765
152792,523920.3709398367
22095,364104.77071660396
49447,446683.1183854935
68979,405263.2224743184
31021,388328.27241534693
166468,522824.1528955856
159627,561742.7329708601
173717,499177.4022368031
26857,332061.8997173107
7258,296942.35673532117
153066,509001.5279931474
51824,329421.46125487855
35831,308910.9263398495
11551,271508.55393356964
184664,853896.1962893937
166868,445431.64937268227
18231,443014.8328714572
32379,447591.3683726161
117255,422788.2841659087
87652,477595.7215063741
75229,439909.90211392904
53768,288278.29023897013
170851,624209.1796488495
29218,473615.3865061198
77746,301279.0767916877
175271,498816.1312229352
120698,451537.56453103863
129434,458562.44973007485
29529,256549.6545337289
138370,440942.71711776237
28453,768930.7223740941
17869,285944.1013257859
6942,387729.35059330997
64517,715275.4128858105
178002,884145.9617526679
39004,345519.736092868
152321,603458.5860363877
87894,546239.6861643179
80199,433852.5206452656
42304,296936.61666439846
50264,374076.0552336036
159822,580896.0484600348
151797,422753.2905795503
119813,418330.80073436664
76508,340217.69274664123
24996,347311.8675561125
141692,546743.4078121939
150617,465273.30410458473
41211,392937.2808627683
4898,228300.6673894004
105263,431147.51971194113
135500,374013.76158288197
74886,462479.9829840127
150886,443358.7603466017
158527,655385.0016858039
123828,351695.7138698232
185622,583537.8764648107
99690,615121.2654315186
127766,418760.9393232544
80390,352324.45010356675
83697,435646.02441418334
112903,368610.61752004566
55048,315871.2235705815
151743,701378.3107462502
62322,438189.13341800135
82136,868630.4219100503
7637,367563.3745548548
49009,297395.1187247535
154022,642804.8244115254
12229,316144.7945023687
169257,628955.938851534
44828,257218.10030341454
125345,461484.22853502457
76340,761010.6299845944
51088,275364.70574650785
22225,264910.6318703497
113375,340282.0888090845
74499,427397.12110941065
144531,639379.443096904
145598,521437.66618825414
78147,444218.6883382949
18380,288341.95322789205
175943,617010.6325334142
14966,338342.59638221475
23303,272194.916139364
21182,346307.90808857535
102894,672247.3960104908
10047,263100.17894052045
12997,345895.4723153546
151326,474931.57463527645
44053,334868.12554307096
96032,591141.2133927103
139716,437082.1705232789
37915,741103.7261047864
119711,513170.0600111368
73021,469861.6871842906
61281,695022.4133879206
36295,314216.1130194876
74480,445569.2329645557
91703,377535.32165683317
70453,377510.9527699764
60557,342241.30733479495
109655,407831.7676464926
9813,769637.6515613061
79175,350506.28285661514
45121,655309.2923321702
44359,272665.2265616261
45033,323317.61456597695
122253,372357.30450612935
78936,672376.6041371378
47915,348805.2944927591
680,227569.08473202982
17585,324217.98576787993
65693,748226.6261497035
74516,479380.80232226726
122110,342465.86111596064
108302,419336.59219540353
12006,270243.3012232829
80269,359029.5270946013
9194,334466.601190159
93912,338493.06076239294
63906,454869.9514265805
82372,338739.8759499062
47191,329997.52245152846
149042,414761.88345354534
181146,709033.2427704913
52030,329671.00674829225
180258,586040.6185957065
116414,448482.0127160216
129035,590398.4759887526
85074,340163.74932669604
171529,550317.1550454112
179659,691190.2980362095
134596,314747.1375734025
128119,404673.75794489135
183956,579251.9836985177
124563,355880.66524216754
82270,338764.6438071019
27102,370343.2204916111
45664,355583.2298140958
90261,474847.5750626553
176196,758845.2738767907
77186,362362.83849824045
96130,405625.0198124666
80672,374424.6029058651
99238,336103.46774879645
35350,316630.29567439796
160272,592939.182870194
131691,454153.0545245176
32404,338008.1135892474
27496,362640.33427792316
64350,387517.0052466106
34406,404686.65160311805
140422,651054.9738762213
176749,483374.4527889647
134677,494657.93820399826
147827,423196.04990799003
90258,538461.8671491966
45487,395380.2959107953
142318,521958.1403647314
172698,680989.5668573496
102533,415212.5872891915
142106,721640.3628375852
124836,600945.5917381351
23934,350868.9551565459
157028,388462.603965227
54104,307828.5911952145
62161,469128.4961301286
171675,483882.14875263633
88207,462332.90155422076
182362,608075.2716660143
106089,380109.50087527535
52138,366661.9753453735
64484,476219.9154875544
132207,345555.0657100175
174283,843429.6865912415
89773,328367.9410239465
155024,454215.2871749005
133883,809826.4984245199
110803,483571.662774142
152889,336615.29410302
73250,454631.2145671111
118698,381238.6811286862
20123,330765.37547797646
174113,665348.0613596493
169550,468591.5227118905
94621,489723.92198392353
97459,443183.2163094364
136292,473023.90593876626
68493,453232.27441566193
131095,434918.99113367544
34599,413868.39234743296
59717,360979.81187439844
89103,439063.98285515356
107397,648972.4200138059
53261,502663.8576639241
129628,457664.381642697
61336,378728.1655377672
22781,384655.4994420221
158985,486053.49430052424
118170,354069.2051961726
104904,415881.4466522116
8321,277722.5769029923
74594,414836.86281648197
160092,472665.4158385118
56282,561025.9075836039
184224,666487.7186491102
136413,427799.262959124
177844,578624.3289284355
1799,278183.52955212217
82128,942203.9540416423
156306,675215.0924556272
130820,408752.1219901801
6504,374852.69849435874
100125,488632.739123266
17711,348816.10689991014
97607,709080.2712807963
63398,302660.0759149131
69258,513528.1146729833
71883,551825.5330848861
117397,396952.7932365143
29829,281460.5072131361
181295,625961.3521921566
91436,386444.84052370145
148760,543990.3065092212
110661,624028.1596184882
29683,400585.7654268809
131908,392040.2938471915
152757,547359.5166226245
95068,467565.43999814417
104362,470063.8396747648
27065,310394.833728397
151170,448033.8096078565
89566,356585.7832527697
3566,232912.77057678683
148118,538653.3902684615
103863,368287.6196522104
36155,334117.5732295333
54111,284503.6332510568
173453,560569.1338130108
151063,449228.76919237553
183511,750028.9443909273
36185,389501.74942547525
138853,422559.7189555456
100273,621158.6495284878
184183,580542.3823276616
157969,434761.03279607045
10944,299470.45388620434
184951,760400.6444351539
116050,458158.99657084665
132072,420696.0103146562
44298,316226.2217619703
83780,439567.4473641213
145317,460242.7493162766
126119,349725.93748630775
137194,349898.3476269585
165504,504181.7373134127
145996,561354.0392807495
107088,461302.8407580245
55767,346611.1820009939
92354,393922.8458141866
64645,319398.50282492
119136,546824.0440737046
13534,454338.69109974237
88162,406784.67731306213
109259,467429.30887647765
14728,260941.34731644185
31377,313301.05002378474
66872,325981.1163651694
155550,444121.29702365585
49296,410610.86794308544
3811,354519.1402597877
145944,741430.8170180852
8954,292864.5329902741
20635,263705.6105364782
91239,347503.78301010677
68918,451065.1737869502
157907,381299.49950836814
154732,380080.239956129
50478,417261.0045360504
48944,321880.3610875832
3060,244711.7755396071
56432,363098.5306022807
130849,782168.183367752
100556,333817.63062634075
114842,433942.1494555237
99057,364255.4172215869
70921,347688.7038097397
154500,553326.068450776
8343,310050.1033733107
38802,266771.3583414044
68002,635351.2367023529
163737,552482.0978387652
70827,411687.6973344363
86975,415781.1115029878
185557,629536.1230543576
67742,567590.2092122663
183353,531505.6556302367
84746,259508.55476952897
12549,335933.1120827409
163519,531651.3803110911
165149,591676.5299992303
30125,310449.1651733188
85156,303129.9891270711
30154,348572.70159001707
4003,380195.2234687929
170186,418076.88944199425
81930,424574.3211742609
175736,748303.2128970149
120582,444440.9486689049
23544,334603.3661971837
5101,217518.62870692514
14806,221356.40379994788
172166,575813.706072859
126034,630444.5800300005
87191,387980.36718621704
100915,314451.2093003707
77126,355994.5366473575
46985,337340.5236648401
17418,328912.3579231216
71717,474909.10030747554
97102,403408.9262423165
15725,308571.238346557
161967,490336.2328270373
117283,504681.74061612785
96323,372475.4436278826
145232,675994.1664344296
184078,546904.014123495
66408,447350.0688702736
44172,389532.1019461979
175384,565541.8166215445
56603,258771.08876977442
23059,262671.2571926153
140090,442460.0580892379
129591,416932.5275729764
165588,675346.5441338565
154823,465754.1638114725
9159,254665.28919170948
139296,313256.9943018876
68716,410315.1129904586
104359,487729.20737811644
94878,355841.04082627513
173458,840416.3958107217
13392,375179.8414423899
174566,662542.9699819947
37193,335557.17716586124
90372,439407.4917198966
13209,288933.9104237678
64949,447361.6582177249
177422,812078.8617474515
49155,433475.95298106724
6146,296715.06560254475
10166,301294.8814935739
40017,330734.78626253735
119103,529133.9029374646
94628,724453.7746599714
119917,654833.273155531
53377,231022.42382883048
164397,708855.3932007002
52265,283194.20683806756
88415,427330.3597987477
13938,397517.1965687851
68775,401122.4076904215
55817,300806.5902583885
132692,395806.33253759047
77961,463998.7445053204
101061,429425.48841970495
77136,480330.6224904238
161349,429005.94576122763
63891,323332.1897032597
50901,338458.7218396984
117931,501609.14873753686
26649,235158.8667964709
4981,828487.0768703171
14706,303954.5624971119
7294,309754.72759607114
158325,403161.9084126163
73833,470067.358769029
180458,680863.6317854682
140963,599467.224782783
90724,439688.358790245
176552,742303.1512060072
91331,345576.3872283888
57197,562898.9239217349
6450,339750.93107901374
160586,458098.5752526135
59823,334526.7309932284
133184,498822.34791458247
100043,418212.30614556186
82651,343011.23278327374
167333,478111.7087198829
113773,463432.18627655646
70442,449629.18059869914
81175,366347.37046693196
80736,484809.5187401109
139576,395580.53227224713
135777,435192.7244123289
69020,445196.949568972
13596,400389.4689773901
84526,340108.4980212461
161585,569439.0975406654
89921,420022.9950123182
69140,539497.2310257497
105419,373272.1609745709
100236,443727.2794815767
2362,342644.1829260634
22459,314148.6712508261
83993,510933.7620685852
58743,901936.7932341287
122667,589592.8054937158
89442,462155.8388661131
42991,446647.03606499074
148940,393804.22417998
56624,321221.55653975066
4312,428009.7180387558
120460,458471.50819698407
140300,513135.15754603717
16969,362525.1013379563
86705,347190.9332077211
172052,697577.4536419271
185634,668328.7170398455
146261,466861.7515096993
120458,462549.5079644513
21496,467908.8483058843
43785,322416.41368767346
30973,448330.8184971516
110926,690991.4917946842
162969,489592.2815140808
56404,349505.7961988596
42841,310602.1598487396
79702,1022131.7677826743
138576,318847.4024686794
69111,531285.6337073573
112193,379796.006784539
88771,508079.69241129875
105456,392205.2225759996
157862,524282.920344254
70691,892559.3419018046
148435,398173.6586560382
66208,726752.560227356
168630,583150.1407626229
57274,262021.58212675515
109565,344666.4482164942
16697,427811.5951588826
78792,554251.4426007292
86213,330607.34718260576
174280,794885.3205441129
112700,442907.9949706485
148608,320196.83403665136
68120,774899.9224546258
42064,471076.23857609846
20185,306271.2767912388
39094,396388.2258945276
20194,292068.4761373599
52588,312341.3389181641
12872,369699.27080690797
62444,294771.15762201196
25506,388383.12236511696
4926,219847.0570191524
50033,371694.9388854251
136385,465464.15482326294
23929,402741.0948439712
174570,641122.3678175414
66475,775601.5267009537
174954,748488.9823760309
8391,339284.1539736459
57739,242815.78512069205
11355,285994.6177159281
158744,489289.6566291892
136377,490474.46304800786
138702,451531.45732991863
185957,862251.6155388984
129803,557059.454260239
10855,321326.8268583013
48150,381170.7688792192
144999,364225.1312165327
92754,517016.1348003092
69198,499550.65200095647
97852,430679.1935509062
105830,670810.9649288582
70398,394807.6562638831
46732,301453.6764723442
153463,384474.57305415947
4347,796311.8193735331
29556,264198.3307283684
2111,408285.4611629981
183532,473108.4453035991
57877,335082.64356141223
97879,411075.75204163167
55750,471198.73822855
62476,855761.3503970688
136164,515906.56518752064
168052,594492.1794442633
51637,406311.3371858995
34813,322067.4575264721
111272,352003.93524693383
91743,441324.2771660927
148491,501692.7512204488
64132,324585.5226062741
50146,317800.24788203073
183093,633513.4053847503
14807,222096.14226818242
93103,417984.5985174362
10909,426688.8179345487
176887,604660.6305339885
173793,710192.1456423686
72497,520371.1994665152
178495,611753.6484646676
140709,371221.83500559453
115469,625220.061518046
14305,492446.8842583413
53503,366849.0091425572
121061,336640.44718324486
59765,474662.0033227692
130927,418382.54708200967
117049,408510.1005628259
143757,377924.4338733391
143241,618636.0078381146
172619,439941.0272792161
175081,593645.3998790735
129310,353214.9922247681
183802,645510.8747962044
68561,478033.8663383991
25011,300656.09109371464
38936,382175.32979778067
110149,510639.88273975847
132786,373463.06057274103
43280,351267.6234004485
22833,286579.98175515956
56304,782461.3993586064
83242,468270.98657694727
7968,393918.6891713019
159298,705440.601399393
23189,291323.3117224547
146955,578271.601483799
53589,522659.23853470135
125445,396892.2802517313
5516,324281.137912483
52693,625629.585555334
185651,681049.8252892371
87818,430073.75451768865
122881,784953.7842117904
102415,404400.37785767764
32673,287207.4786308979
161070,447171.5479504389
163118,663866.8471973513
33852,394516.36443700455
166506,489484.09336785565
63543,452340.1101021171
129923,422277.55507522426
37291,310377.3805942883
114836,324111.7132507692
119202,375069.18499383377
48640,343622.00482117303
145047,449238.04762657906
161629,483267.6853586029
170090,781269.4201531563
168073,407132.37854173174
50046,455626.6315058046
148688,534007.8989117317
146681,503995.01401955367
49831,290112.8790687314
52906,255315.47750624645
56929,243623.88888547887
38838,303218.0108293191
134629,520967.268910381
57756,306960.6034445467
44304,324588.6751187197
67142,756057.7863255788
63438,470090.29264854337
153045,538541.9518831382
45190,390157.611491016
157098,394902.7700000521
112950,508013.42334561533
162041,397703.6110338166
41275,338286.2430894467
53488,323566.15532326495
72935,402416.3735483472
1443,274131.0606695356
56489,430608.75013466727
59025,651686.6075235982
84144,600788.6016674878
13557,407089.85241429775
109935,407796.42983599403
56508,414840.4974127488
134395,426608.3340890145
18920,277151.2333171843
156331,365813.9687535156
17629,269957.2181885299
47954,401695.55568701215
13219,284447.8069924352
16757,361508.26037213707
123921,439982.42568531074
183595,830779.1498754795
89671,425909.9542934754
142180,359997.8174146235
64597,477783.637799427
166520,488872.06815771176
92701,632208.6068352335
87814,460426.85276111646
102663,385444.5376094413
114342,464393.268465766
62391,357315.1267082108
16760,450044.7111282676
107178,428122.7127819819
109296,481562.4809568052
164373,569212.0882791802
34716,470968.81739620026
33248,248528.82386418042
54353,380373.5453790585
114152,434338.5324705612
135436,558992.3937218188
13349,682973.3611016718
4106,254677.07024180779
126607,416081.48032984545
37914,465050.8536463283
164142,773002.7078329364
51491,314514.2799333811
166216,461904.68115655554
8991,303306.26792787417
29824,424119.5827028323
70473,482899.0903606891
181315,689702.4369151113
27962,336200.34477435367
111965,400641.48296812514
11360,315640.57053666364
40874,310846.87738231884
93492,805211.5862417507
69799,683448.7871140253
105156,538333.1106387717
92452,358135.48704301124
85024,356043.16923378897
112129,615201.080948192
148550,448498.0945341173
153635,351685.1957130765
98758,373471.8082728004
85644,419505.75519778684
183505,714119.4020837869
76991,350207.9992928273
120560,627972.2119086285
168411,402674.8070406082
28159,397660.19024117664
158882,442842.8839389775
99240,372829.7148486719
100238,420452.2213606229
162493,436760.4730577757
154521,585102.8861308484
81332,498233.7187568223
50020,312077.0714932949
153706,555642.8222561342
177118,533362.8969288738
128681,526546.9484389998
161416,578138.2090855894
182897,971971.8197724441
35878,348509.03508909734
82063,645503.0477703101
135467,354683.0236066162
164588,828569.3027533793
85466,587889.7929417401
124820,571796.7219297676
33402,380774.5858835217
56316,874335.9829730414
131678,435452.62621875084
111071,461231.33058342437
154101,617463.3522380445
164971,742997.8427106165
134989,463340.0791873649
161645,465575.9760919325
160718,566347.4823134411
141804,531998.6190143134
72427,434328.70327363303
23093,313086.4771927412
185614,513888.5600794568
17273,254604.49263901298
53394,339645.1192465734
13576,578664.8483447832
94483,372521.53208435373
178964,581421.7640909844
185273,632820.7598068422
20604,247688.61155343393
36448,303406.740377485
5515,311300.06667992735
165398,529397.8146374003
178726,839356.0279207359
33645,360085.0531662244
43893,330712.10427719937
124825,598262.9193123789
20722,330949.4679759608
184926,588837.5007977881
145074,508459.6912475502
142662,420256.49638670514
147104,350425.8493440824
75909,415864.6812274538
96243,456080.2354845894
41927,285304.2960734737
76655,389014.28927374433
101387,450969.5266178993
58896,286512.0754180382
55424,472743.2237880061
19776,334631.9807892885
100531,333965.15693285904
153097,419325.7009252753
181475,689747.7848536507
100723,389635.79416883993
74816,441525.30913844414
77027,429461.09749961726
45769,336961.5632636145
109488,353404.8338471032
27297,245953.27685778483
2363,298895.15590627247
105931,611066.5475127961
4455,302872.1041084059
101059,423536.13578436297
142747,433243.3213278854
146466,657452.7292135708
17406,397351.1177059787
176175,710690.0657371354
88902,389988.67763212055
7135,266074.85176992253
81652,420519.0757250716
48286,464471.2529088913
73713,468354.5220373432
12963,355999.9265191536
91759,298742.2524347965
150870,759341.3850164516
118336,312873.801431463
14063,412520.9891305722
5512,206516.33391910707
72816,555497.763082916
23758,306990.3646563983
108334,485644.4913338564
139826,367280.9667301065
7647,340581.1584703659
86272,620092.5186119886
163276,511784.0669220296
133458,463554.09584185545
82500,366512.04659297375
35026,328351.98434843833
30425,448934.4246711717
48246,445004.3705203014
100445,715226.2732264649
27100,322219.0769507479
111855,414082.679170083
67875,340804.73603023204
117482,590100.2111779938
144418,360829.26042432373
162417,490988.231431387
21347,329832.8248628925
81822,438871.8196417969
142714,447871.1413146809
158688,496432.4890548343
99905,565121.1386888636
58156,298154.13315745594
26168,376338.13143806934
147213,600652.3994471424
126584,500441.6761313955
165574,386874.13884355716
44363,286631.2198323138
48259,380600.5246533316
4486,349838.93477506365
79135,432165.5304112136
114217,546402.968696402
167607,432960.5637749859
66132,893869.6834323751
56267,613036.4654998209
166579,575602.5003192634
132947,470167.5863032477
38535,249503.02874532933
88116,368271.6912251903
111301,360222.9369919605
68933,459092.2383365452
149590,541547.0794790245
81477,407000.0597062606
84793,492313.6808714783
148790,478862.1098863804
122793,680844.624624794
122753,572564.2183419075
138967,376385.0847837898
34945,250105.54708767086
142943,510815.3707868455
82771,368179.65747968527
35468,231438.0862585559
6500,349698.98798736074
181194,948522.8339504545
99165,327236.6757173759
183957,543373.1950309372
85521,633698.7243277169
90226,510717.90568910073
93581,583688.7591900907
146738,420480.0186483476
125285,552657.8587079182
4323,567441.6644320111
43539,431373.83110055584
31187,334734.12074730813
43215,493169.48049670906
165044,562455.8521902347
119520,474243.8750032619
82062,646637.5662570713
22143,327470.43484049663
12785,362849.2870445052
180623,525681.8548880861
8598,276612.80106601195
134012,369195.9599592034
142192,407778.30490483553
108897,504571.54045831744
179634,570114.7533223229
7636,350995.44851959014
122850,582468.0058194578
134335,674175.4089972737
61578,942123.8336824682
93128,660768.5684433681
108229,372249.5940608588
168170,493301.3350746543
118613,404280.6039137189
55727,417098.8834230997
41078,323967.35482884315
93301,578293.3331726822
109998,398320.5425365342
80490,341108.43398263294
29180,364138.08581717924
35959,320578.5303167692
33774,366956.8310033609
79683,1035402.7440728196
41947,363775.202541027
65036,504822.2753774495
166583,627875.6193077534
54130,259616.53048571438
166096,904468.9624943841
45457,378394.17702145013
73309,393758.4719038621
175580,920879.6442608631
60648,316783.8895061043
81044,451147.24690659664
79572,856188.3997693458
82834,421067.39535067725
100244,382920.2760694376
60118,582839.6820379845
184032,909314.3373653148
7091,312479.51867221616
120471,429569.7563434812
98487,249288.76521511195
50002,327727.0332131847
21522,328963.7904070152
158105,616638.2840338766
66840,378616.2040119425
63451,472274.188397647
93374,606633.9914480222
178883,541280.5809203252
136946,539706.285740389
73724,479054.2895167368
113143,423433.9424542884
83919,363860.68811730726
106267,670208.168127958
123197,351531.9419511483
166136,497031.4976719672
112093,427175.3658759506
163912,625506.3401308414
17094,393961.59983771713
63,235704.42147144483
116008,656275.5436132067
6861,315157.7035991821
76984,362383.1318504631
184180,595788.327218292
60254,397956.04240545817
2207,455768.68547458656
45514,356129.9224031598
135742,457768.3848084314
121230,422804.007053948
7662,305661.5975176162
30269,316360.3985793072
28513,421928.5725679491
215,393208.56733587687
45437,376518.1694791898
81569,463869.9114841729
150532,438406.43083011283
11398,254399.05828263846
182382,597926.4041525305
63830,391648.23578506644
111877,360692.53946409153
167061,540111.6382362134
124468,993743.2930217683
180207,710114.1608330872
166293,495147.99202178715
99393,384541.0708123674
170014,554814.1004035852
89177,414544.48318367644
132925,543772.2089960158
156350,457818.542154119
16936,317330.80151970265
8989,293017.9983607231
123671,522715.94027025165
88596,425995.9166157367
97384,443750.40304660983
1573,221325.0507026573
110701,573795.898743674
9944,373467.2668516388
15103,263753.0139808481
157950,517823.7231502398
33765,428561.26291117485
142828,396431.20588456176
30131,289396.8106739215
170187,400894.0326472953
75365,562470.7048975693
30097,302241.6925657734
102524,511050.91990655224
163534,469999.04725627264
7164,415977.1729301689
48571,370807.2516476455
57911,285929.45761804486
179364,599116.258515014
99613,630741.2151050736
27092,247815.0227845031
111447,479942.7047531741
21007,345992.1590518274
33903,586994.5908355041
148741,442623.29771467496
110095,594674.6674840531
147512,479155.5490333913
136355,435190.6276941518
24968,358234.3996937148
11656,336427.88102679414
164077,588516.0637350862
142833,402198.6186325551
123609,415373.6544659262
26399,232656.29463405407
138287,462284.12813279976
161217,457916.5167269334
47625,351633.45517747645
57422,581908.407162758
119071,480719.32290825713
142332,388662.9296696055
15152,226215.65147523402
85153,317477.55688135256
56068,290729.54552193015
96317,491869.15748639335
51018,421785.0556017731
109208,460222.2048011198
130153,427508.69021140866
118538,319288.9438783687
46059,303380.8814685806
148520,648011.6663516351
149402,465967.9203827183
37533,284421.57526881143
156039,857368.6314804524
115106,350723.2300594808
166157,456773.82907012565
118181,539347.4633105486
158008,513945.1190848183
166919,682041.0915781474
171569,686487.607416586
23101,324247.725463529
104905,392474.94505732786
22461,311528.08674887556
45071,464086.3706821762
63040,290641.4308800763
66353,398235.2919254962
163620,653801.7747710247
134811,478769.43109244446
136270,447522.1450510685
133258,483871.2252395163
5660,267900.744014138
89167,421499.7302961401
166979,440360.234965215
39062,369061.12054267834
109297,500872.4594317618
60913,256417.5659780687
76838,516636.708227526
79654,821634.2023835218
80106,417613.1062300961
19115,462746.3546310904
39466,331710.73305318353
164333,495848.1210735641
74295,389012.65517422184
109189,604803.6487896948
70416,452707.3963381493
155008,508363.2079784246
87450,475896.8428436286
93793,645906.4504925979
163169,601676.771856044
126111,413089.5287064393
38747,270546.34871519724
129192,544367.5286624436
157983,528691.9585445093
47558,381697.96431332035
44241,225783.48709040103
61368,420749.36764678033
131848,376887.78968105366
161207,605828.2861223423
27340,296716.6405142693
185142,588804.9544799705
30710,349339.3963681692
145965,819260.9100830012
171589,799939.6233113547
125847,661367.2231590309
86263,617453.8335007818
175484,656223.7974282289
94475,369823.49128699943
184284,578402.6783561598
45025,352946.71677717485
103803,360862.7413442817
62774,363522.1050759775
155695,503349.34084479604
149370,395098.9627075577
39199,437522.81357496505
151572,781799.4034366724
72824,613989.057261977
41069,398737.4460125539
171320,478771.2864392864
113360,389901.99676598154
13669,749778.2298698167
56097,578662.9584138338
112147,557094.2704478027
33536,310554.3630662795
151323,354436.8563581726
139960,422589.20799656044
58827,434402.5502494653
71957,578521.7443217807
67296,713388.9765431746
9469,359409.522856749
178608,635392.20993671
80707,497198.60941668344
80311,574121.760475564
154830,342988.9280236737
91428,309912.8495791823
95180,575026.571576216
51974,229863.5010625401
174438,544629.8485670631
140475,360239.3587822337
181390,581528.8468324848
120486,454941.48993493686
33759,448938.2008061135
157247,506073.6466326422
96466,376659.8249878315
26874,282214.3949081123
103155,396158.7346600574
16826,318632.56327776995
52452,420322.02704433835
39727,351208.4117063138
9201,314037.8868258038
159557,707833.3437211912
81647,446595.84684895654
71858,425409.2207144833
163193,404060.89217310597
183677,727437.0124830704
46259,385973.46066613647
169569,423360.29946749593
141310,677619.6907826146
171560,746974.6317069577
10158,338343.9362498695
124645,579905.0853712864
97242,467437.0934762495
155976,571737.8784730382
135030,712695.4902750597
135055,734074.771023844
11988,193304.82494034054
131966,495325.5849770847
48927,236715.2254187805
116181,476654.4554443754
35240,321642.51293587114
110964,391108.10028741095
129931,481464.3392987946
144936,542346.2886496889
85968,608166.4725166846
31623,377240.5219358766
115091,533060.7998227915
99795,386107.6742968588
52167,349307.30537317967
21398,308737.8472972939
38628,278219.89544573735
54358,463777.8318037051
67603,508256.0796875724
167023,526021.0922762105
23943,333854.80462973006
612,207356.30763928502
78224,609168.2391967811
95330,469598.430997222
31595,323692.8803327892
79511,457155.5772410915
12473,334020.5608200829
118431,401232.8335500594
136540,531881.7135325506
107534,353664.13362223934
171541,607399.0446576674
150816,496664.4313060143
165277,540065.6723610171
60080,390374.9515810183
68082,449323.203629128
130752,758542.4845923876
79403,490441.5839172313
135938,458833.16076949297
147855,530897.496832598
125348,463756.1968503394
105893,555695.5860207835
35922,268834.811101536
105431,435844.0046959185
185885,604519.6402398956
7,200375.2268509536
3780,341979.2934610996
54638,410551.9165231138
4427,426295.5320404001
169393,705936.7819481787
100570,422089.1715774314
127013,472189.63457678957
179590,706658.6075874103
21847,403502.94935228524
1059,269029.3986710408
103967,419643.4233121909
109583,407665.1918330245
136713,411334.7472154469
39945,260545.48207646437
150045,478533.7173385001
72965,393381.27511620976
145632,484680.8521395023
167921,602801.7373592566
110766,468389.5239250958
57393,422578.0602647733
71103,372465.29838557367
49677,454869.97148157196
13421,297078.19432454696
90157,577837.9721686732
110180,297290.2902885911
172367,851756.2332275416
118389,403671.2897786292
33775,364884.8939682878
70063,711790.9311130194
144918,410563.35368842306
150082,489850.7081144799
122666,547168.0326847263
170351,791976.8784331869
107678,393653.39939748496
155114,573857.9807215551
122369,374373.7279713414
25429,351791.2858142203
127795,465759.3057993286
174718,550305.371050718
89291,805847.7852243544
86782,342294.74064932973
104671,337441.48880477477
33426,305116.38141837635
56286,643990.6667527278
143020,516227.4976693792
78430,552138.0859240721
17689,261183.67956230207
151643,564256.6123118234
158906,448716.49425134534
184618,786560.9764890688
132547,335223.89039893367
102737,384826.89170855284
153060,441877.33807828085
31214,341588.89155778266
81128,322273.06520051043
151178,679191.6036633991
111275,416475.74477077613
72364,325509.3696770561
166289,481151.830373015
100717,460940.5887792291
117389,528578.6358564049
22050,437928.1286078978
68790,356805.1538291253
167810,563610.1300183878
149546,531410.9364309808
140512,500397.37091498636
120971,793535.0900877654
41988,431227.3375645996
104329,498153.7115913826
37905,316852.7798610044
80535,491623.10445077746
130131,398051.48475843866
28242,352993.4160104095
110299,391042.94582173554
107961,542918.6325082219
52114,259637.06731737347
72206,402053.3823038921
88561,465016.272294801
124803,542643.7292664952
26365,223691.9862683969
51266,316769.6154608087
99405,390791.82423078676
37981,428165.94417125767
79353,536082.297962313
63089,311337.89828050596
106430,428907.0261142049
46961,270341.18435037
99805,513243.9047988547
57698,280349.09373580955
85271,378450.989428024
30635,345477.92324745754
161,316809.78075907397
46369,361541.2716817757
19203,271673.2066168241
61535,319270.6646154498
132102,475140.64489055553
51111,680403.978484313
3513,347897.0897388466
82232,303774.09437316743
35856,275452.516359008
79962,363888.8369799091
101341,357480.3872502012
153300,448427.2371268708
78502,774215.8677885021
84046,407785.3893207485
148592,721383.065043949
130650,385575.7332576803
72096,454447.186218027
130441,413740.8114467356
136418,418924.46824598114
43046,288275.8836779941
92703,625845.4995890249
182965,631030.1651743919
55300,300011.6993868242
124269,368469.69601841015
49428,313787.01487993664
129844,414814.5821355662
77657,365449.70365299494
93997,374398.710011887
133673,423058.5688991041
135972,308312.0230658823
85030,337253.94688521506
145900,543972.6338198624
29220,445914.7175272963
147197,513141.84813322686
122429,599172.1725211478
161325,477242.45638594823
28020,329380.34862175205
82406,514645.9608441875
131280,519168.6182610317
48665,363604.3022224471
109283,493672.94789124245
131959,459981.7018688234
104502,394019.78696947097
174458,553601.6059157064
42220,308595.49248828716
35265,292493.52463528764
169164,639370.1062203805
166727,662714.2836621474
29325,515942.0582282125
171988,511483.11688795674
100214,436587.84899967595
176994,663018.9842153905
9316,276759.2927649786
162741,418422.6682493165
15321,306602.9649582461
185096,635588.0665155051
176068,552831.7425541279
88617,390354.32618767023
26553,274498.4082915781
31482,347393.88219921687
138342,433600.7083749059
166954,701854.1661821427
77849,403579.5151806068
27966,416443.83595980593
174020,391799.5752744041
116337,521201.46522151656
159288,466615.79859584064
104850,358774.53464964963
138012,635574.3413473464
120097,466272.7572940502
114006,548617.637226639
97234,370192.23229995265
12119,287509.9157313663
163567,515029.61875673675
105723,563083.7237979046
23214,301251.7865650837
107537,360510.13964475447
122440,401869.86285429
159176,620764.1594853228
134840,437834.3660024669
156085,718061.9931194724
145150,897405.2804747036
93387,844928.000553309
45726,285668.84386684623
101695,443439.5206932199
81106,329684.4667317404
116192,319784.8948093781
9959,375006.48739239754
111477,348671.35095608525
44324,288119.1178947043
154239,307757.80306617107
108550,337992.19012477837
174200,658236.5459186737
81472,400881.89781516866
61273,676952.1876577053
64178,706893.1309881844
80426,485994.798571577
124365,371195.44515152136
81927,430635.4785929542
180556,420630.7262866924
100044,407998.64020002994
146838,829087.5082999622
76164,546821.3900733456
12753,313743.76834305754
62316,418971.550190329
49112,382003.64969193266
24490,291469.43387344904
110407,609513.3319614526
81891,374703.9356182338
62795,317651.75800251553
138385,544084.5431508394
58298,366557.2479189336
44050,250490.84760596685
74880,398336.9241905743
23082,279492.9671534898
153826,371071.9311703718
174205,657747.7238277165
58667,508170.17352613714
173601,529502.1178607504
128896,480848.7683474003
1289,256249.67978775757
104107,414169.25429453654
139774,506875.83691710036
119135,547755.9124078585
14353,325613.51287014456
54585,298782.2798303734
112540,418963.457036715
117294,314823.51992823766
165542,715990.6095183694
36935,350225.0387881445
6317,315915.42708434234
81393,588299.0576286018
62678,697926.8990088217
41173,321738.1022904155
125533,495293.67889640294
127106,508187.33833314053
57413,437881.8314291449
5861,325372.7961411718
55920,303345.5233104988
158949,485523.88115138904
72111,389764.55279637256
167082,579413.8803151541
129101,380680.0319350675
48887,259416.6335176389
97782,452692.647076652
16929,417641.9844535567
146964,695626.4243002814
98253,861495.2547708751
71074,432968.5428878053
163823,473847.54435584537
82845,337798.1225177853
18258,382557.33851020585
73189,431767.1318402425
97463,432413.2725117651
34268,374575.0959677738
156527,640187.4888232263
111837,317922.65214231453
106772,377887.69420467765
111047,483806.30315418233
181131,570611.1847099004
80782,312695.6618245765
137954,451616.16073014424
113734,452958.8219353175
45452,345949.70104714367
107555,419628.2630921119
163635,470522.353594292
23100,295260.4449419942
156008,406051.2713457206
49970,248188.14969782188
71093,309485.4546052388
138972,453486.11644065776
136337,458410.46883694734
110562,410159.40257771197
98132,384626.8780562711
14232,506710.3053949415
60015,348269.6302055837
86401,812971.9635235004
164336,474870.14369818626
69944,669539.1708699575
7851,368826.17459955893
55925,309902.307151468
53974,511135.4300008338
109964,376212.3203364117
42060,437288.85504141566
63961,561021.183052314
149715,417533.0278217949
5277,279296.31289617316
105365,534165.398608116
21814,342274.01472040184
166680,756496.0208377466
135836,359383.8070363114
66056,688971.0571769413
35615,254780.39948259323
158932,559774.841588234
129218,399233.55810429703
109127,547033.5898277902
176520,690481.4059422886
168322,363486.48853015667
124377,426609.8961993756
123375,344370.5133755264
135170,387444.93844821677
161426,511219.5052021874
108941,580898.2834804206
31801,535566.0186587835
145656,401726.20680262404
48030,367231.085334564
84375,331018.58825379086
155376,421598.96657815715
118437,665829.5462632456
55889,349044.55625052424
558,242290.7408657903
56898,816913.8539261527
102985,361042.6136873877
183888,550951.5644127942
18393,262083.7357846297
67851,289711.0305543242
42827,354821.17559544335
12436,368296.514912948
83201,448920.9215814306
137517,720177.3288369619
16547,362351.8264226915
155312,393172.1196235213
22221,238670.03913512977
125308,338900.23923255387
113478,393357.8579207851
3325,249883.0740122209
16424,379946.0858006113
172198,445011.937857691
171176,504741.2332776033
106269,639737.2978309016
154946,506773.9131087967
136856,394855.13359300315
118588,455643.33746287297
174616,617291.6338379601
70834,323646.298922115
79391,513124.21650868456
164924,645994.7599666602
92321,363462.17612189474
71499,442478.40538726316
151012,866270.7727076976
95968,677002.4850751577
73829,484224.3880783762
160604,453089.71788201464
110936,859320.8652017799
184147,705954.9598941152
61889,316572.0567303509
168209,544830.6097037442
163281,511395.5378096723
105452,442273.45784625306
185506,721977.8126537128
24882,351079.6600368576
166191,443354.594782748
84983,377717.5910325368
132867,349575.93318567594
157316,651794.5157316506
46404,500686.36134198797
101607,416547.54716104665
95102,417362.51966595056
73440,599673.7569701534
98684,321850.9349591648
15204,281678.5481467905
83010,416292.006859228
154527,620489.4581624917
75051,546830.9596448914
113664,346928.94586943893
128731,494724.3584144659
138051,422434.78032994224
36811,265473.95232497907
82198,372121.4540811486
60255,392857.8325705015
129367,505077.59416578937
9531,287794.48398381483
66848,388181.9516537959
120051,377729.2139750239
143726,475312.47018734086
170690,512422.3958802419
74177,373349.3479093191
158970,498131.8855860197
31294,374209.9845807806
160692,856148.6255504107
85454,353226.96730331815
177728,854242.3644149174
82016,592823.3374367476
123417,384521.51486031164
83026,493592.1908836459
99271,330822.6497826907
123804,353449.84810000355
116539,424685.09013114474
105104,333149.20478759654
62020,963646.0912977625
142081,702264.1971608091
43452,890417.6381256025
98549,431056.3297203124
38531,252982.668603679
154045,659611.659923532
167648,671957.0309049166
145496,519048.37563064863
176199,749911.0658172435
134552,457315.9048477439
107265,625036.7036983958
52465,320747.96547499596
39489,326728.4161422992
94746,361454.0769033075
167145,837729.46637901
52425,316741.80897928483
158088,654849.5408061077
98550,412194.3043798222
11675,287187.93561992433
98158,328167.34234066436
79335,332690.5343225011
39499,454197.60261315457
129066,829246.2328866585
76637,465374.1333112194
1457,381564.98063257395
120956,757671.7451083164
21240,317142.7494097714
127407,459188.4133338963
160302,394468.27204343234
96867,424337.667773643
62995,348256.29278856696
125447,442858.77045637515
63767,303192.2512788045
127532,377475.2354232887
89496,418213.8756392185
12284,247414.87995149536
137874,341806.09919246833
9481,356603.8039789615
21927,326609.38972823677
82748,406620.97246480186
144798,351013.7613925729
61771,801253.5912742261
101317,549502.1188562603
28106,386055.0079447039
171026,474943.216931635
101949,380542.3673789162
74778,564450.978323935
139407,436344.46668539505
131987,565281.5656969349
27238,199471.49463069055
21614,356983.10864234646
35832,269941.6540375134
94108,480475.9374434657
89887,400193.70585619024
14197,344333.1701061063
101180,506764.68016199046
134515,470999.9742164892
40425,290578.3183892293
143656,508297.3424379225
3623,288738.86367704713
44733,368066.2974912752
9793,717178.1746982677
36380,373132.5395476092
156891,494503.9716167548
40670,355706.90455753147
8669,326844.0861093695
100203,360456.02578060963
61471,364054.4079698167
135409,466532.95066225814
130374,423770.43185901316
94042,349264.381737988
71459,441623.1516188948
20526,229445.45864596177
7484,267444.0375148406
32296,425748.6000282409
100784,467407.90103311854
115087,393123.9970289018
55381,315742.62289805367
58678,375073.5734923522
92719,467843.16368458734
80437,399276.1558942838
40725,338323.53355427174
135217,371484.9504915948
54525,309296.5427950003
177920,553431.6738541633
1688,281964.33969003655
104383,596234.878969696
142587,477640.17293722753
99934,571925.0400012
156434,430185.43345260894
8835,313281.3672429945
69046,473278.6777568536
14859,271305.6258287197
121898,429263.4139825569
75553,522485.1235395031
183768,607257.4725214741
21090,460981.88866445527
87058,420873.23872256966
72272,457057.64586477366
174182,629250.8898987877
22862,346747.4111507077
160976,531858.0143634132
110148,489213.05981356883
28465,774174.3749680598
65010,330207.8976751128
33773,358540.703418664
15638,348452.21800911747
168246,671209.2994282991
2247,440566.33840545977
181451,547158.5903772057
74608,433845.0614777906
173015,456698.33130884124
129106,472736.88969394483
144383,389445.3467999704
75185,508332.0230874837
98063,435540.3552735609
96911,467477.39472782554
97046,409396.06163143425
172325,540522.2477706737
154634,381163.4257527808
129087,756514.683855921
34569,345814.344824275
3813,353660.4159884139
9762,790028.8632078363
26514,294462.3765724012
124755,532220.7449740663
14913,226940.9378706933
135885,483843.48211066815
25925,280111.5301920559
141757,411710.8897172754
166292,515776.52087174426
40054,405886.56520803587
170553,492238.9218256934
58362,309690.18163633684
171853,459924.3608100078
106016,756874.349243141
34769,326025.44990480854
66491,750670.8876826526
93800,548374.060782808
17973,311431.1196205524
70482,483373.1978652827
147237,625287.391321333
18052,333192.41728046734
106581,435045.28207588824
123027,415582.918381567
6691,316838.0842040559
143366,615786.2625948002
92986,339617.8116459754
123910,442705.8416944581
141535,431725.42799889157
2956,311151.39376550703
161884,493219.0666345027
74022,706390.6772324197
151596,740805.4415151299
140445,921553.2280519012
18687,325232.97459325404
94020,323578.4528208128
23036,320661.67544894456
61713,924932.3926828424
86511,748859.1341509992
147596,746243.0759056886
87552,345009.74351234233
87758,432982.2798287363
109775,342026.730839298
45727,288265.1455571024
140470,467310.24847270746
74488,449314.53038965596
57460,428770.0028458175
137958,447968.7727859259
164183,570549.4589980044
174234,676747.9620792008
94729,351604.5264517843
116256,463018.714581527
116196,426070.15825293364
82997,379750.7969770479
54813,449631.78655441117
57615,329605.80649796134
60668,396787.3289857246
180003,589848.2249977676
11736,295356.34111746645
148289,427509.1840378852
118192,601504.1661585701
160756,707096.6625979724
161318,500745.8372829885
20479,281906.8315245017
130644,315083.051075231
114890,447601.32098131947
114147,539026.2564281138
65699,650842.5338714799
125313,324591.58009974996
5069,316855.07036237704
111345,432564.400492118
22183,346813.3999841915
9846,498435.1024345066
141596,394923.6294479028
21087,477093.5943710257
108931,534120.3066160447
9721,363422.4998782608
178149,502032.27244637685
96814,484808.703215046
49816,295149.9746690094
16950,381391.895410455
3539,260813.19459747404
179647,545598.4705537157
25194,321888.59324060637
7539,285924.6938634135
147807,485747.9505558264
76911,362972.0284411295
152279,504297.49323160877
50458,349603.79112501844
65894,702412.8144683337
150026,490193.9307670353
14797,268862.7930376902
142551,452573.20806263026
74589,343721.32343057863
9220,275867.72523395444
106305,338745.6334791125
135133,422448.80869795184
19705,461746.8512748402
74308,562925.2059200477
164658,493596.27630335203
39917,318736.7026312198
84888,456210.30013349676
155029,536371.8052384327
68205,385833.74487545935
65435,291389.1382426039
175254,688823.7528695511
65114,446408.26141239394
163183,426157.52440012316
155966,563481.4074331062
152056,375007.3202208541
172604,766240.7707114265
146021,412866.5268191118
24278,318693.2451103894
20031,286225.2861890124
118460,480145.16701872065
158420,435733.9073270132
137151,393674.5087053202
90042,418814.60900412936
110782,412958.5564302334
170463,641415.7190193337
77247,458691.8703395386
100002,407277.7509642712
904,233585.84018345491
40250,303276.78766875895
64003,425648.35715958645
818,272829.6021999034
148325,505631.8687403406
13833,276096.68979161384
38477,332049.53300092433
17250,272935.48944006243
9665,426912.413749865
120100,436704.429068173
110528,396059.1125980369
161718,526554.0924726566
26700,323148.8787652496
154932,534974.8475623983
122236,382871.64748559135
67740,408516.10231559054
149248,423357.61581338494
14424,344725.6130069709
109111,476689.5691442621
96360,366037.49032102583
170560,730269.4837298773
112644,671928.0974443892
156493,474037.3231960414
126191,550688.6207605157
127981,366144.8921010648
111978,433063.2640323894
95604,519729.7226510432
27993,450838.2964213714
4139,256466.76353851455
87640,441182.2168721374
76569,323278.0198761391
100678,328561.92303517123
11243,361934.40655770304
139282,452958.638654962
48169,304548.839196357
138814,438361.1430666001
107407,324363.1837090993
157561,451269.8819607436
134287,442728.02362009924
96913,575722.0632581663
146290,475696.571022162
171002,546004.1351490467
149765,481705.7031816208
57972,537198.7371910246
13555,399343.18471400515
59286,701013.4014000837
84032,470962.7168033727
164582,730488.9176242611
67524,359241.8447270624
159512,557119.2851957583
86250,533270.0982406945
170280,643707.7886358789
29989,332090.54144676094
180487,598206.5667813281
34811,318314.52609230584
149393,487116.7373525381
82891,387480.19867896225
93204,610512.576098476
75384,545292.392130795
159331,387867.3708486261
119407,465588.2028207771
43730,392620.2165629828
83752,399022.5797800496
70616,816100.4697159252
60927,319954.78912246187
120711,406019.4391339276
14632,287801.904104593
181814,591357.3810311726
118872,383257.81332385656
68803,368174.49316873297
90205,530603.9994093473
43247,553611.9675103044
84789,436332.6464153598
184712,677420.4581676112
131485,516406.56909518724
4684,583590.6987140941
34581,317290.75689108105
25894,311863.9068617976
175938,546525.6168955365
94670,712534.3708968456
17166,305137.44039222266
129084,758876.6287887917
149468,464918.08595767175
133499,476082.5913790343
4956,527392.3231498174
3602,219999.3365660478
127540,534111.762292165
6444,253860.8233640071
17958,340579.5599383516
17252,283309.8495534405
124235,455254.1796833078
89380,374832.4562430041
15886,430754.904068573
51090,281546.8098115621
83449,389679.832070245
132130,416610.11705981335
165358,867597.051545322
183829,733752.6888938304
112675,478233.2901585452
32039,261769.4127975786
46589,347978.4644707202
125178,345770.5893303625
3265,432634.92661751853
75758,577211.5346846188
27479,299290.3213940164
84010,462039.92146397854
89986,479565.7127064654
20487,249785.74690109232
46341,501954.60468468163
23315,255597.898874962
15604,334377.8080382749
43490,431348.4874283614
106907,326034.2220132524
116989,443050.0990796096
157278,417162.3134340777
12003,237127.09777411932
167141,836296.5981764628
138600,335202.7098141696
97134,368494.31166365906
162847,444133.1500797338
177915,541308.1014638431
47921,404035.9490452446
96902,450811.97858850483
19535,399288.1605947693
4328,571393.4028394782
105089,350691.50877088535
111426,419209.9738153899
23977,347096.61499591323
35157,243187.7816022545
157898,470088.1920699746
108745,456204.40556520905
18918,432751.873800194
80956,411123.38836769667
150233,517151.04319171945
126806,394822.08652019367
94362,490759.86398108414
97470,415847.8540549746
58765,418623.535232862
103871,553568.126157081
107317,423889.53429107164
103815,436086.37072381633
39104,342495.68112113
42330,315526.41439687717
77559,357621.30487491615
105941,366566.13365099777
36376,286987.47884750034
105428,500562.55594035814
44732,337192.36727091705
143705,479139.5061640418
159777,515370.8644573189
20801,343972.952921054
9019,322628.2952885451
62393,390307.4753332025
8881,379653.33499001793
74230,402381.4438065367
28987,441355.76731045777
138361,523945.20887421066
117560,368348.7022628901
45684,551956.3838468094
42993,451954.524516109
177571,680815.0888279163
21417,265398.38210231456
58061,488084.18844644557
105441,385451.45907149033
165657,684401.2878889018
70208,364385.9362482626
101052,341562.3237710479
12629,338714.36151330447
132751,367083.2445306725
184016,819495.8268427454
40258,297427.59648520226
117719,479615.0206996646
121909,458262.79371976573
166485,444741.3361082138
74318,436293.476314319
171656,670782.8668696197
89002,582261.7996738779
124849,435744.941779261
43257,1017792.069182103
171234,474617.0965118589
62248,304745.0766175936
140890,379890.5527122096
66484,773686.4090939759
172634,552093.0271166058
79458,416965.90808786533
7768,258851.1150114647
171667,504998.4819827421
63489,366255.27366185864
134320,787270.7489482262
55251,262723.20289825683
176988,625874.5055676092
23533,341668.63518911623
119122,545557.200587141
98741,303547.40556197683
27168,258498.59965481327
136852,390772.783604741
87061,344117.8501824529
174227,645697.5450721626
60755,507258.5446665359
19378,275876.5060430648
12762,291582.57139271375
30064,683678.8224144524
169939,432232.121805351
22105,478215.8962707735
151426,543543.7752113536
47527,374370.00808259886
18062,289981.19079048984
83024,471204.5547133873
87121,367931.6814238763
32755,293099.2218764711
129600,488999.15081956284
181610,563474.2505691807
72864,661239.9591859304
39682,275009.9778935339
140688,449642.32827299455
46661,317310.2474487374
54072,328613.0212117595
60630,400132.9593839732
72375,413716.01817570673
32480,426056.1947106823
51657,558459.1377005625
77258,550526.9218677182
121393,415490.5929962395
84368,323832.1702316154
100935,353116.6144174347
44489,325825.6785956122
82733,345123.29781729716
35437,433062.0992543186
25320,353367.7914377719
49412,292517.001677469
175012,501981.3521258872
161131,527154.8631202647
79453,394797.5448940733
66551,929558.7952645319
164367,607697.2254247434
104936,369431.31143593916
40667,365522.69016618165
11195,358545.65311890934
103281,345937.5914982202
112127,614197.9406196778
184709,687942.9739486699
132972,517040.81113284564
47936,303341.90061897243
8538,692858.1757150824
169286,713658.4193116446
171669,516796.2912246113
46514,339791.49980745604
94931,441742.35771395033
64763,384193.89252074825
159166,587664.6798813466
166663,566549.6938549329
167732,599947.9516442441
146514,538784.2567694624
116066,409414.7624048369
1194,242804.10429562256
153250,719640.9902266532
20508,276907.4127689183
149018,352833.102129523
148948,350817.96123656747
94915,334014.62841164635
87196,339263.04084887845
44676,363839.5895193797
123180,325079.69506387017
31267,319608.5452623009
150098,503572.69672750623
76339,706435.9125845595
95720,379494.21060832014
184700,936157.7792174525
139857,610763.7392918457
24940,300659.7529199595
25344,346991.8910750657
65266,447922.8658175215
65264,418882.9422271779
139012,428918.41125307075
109352,521598.6654100106
143634,379692.64306520234
51506,342288.1839121275
185562,815358.186401213
8336,423152.2890570968
129399,470398.77636932634
136914,505994.02321888995
183966,609693.4621652679
56924,324729.9486392841
162248,462708.6144367908
68386,526702.987088909
50961,260976.64186556745
51919,259966.20744103836
112582,634399.7176863377
58540,309306.73029298655
175037,541331.2323021279
26222,343575.4679676095
124205,463426.6021362699
3192,276057.420026431
81818,479962.34637253196
20905,340864.42678297294
28801,340312.98091660696
104342,479206.0597340898
24353,427000.9560191368
126711,466547.8205212958
125931,548833.4553258629
22093,367385.98158598144
98130,353583.560358993
65068,295781.45260172244
120494,459635.9720566372
80835,447507.8987815848
43148,325082.57441467274
172816,488763.43490565696
67326,347019.6335253585
121376,351836.1044019884
176343,553652.4074060725
148224,386778.73893648497
150107,497870.38260233635
56982,255717.36000976944
149980,452008.8614844241
120126,424144.1512642505
87951,329762.8928756177
50942,439608.8165452812
24322,622613.1078724768
15703,392074.7592862731
8248,305500.2366197509
59750,403922.58532525296
106795,445028.86214271304
145679,379737.0473578707
64417,292995.04182565183
39551,407879.7073876444
116719,416774.2849710467
6680,306405.50716708263
67035,772918.8039638596
15492,345769.7202962322
95485,342148.54513194214
27091,232388.87113030063
26349,486062.19349110976
134313,647354.4802999821
51862,351361.8686069852
96604,621782.7511202978
141374,501587.0242972706
43481,379447.3519983192
109785,431951.47551551263
63499,403778.40934723674
35738,291749.07872936904
118745,346863.62013683683
176273,899998.6903584944
83074,519076.3412942749
68168,479458.79933349363
58232,262871.32262772723
2829,261199.03976509545
145564,485577.6400381585
49451,366814.0137880029
12895,320109.01667802664
170403,674476.5374390404
78752,617137.3298046769
85914,588347.6544273646
6871,339514.3603711722
168608,596892.749249094
185858,582187.0437490739
168736,837914.5014420527
94762,404834.2802438077
58262,289489.4278679862
83522,504109.4142348127
14081,476392.795617866
115243,391768.63949650456
135557,460824.60484681523
110740,404279.9251168796
18645,267795.90360246453
34031,468274.1373117714
12929,317084.0754857242
7216,274429.8398670088
122286,445049.0211443225
21455,375224.58072790504
172304,841091.5075534446
112023,369177.97675296274
138741,463766.7887462035
35228,294887.7893340392
115439,760837.5532032468
72764,653889.3960206023
88845,351385.0812129245
177056,663427.0531246441
29224,466208.14324618113
181505,672676.6226527267
69167,626594.8571950003
136147,481688.583542404
70891,317315.5886820169
147273,398054.211462719
38263,301309.5363535245
168012,569231.0471733138
146140,467772.6617452386
64830,407329.5719040713
182338,544144.0659001407
174983,489128.2855769375
183927,563908.1571274269
184645,569726.6355525358
128945,318829.13341453724
154505,626333.9087078553
113120,369831.9399693924
10205,343872.39599395014
1235,276945.5977408006
179129,871668.7428551372
457,200431.3986308243
178654,550308.7896783301
45140,513045.75501728675
59967,283360.3170721275
134489,448830.82822601794
144217,607558.0923239753
172382,844502.3243395111
11807,322448.68297149974
36142,272655.4086196256
85807,398947.3900701207
106794,462381.37581479107
132250,460133.1913797659
71232,378874.607380721
103655,502926.81073038274
171160,445098.51645394025
158812,493120.1567370149
4600,233556.5685692719
34706,341484.65366649866
15170,336590.96486641373
185939,832831.6385068714
75663,508999.8524957817
46472,314753.50337463175
41187,299976.06066430913
117617,456327.93487063795
20202,337819.6090115757
59499,499123.6694216038
123970,569305.1237380409
121623,468954.191965173
61372,417869.9114120903
87144,413732.37885828596
55479,946027.142996607
20922,480835.5762450286
176159,710699.8805424718
136823,398174.48635330854
8744,263158.9285337045
141683,474324.2919746401
68587,385924.74539163837
115487,760832.3284258639
178671,604234.9916113592
66573,616428.4551382976
50489,298111.8308175837
53150,393206.9875766705
76262,376868.3119551907
180526,791723.1326791903
142784,389276.40900518524
145423,410346.5470344632
167314,837048.5459721278
4127,267555.53802132176
43719,314742.4933671124
44950,297857.01639727305
16226,395123.5580798432
86806,336606.36651551136
85371,459743.24280944356
70805,333366.9334164431
12447,285179.63595651655
74874,412351.86390550184
140409,392814.2648054408
178973,542363.8316993946
153209,533085.8551694755
35340,241934.61392816238
161468,607598.1223634714
61380,381165.6811628564
60368,480236.2606063471
108619,393579.34292075323
29416,236806.13210443326
99998,312219.2306617747
104055,469411.60859014734
150873,666007.4343169343
72915,400819.6105333804
77425,283687.8772820278
143176,454267.51172070066
132510,463830.93167181115
72422,382043.78936491814
137906,390953.8751376888
42833,439982.6533166924
26979,304036.59106757346
152752,522852.2593299424
8241,329947.67085832136
85472,586510.8424320109
9433,370125.00024859566
6520,394584.33414044743
121515,451959.92201433703
95785,503174.462520745
70795,1129719.728264898
162543,488332.465791482
113196,358407.317937644
116023,623006.2986432997
181457,548976.9699795884
142176,360966.3567540657
11302,363867.7213752698
26062,404005.58709724713
138251,490747.08154513594
159144,562306.8306072118
129098,408824.8465240124
84723,390016.1959003138
68553,422887.8162239763
134599,411573.37239158765
90579,428412.43270896946
166206,409468.2311035996
147902,342693.15383913583
87046,391378.0248795083
94129,356360.48947372683
7835,295268.0283553194
22354,252675.82051630033
52537,264878.33186283644
83666,389968.20257640287
120675,830044.5983428444
166831,703611.7589652168
94151,437338.509072914
14805,231880.97574469124
16144,348906.3259058564
162879,567744.5916784325
87581,535543.1144023676
100301,805495.1568059829
8693,330250.09759463
8259,292289.7593714463
112805,482538.1051890787
93012,491633.22284539614
70191,362653.0938741317
46594,390351.3384598432
10678,272734.2231399508
170363,634606.5923673009
159830,466755.38170665514
30087,480520.7162312198
171522,588457.2245580975
111292,484230.9965922669
66091,531427.0633250239
26873,289448.1279892732
157276,469877.97507267946
117891,435765.2468431851
127598,416539.4130497915
157010,396614.63919576054
106732,458042.80628034147
175815,590906.3587039443
141662,454098.6352029546
132109,434118.42132102716
174684,505357.4002783201
48633,492175.380033878
95490,440565.3902604546
83988,552540.0607048293
29436,310234.4965468004
89970,385912.4515239734
143111,465556.2418053283
2858,291049.88307340903
14922,339243.8207106792
39875,367624.6477012071
163824,486532.6224024405
31265,323627.5360523669
108462,351653.7528843385
107132,391957.6806269095
14104,343157.88942285517
26145,303252.0481890368
39891,335746.42539380357
19696,445677.73663759365
116834,453106.94430669793
132052,737668.3623926479
112844,469298.2584504152
138311,472932.5910810634
103432,408417.0998273622
8944,376822.0309852171
164244,516589.96724280214
141887,518237.89015814743
89747,438419.6276031125
48346,461196.07651627983
68589,391898.32439396344
81991,424580.7657606364
157553,470317.6556518177
57418,609743.8179461572
60722,405512.8776057912
76031,407799.4772116756
49954,212125.2224582045
108672,393818.86754526116
12427,355683.06207533507
59714,358886.1433446588
104223,483446.7009255747
127745,406877.5236310214
146123,398723.30018793547
122897,746236.5896479811
172142,476668.54279189947
51907,503498.53395024326
143560,484054.90267728263
2802,435381.691068202
13546,426204.07166137494
148208,591914.6897846938
133265,517662.83470695466
181911,555097.9836061946
58946,272970.856358846
6085,435265.7603249103
138255,470595.9767235496
37107,454673.8023995311
126094,740713.096238459
84934,324925.3127427037
22056,315826.75179076655
68364,686713.3922745617
74628,398695.3263326392
156108,690397.0685347337
27584,313274.44448103925
48919,392725.6480875071
178954,584890.5592573396
9228,329160.117416347
129121,357044.3492168697
62927,320775.7831453218
34898,299678.69972014264
41558,444558.81175924157
28369,523355.7117897117
31005,255954.1551342035
156837,411765.7261623747
177418,816628.2573130024
55732,352351.37817095686
117872,496835.0563269397
142107,701462.600548593
145224,632832.4916601408
60792,377052.75308060803
132749,341632.08823703835
139949,446711.02498487657
181151,684199.1725617809
46683,342525.68388858525
101711,544039.0307468659
152928,552951.2908089956
136189,822819.9509480065
133967,597295.8005953049
67923,826977.6832679699
39810,641555.3065981094
181329,658321.3413373923
138653,512781.24555967876
109058,432045.1404222962
90150,591783.8945984604
153592,321281.3370166905
106607,365511.78179198754
123673,480244.8895133993
88006,348544.5763934934
13794,311737.0438112357
132824,533483.1697106566
109807,307336.1802146743
27902,345491.14623808174
45131,482581.6846750125
82858,316824.0669707561
152778,525113.6555821281
155517,437636.0580369533
92692,500711.8155860799
82919,463790.4106609584
71081,494911.6521954961
97619,459984.0341952946
139849,693558.3079558635
121149,454749.34760871343
6953,464752.27285250404
178164,836699.0763724267
38652,317468.9888188092
18466,250981.48597172525
32162,270786.78062436765
47488,282298.1021654632
29746,356057.496935874
124954,492325.00240377244
17210,232186.40790389763
22224,251319.5709554947
150111,499738.384523827
36264,323308.66205016425
70322,394994.8004918755
175163,648953.7952113854
141841,556762.391836861
147467,403574.1258769098
138117,416595.78467617976
160576,604323.5556349
92161,476267.82965487294
163227,469122.0327198893
141413,420770.1732808398
67784,724692.3552017468
117753,636178.1391330946
55232,400284.33352696395
2792,345305.88080670894
129654,448520.6371126839
71338,483426.6209607017
159723,502791.1798294907
135775,394676.4212300413
137317,515647.6158976349
156700,661228.4544129214
55779,334599.0715077439
134595,331972.0841260798
86994,427314.9438888553
69474,394358.5957253814
143650,461917.96602090367
178482,545244.4323631527
103301,395174.6532548628
26403,218205.51548499876
89654,467608.1399561778
155759,391576.15080106386
84148,730357.010295099
111732,617016.7541342197
145943,724673.3789297065
122625,507635.686721046
58520,658007.3668573718
127348,586391.8906937749
36727,333774.4245549287
152811,369904.43158982025
1932,321241.7573626952
47856,434849.423763374
126697,376385.25833745056
126067,644368.2998378031
77590,393581.0630124663
131158,360833.0288606615
32075,288921.46159200923
100311,824011.847017403
35414,271582.044172323
163357,751026.7684171224
174880,535754.6504599338
23478,295252.8592594095
150288,461747.67371717264
110419,542265.5963639079
175113,697476.5426389058
107333,442277.2570370717
69007,370512.2048452399
133017,372457.9990988038
156060,369191.02850598836
62058,657724.7721700105
19656,296917.67156033264
97425,502265.9684266286
105958,379494.07210225007
102221,395369.54483041744
44860,262519.3080769784
74919,417387.18384171254
65559,297580.66807055834
47621,423781.19784368697
170290,625352.2874451589
169447,521399.51193581725
8484,354261.67168734793
15639,358271.37292731367
24232,319926.22280824516
121998,342120.06044954463
111846,371726.5288145068
119156,335574.54226142657
91996,349926.70983093337
74906,501188.8577673189
36846,287824.33664099674
69961,836236.863063903
24990,387346.0683464719
92652,435840.00831876206
119689,401764.937630155
59103,339916.18661737454
147874,543443.4459063287
130453,321733.77133929735
886,267197.3106948489
123832,441855.691388948
10279,344212.9450757082
63458,270584.44654507615
185747,602686.8051919095
31628,329755.48391722183
39043,369731.11372047453
119752,456460.14445761876
3576,218973.47109217258
117467,448408.6804529309
308,239093.58747904765
2865,270189.37713380944
177349,672728.1232642182
97190,465472.2560427141
100520,340437.6725652511
111178,344720.8612286843
14226,461423.2470124223
118819,475594.77902138146
14401,328531.07748656033
68746,387957.20789246337
29877,246557.26804715733
164080,684191.4076525362
44212,403825.6577669438
171693,590398.4846928914
17840,302131.12604580465
108109,406022.21051526256
121053,345002.76932402374
125924,724332.3514140344
103187,432772.53037967253
61534,389158.5865057475
57588,693914.2491010549
48581,443286.59705854603
6946,343649.3448284629
13567,460352.16880723205
123312,403718.6105199893
72493,502491.11876845016
172183,497744.1724043591
147245,514453.8727916418
13862,388941.6504216322
39870,320936.9039682503
64489,435735.13901155384
148100,423727.2255842954
152952,637924.8506131397
52420,275270.6525942802
121883,406714.2440304054
1343,240986.74763749505
76334,706329.8136388051
94770,374099.133013797
122274,409660.1052199943
132813,509219.7543764864
12226,313337.19122851075
138356,475601.2805261397
71531,576743.1761868459
115787,349086.47117386374
18043,257165.4580138441
64790,315779.3430582182
22994,274163.8739958529
73932,860319.01907602
75358,595024.3876238505
149375,413610.72399064613
174850,568780.1958270692
147380,413767.5564636266
11191,334554.0664969155
65696,579259.3595789511
99375,517532.44749661896
126281,496041.5658795
135439,493588.4689434471
84480,412637.7852031699
115795,371960.68954799033
102877,769424.9965596274
112233,342069.5079267523
74975,408165.0953409131
111545,490270.2552544015
129873,353032.3624429738
62687,380109.1674123269
52593,301339.9798463639
54474,362577.7468314093
45320,333137.8265996831
107051,517355.56617935514
93339,615773.9127297852
54918,294638.8891940796
31969,349744.8238704731
78310,854137.6052773136
158286,439870.38840014115
107085,408519.69579412945
43379,293656.0132155565
158858,466095.08918866946
173201,583905.0367952508
46325,338365.26214000594
178614,698780.5633712761
68843,380122.1652026222
43593,349574.7142833639
44379,298041.5310611565
23854,308232.89090414916
97497,403222.9085047862
131570,456202.63112098305
56547,391054.8451453677
54931,312118.5637940961
113576,444894.706582049
101576,370913.52157785045
178771,757268.3946069677
157612,602383.0603218
43810,454097.1496375583
60349,283681.43947852467
165019,575321.6520468319
76629,387035.30600278557
5465,386635.7561218459
99734,430754.2973864554
152100,332656.3713514412
87370,638595.4918463575
131323,453667.13601141854
66934,357144.2467934487
13010,314128.8966672726
64408,696154.1588131309
18904,275770.76346720196
136929,508261.6471686229
60116,602444.2042416
155907,411859.5780379715
20812,309305.1317151991
129384,706435.174655495
185238,731607.388217645
22325,236173.62200865406
49687,473378.0181672396
156788,424506.7738433256
151625,793706.5358723775
154070,407752.87905835453
91791,294591.8152471752
87119,373077.3363786137
175845,555896.7913480413
172581,731083.2929907533
158924,536157.0015320003
100759,397665.3708679214
28004,335180.0676873688
65801,391995.71480064257
85531,517536.526959123
66510,901916.5692498055
63468,287487.8001493548
145543,489520.4576788539
180100,510297.6233455752
149736,349226.0976127249
80773,637717.7719820449
31966,343259.72303488216
68123,730683.3755717911
117883,420781.7145527454
30832,331467.5691125049
162411,493868.5351255245
78621,454418.74952246324
123059,410026.76555358374
92836,746872.8901228898
71890,573304.3742552792
152354,495386.0008726432
123261,441011.61808754684
58030,284207.8524493422
120619,444603.83324832725
111914,424971.83987277746
28611,306074.46523085376
148740,397032.14407364855
9616,354531.10422375205
158752,465678.7649170826
164952,658905.1502551881
31107,303272.9119405962
81706,409233.1854233637
11496,351844.64481210103
95854,624019.8715686933
179955,660062.5830876015
6591,368511.4430926279
162622,639783.6476949308
15837,305284.5442396356
40505,356184.6893381523
37288,343980.4765084191
175414,535473.9013557159
170343,560304.7341551825
50346,349218.66916238866
65223,248145.37354331848
162325,469875.675285596
15194,259436.38932938152
165223,497779.8258598816
108188,374709.1699894682
170893,739033.6010674855
29691,267590.65867997834
10879,334974.5373548904
41596,328376.20056214
67539,447023.3820836469
130698,367972.40788954624
60161,371714.8009975221
185301,561504.3329137162
174728,572638.6499570193
45929,215536.08259431727
102833,691785.2914210956
21585,314571.465721092
159013,464900.79130302364
26353,256069.9571882338
90725,464033.1727289737
123699,662905.0380974305
18800,298957.743773858
56709,314804.7336146406
144395,449620.40741169103
130632,341461.7667167258
103761,465850.0225187294
96136,409710.15270717884
58504,673086.6188490392
29503,303563.3906737456
130015,545094.8064672553
53243,423225.5501122292
46902,307962.5835342622
22489,263071.4355340781
37582,294680.0873143913
180549,425471.54621213255
8091,294145.8140965422
161735,495875.82465026155
34766,564913.2867754822
66347,355294.5366917064
157728,487764.9691081932
98628,424911.5568001264
117647,457362.4178488058
182406,833219.6650799536
7870,250434.75811048038
167356,611669.2444407387
143370,740741.8818728167
25534,364300.24931002676
67007,487998.9688263393
76598,357381.3693456552
106591,441684.15359909966
158986,532252.7774795847
89302,343148.8079929425
69678,408885.2193950368
49721,424983.8703283838
82705,401988.9653191131
117020,368306.6858385123
115785,345905.0220426847
120757,473003.66790783696
167668,700318.3587851964
153325,666742.21283251
171408,499287.42052674404
38032,546276.4043487366
39086,388720.7904296709
171262,470466.82114286383
124006,504964.9136073548
139630,416522.07451802597
134248,398654.98926213715
121074,417744.76207946456
155004,442894.9023105437
132735,680266.2860090162
114677,329024.3772141791
123030,365853.25748998066
110259,372747.3699713312
141898,626148.3071403706
122637,566336.4491135613
145751,531544.907481692
2045,277497.0541596323
74309,377801.05614071345
4502,349887.9513724474
36031,291073.741259472
3524,424813.1825561734
51890,391908.7903148749
135824,488483.24422724714
132411,532290.1650197062
86209,351367.4020236675
30462,392949.89085506904
90913,321590.61320761224
65602,618658.1097125174
84161,859034.9677428498
92788,500757.1552617453
72617,419943.73963881575
99565,339402.91845063504
61215,282079.57555498695
167965,537766.4450198765
109765,371335.25488541316
76309,675013.5641216246
89895,416655.75681191054
165506,571438.2535641217
109404,470312.4135796502
26181,389753.5757023701
100611,464645.8784217525
10756,247558.25777470955
167776,406383.50445230794
119278,648105.4148043122
174369,666321.4402119173
56928,287816.96321882197
107396,587326.1800892026
22048,479914.9316617538
18064,323696.6910350587
31750,378665.4621426662
99078,581423.4709084091
21599,401588.67471147195
146201,340999.46913305874
117503,367290.6562007009
6493,350582.20364880847
154739,353638.78980469174
154874,521577.76449823985
24672,284341.750951468
50969,346183.9813826801
181518,632121.4056827583
78428,523690.95664222585
16956,449148.2809103016
13731,322385.6675833801
83966,406103.26933405455
82019,427503.68523981655
128962,349125.94063223107
57524,325362.1134934741
98152,315514.2100144278
67195,348122.79815748654
125181,393895.743719986
130016,532154.3311852468
45481,339152.5027125076
37331,458784.05602812767
176197,703955.4210859954
84251,641246.6949763708
130826,462527.16731257166
99023,361193.5592626177
17450,397513.1833356508
29754,296178.9077530999
63493,391354.5376064554
149890,886110.5957093909
23207,487206.78241066914
101354,534447.6937483916
163673,499986.9217395965
125259,416394.1428838158
7770,309345.68351554655
51407,330498.611685661
164348,568172.5678260328
48794,298643.25391121954
118616,404761.88900164503
53099,383881.1129379143
98925,379662.24906581204
177055,638555.3957421858
59830,349935.6858066332
79412,480479.40161290334
165830,430408.1176240428
51608,640826.3895108039
76016,412581.75448257313
38778,329441.89051924285
107244,653152.9607020778
183478,682076.2549053493
179108,743907.5705528138
72229,361084.3110664498
129977,434538.40855342196
140737,565869.8279728395
69261,747899.2832623732
65849,315625.8928618573
137815,465095.7860178833
119957,439013.21521247795
84587,409664.0973324526
98247,662918.5503156763
170281,624887.6011292601
64311,504283.3457196201
75597,473500.2341061572
17607,299766.38244564494
160267,558178.7503789079
151597,648625.1375199915
152314,563462.2575250295
13401,362582.0594095927
777,266555.6058814811
135491,455657.615077972
34367,321076.92649568326
170925,621060.8040596383
46735,307256.84234589303
60622,302977.7189166977
40146,295924.75136585755
173640,387761.7541196643
172222,485915.4980398081
43090,359395.01304604806
117816,392725.07237743324
45276,453125.5375402962
80353,414625.09193757316
84320,738845.1500836395
132322,359783.68540528195
104395,631260.241086608
139928,537354.6411408898
183528,568299.3156773901
45066,386421.3266564561
35919,258899.29759843342
164715,445705.41938353516
1195,234418.64648816825
67713,462887.4825128829
119153,695510.3337639254
29740,358556.46731181536
141225,343570.88411194726
32082,265713.5804951111
40442,420253.8112083768
39685,256031.95592936207
121152,417652.8641997528
184291,602224.2060527877
16187,317755.8573303734
24494,301916.4496135256
152436,549921.759897117
80939,376023.3807623695
161643,437961.88794558437
108674,442547.80386682984
133163,518498.6351970338
2378,192122.31217327065
77980,427496.24832977296
90300,590738.0508862828
134262,411901.02800019836
120640,712766.2173463637
35487,305144.0667172216
157177,479152.9260885576
144582,458672.07004686166
69607,371059.38905106764
70492,485508.8137573644
68642,406243.87462609296
74617,365664.3975612503
64618,350260.856437321
142220,353715.79335941386
185236,660532.719864269
118120,473527.49449685414
171383,614592.7155845138
181956,534583.9902096866
47081,385981.83898407454
149002,468875.794641825
73539,372325.7546756747
26595,303499.2087595645
150052,516728.148043385
123925,472310.3740128043
185789,526043.1193318038
57128,440077.85093659884
167896,409063.0245247395
108556,324485.708621889
119658,367066.58734081994
149329,382461.5897417953
13571,579649.1068320011
133108,412917.31505602563
155244,389760.8817405909
40225,406411.7297230137
45811,403501.8869043186
132505,517606.60540846724
138459,429442.37506337534
123764,378616.5137671648
80161,437821.8994193617
176768,458066.948847195
170304,559463.5604406211
93500,885335.280265294
4788,337393.05954987026
142128,340010.98465701105
158224,540599.0102305273
36611,311446.9861521452
102540,486886.3494180051
90492,391358.6043738249
3745,439471.8788916059
170158,554677.1425093019
77946,469275.32037964475
4672,324405.29584508424
6211,293146.6762430778
173258,475968.6115062965
82898,421712.85487805185
75248,530635.5696948768
110491,372217.6812216925
69332,595847.6838486207
41650,306391.74061645614
117566,394967.84850142116
88410,482110.97223213647
144020,386558.0098074305
104980,352326.4296333313
38292,387410.3963268795
23627,305022.8108861657
169818,530581.0002717166
89207,732207.6389441995
80634,405679.55007596634
173433,707463.3872694806
178501,612464.9558571588
126555,391446.83575314714
174066,495710.36607486045
169185,502160.78376963094
69310,457231.3746216594
82522,380342.5004621176
156003,378743.8420867105
168843,406736.9863163511
113386,451244.5427621047
12565,320007.9886892765
15351,286332.7942320605
53807,464189.11239744513
11511,237474.4286626416
18046,266054.58319697576
147027,393547.25355453184
161724,407586.8179713575
15616,280635.9611802933
126766,378901.8972259291
77813,480587.7237650551
55094,340271.433762638
77649,388843.93053377554
122806,577018.8168949337
98498,327784.4034414069
62994,356292.1133827389
28583,351042.87652315065
33080,293914.04723759793
133719,392067.56245640933
80429,519576.98022673035
93553,430216.7101313
7605,299411.91712340864
169956,462952.5044919861
181010,769606.0901252546
51225,482279.746779336
84916,388885.023099926
169707,461712.78007352224
68846,356873.1516111193
154845,487515.03513986844
182149,537353.0205111433
124041,548948.734028694
8228,264403.5260013238
18743,295551.9489754847
92828,795516.3645600014
143024,704012.0241850861
100306,828802.3770426733
90162,541213.1567511678
89392,364338.4710627087
173595,458058.3619001765
23175,356867.88534712535
70379,421640.0465263388
130562,406379.88274328934
73706,476753.4219098252
87591,345147.6028834328
119748,407897.86118843046
162316,476516.47078589903
126719,492102.47079804126
81142,456127.09778896486
95411,444477.3239919939
141386,403709.84086835955
98459,390943.3029765509
184644,490031.36669963493
134145,316558.2812103923
78267,591979.4211008877
79466,367064.2006463022
180481,461229.27476804075
76102,553281.5140222335
142101,672854.9939970318
25731,312078.3402808098
156629,383253.87557481637
151915,643724.7392291308
24924,431294.0443234795
102273,520499.83295386727
52577,308571.494782935
49281,329773.0897119143
25969,340371.6895250729
114508,344576.55211002374
131459,529896.7639571475
73239,381990.29961770703
129741,431702.82008620084
83426,402513.62397854304
47305,283171.7279340524
99070,410044.76610624295
171165,435142.22915186966
77481,422912.1869371703
89536,387068.1542469881
173103,455344.80727880506
20364,212512.25906824355
147692,450837.7147466567
104902,397203.85574494366
177795,905508.1537759989
35828,391585.0135020391
97872,499230.35438275174
116360,362369.8597861979
110905,772602.2420169516
173760,491570.8229635139
85862,600776.3878249051
77614,343253.65218110644
66736,424148.08917461074
57978,582101.326531306
58798,294842.5977665582
4563,245342.29289009637
35128,328645.1277835937
107951,476567.4026612246
157720,470802.1955705184
177076,685248.9830271509
181972,572377.1188094259
7052,446465.9497786977
121800,443635.4939230137
102967,443144.2889426033
84845,407141.2236125289
136010,449561.3166214783
101966,463981.58505070274
115482,508162.8614923029
79601,982214.1408659614
44706,544012.248025773
180005,638578.9984121457
92962,744678.9056126922
117496,433469.9588115664
61277,672603.628121942
75406,559460.9642502415
119319,318688.05914471566
66385,526923.9488063498
149990,411893.34244873864
116503,432200.60719887033
51067,285548.90257689834
22445,374543.4995691701
156862,419699.040360843
128673,487307.3939634013
142710,432655.61386027694
152865,390839.05684837676
92052,307082.9273550855
87402,403903.93974425964
71493,443556.31634342426
180574,500879.517720603
99752,377776.6685380163
1288,273801.906256084
134756,392542.71819215704
74858,470538.42538056907
18255,389316.8002599488
148901,399341.3405203923
97140,395534.1362478918
88144,429735.78480315
54181,291568.2300926664
183873,500103.8014435775
92496,352171.82600130385
23405,353361.5249354897
182019,602404.1968695067
168881,482400.0838586342
113928,486123.5650449828
150390,558896.7238728382
110353,484682.19032324594
173806,552997.9556794693
167420,490649.5579185072
175066,616903.4834587633
8983,326040.83857104025
135838,347794.59200612584
31764,380172.90423825925
94476,365341.021347036
69581,301302.8796234438
136252,435738.71470256406
180214,665843.7433663686
47444,344234.3965196619
58047,324255.63490241196
72675,470134.17120314494
71117,442797.1365240828
184072,745827.0864207838
84075,507588.8693966893
159758,563925.4674402747
48560,563376.0801031213
134186,450408.244600926
172686,402238.3082052081
30591,301191.276693464
127087,390107.4018114086
136134,428253.1290443017
77051,396944.7205774824
5932,343847.9719876422
126048,463344.7213445384
120892,456382.38544493733
146800,474205.84218926594
41396,243008.2873889838
118580,406532.7806798444
181934,614566.091116545
27175,235458.60361816193
79050,350278.85995180847
125960,311965.8971878674
128877,464714.56318922853
144725,431198.58274132485
182556,651481.993402329
23228,295977.7455932887
99397,364963.6484382086
103725,500872.0585415054
61311,443402.11292280466
90809,465659.5121762067
16639,287003.24189515616
164111,727593.6355500538
133428,456036.9806043863
74854,406077.9254323032
141702,439200.05491086293
108899,480349.3414085725
136431,720276.2384604338
42198,405141.5633120786
161369,460831.10999126977
165403,440082.65531060746
62516,309716.43326786405
90184,555943.1071402997
90098,607224.7950807041
20836,282814.38680246484
180707,617857.2994471899
79585,826512.5616551939
106393,316192.5095735285
13365,322121.3230824051
120299,368962.3261255265
15141,263664.7576932753
79805,343321.9845711979
54566,380191.959406928
57256,791578.8656853595
113659,488112.52852354164
156607,717544.8337599783
104309,461915.4605462015
175983,572581.7837289801
60646,300177.97090455034
164260,509486.61990798614
168165,475824.1530944292
56728,375811.93949163303
102538,436081.55353993655
63890,347743.3765296731
62645,253129.02792544157
179056,742106.6819890202
15169,303767.7027700754
165120,487454.8609092385
114112,467369.67363977083
180919,695171.0724447068
40912,250318.9551170761
114293,532945.2001845976
51483,280945.26873733464
142548,419965.02917717013
106489,379711.8013066631
37801,360192.15816900844
141580,429916.5788808019
48597,371202.59149606543
20918,355462.7150607616
10903,325884.61744422134
10045,265038.6879716196
16174,280121.8528500855
110679,784450.1646455554
72830,793172.7846220837
57798,255908.87149037162
132274,316909.44073558645
25222,329915.62646724115
90172,435121.98858333635
175955,527006.2744874345
66064,767597.5298251573
91274,405908.38758849294
89855,395383.2608328911
49183,410767.5769740261
167975,493164.11712612864
72425,362422.7181050773
183329,618192.7273542301
69815,600833.6540236484
111957,371332.89320579625
51466,199154.96128206543
172245,491499.5233391678
18367,364125.12107873865
177972,896806.3521444739
560,215248.11574136978
9917,368826.72061249637
120662,658265.4390150735
139489,377668.21654372563
150473,410347.0669478887
143762,406082.40315287124
95229,437616.89897544414
69042,483864.50858726574
92944,496928.4578895222
66401,252003.28354730443
4270,315037.46067345113
130421,397869.3544866333
65835,374765.15454090346
155781,423810.4660087082
79084,459413.4368940586
62684,372561.96480581583
74148,331017.07322683523
176189,754055.2208568587
151574,779734.1749901024
62856,341534.28420896165
78716,412234.0704932342
117279,403184.4358646633
54132,276877.8492523984
65661,499075.3367040638
111706,683822.4686128929
29369,260642.92184675255
109904,369996.1734569723
65632,455748.39866036293
160997,506267.98385411734
5708,324052.59100096475
14562,269190.7000720034
6474,324614.91635071044
183501,584420.353080139
105926,528965.1411800327
82841,357352.0866180598
184889,647278.493217734
33958,384590.5007204603
158069,478491.46729913354
83598,624882.1268108812
78413,659260.0084730079
13414,319987.6961579815
10282,350394.89976389013
110168,440101.380785363
4241,528254.5718180011
115090,516183.19042424555
109695,411401.5975827017
123161,392841.2727486992
3460,386751.8773574555
36113,361707.2664632466
32375,438362.9735530402
77608,385031.85286363773
56152,432477.53094387805
182988,711297.2714312891
22226,250631.78880198585
34472,414650.5484265849
73378,436034.55546544556
5837,321224.22504891676
15937,295057.8515132393
120221,372357.32977211976
82807,422172.4916372061
172772,467868.9545454473
162910,434336.5175048924
33934,282667.7022345004
23686,332054.52176814113
96736,915638.8930615658
105502,552849.7567558163
168381,452440.3483855852
82199,350163.54118818365
152858,414499.90375131485
68365,664446.534431571
120827,541236.602193224
138052,419914.68907354237
13200,439195.50164415047
70421,481261.7836208342
71527,587855.6109847202
169869,613134.7838630439
22182,372475.777810822
93194,560792.6443360604
174247,638641.9469567004
159475,541990.0355929754
47019,253433.966541798
116211,414506.4285526178
93177,479158.5104396702
100509,339389.43588795426
142686,486164.9911829639
77160,362648.14580178773
85086,324472.0493453124
61676,388734.5960767602
86189,407331.2298830937
55098,398086.5657105032
49343,280496.6096993966
65239,433569.5692410276
59507,558755.0805356125
12486,247167.62302303215
127710,404808.2790488724
62377,388351.82030469703
26776,394476.82721014717
81643,408554.1016269344
104340,468586.90982927964
128913,400113.5885327108
109059,412373.4383323934
125620,406766.9735487257
120465,405735.2757901073
23442,305006.5795364756
95777,414507.4677111271
102320,536910.4291089983
5012,228306.90459379248
77949,367051.2383422626
74021,613835.7697973254
182081,637074.4952840067
169184,518048.6153504885
118583,429635.6430989137
164706,431972.4383392172
137314,436931.6061159978
94651,835742.7064426178
36651,343788.72740570473
151108,378017.678659932
156470,509133.06469515944
117967,591003.6230909445
101144,424713.23993310507
62975,370616.3233547488
153815,503288.5212455287
49310,400362.39943738666
138800,434479.5414520242
6857,326400.80631163274
153848,604797.2709678817
172584,695533.2064676351
37743,333677.28863445524
114744,391047.66142615164
178244,630627.5345793538
86675,470541.1147042174
165710,619209.0001955025
159864,591091.7639439132
134311,642840.5725216295
174322,928146.5105133827
38895,331101.12458080833
148973,349299.68871159997
174145,642280.2535929371
14317,494604.97824909765
148276,504462.5668720871
145542,497523.2673756385
53863,279978.97531152406
162126,406166.3442195945
80168,496026.58578260185
97889,434023.4010377065
59903,339180.46027695993
45694,408932.1107417898
105805,425643.4650492087
13360,379044.5680511174
40706,277923.8371266421
75488,363253.0028119442
180968,637558.8941684074
110898,745439.8314717943
178334,802794.0099962804
164472,428680.7333191914
57655,329908.1798046668
152541,681924.2723585505
95586,426362.4539474618
44758,290989.85332771996
79500,515928.4117875759
11140,363536.82919863734
69173,618522.6670349563
163417,465973.00071557966
55397,349476.2956933828
182336,536585.8084331444
96997,469939.7237080125
57646,377729.394910177
30694,317525.0016150496
19783,357946.45565320266
49839,348456.7022937958
61556,577790.0621217932
30887,340966.610641713
98106,386177.1619604199
24139,260353.53718322786
166482,440573.4609043993
153805,430367.61891147576
11642,308443.35352607735
951,224118.3914561091
12847,273945.483725739
109600,349825.9414954536
46999,391917.25185431784
175469,636083.9650566536
51629,402986.3832582608
32133,339526.75013275107
54777,396945.5102026054
106146,326134.8000919507
166213,537335.3067000349
107571,324653.1423126379
101635,428206.3218103852
12480,290251.872533364
57013,319086.47865369264
55713,362738.891053434
86457,856393.9622165285
108947,616304.4320524214
92417,367373.72538334073
101024,349893.56429632124
170430,883106.383046321
87746,490181.8642532995
25262,314881.940507209
62146,385133.1407114015
134987,537547.0902156815
7465,273116.10354590876
50228,374857.38953867316
150119,562590.9829144956
33568,286528.4234158398
8738,280055.0591359944
157440,533014.1211211102
11876,321932.00401011197
47729,320360.5191017707
172760,613624.7953332763
64116,304292.7327377134
179881,740681.9592012254
124122,570596.7321171621
179633,553109.171951723
167945,495598.21355480107
37733,266975.4435384015
104192,537427.726151428
106184,433148.9410321793
34770,312043.2900594626
135924,402808.03947562893
169884,549215.8796060692
18069,284438.3952924194
23534,383246.68098168704
12548,319125.7567476155
153726,434103.3357342367
138758,428031.82509873057
162734,509237.6571852114
177816,572461.5249941796
14453,509430.9010884321
4160,357764.9484344581
93001,401958.5007912066
48085,355140.60439260287
22951,268376.5287696431
102699,475583.08355586196
126121,357454.4816694492
36253,350929.51022424013
48819,264011.64612978994
88859,384009.6226068295
87540,676244.889006255
33484,316528.19804737647
47409,317595.57121909666
130654,395342.2671472477
181219,544952.5380904485
136529,490879.609710374
11706,406306.5759016422
49515,357711.6841866983
118730,444683.61312494485
65815,397882.0956499347
132410,511014.1150066361
109125,493859.4113754912
89033,554726.1424660755
8115,395248.7798570837
68841,380887.50327191106
138310,451568.56577640586
106,241409.72913054615
132203,423475.3306158419
112205,352955.5585263234
93311,638722.3948217978
38417,350402.4395475456
35334,292353.14817538194
85541,802301.6668191667
12392,330371.6494812789
123014,357039.2772104109
2518,343572.1458303054
167370,462073.37746876315
16703,390733.2464639708
78530,300548.5968163547
27670,339101.47632400424
124839,566851.9448133055
99706,743439.9075521793
125454,390138.8351691847
42310,299272.90222619753
140410,453760.5980965752
8147,276931.5225660207
64045,657639.6584420693
165125,565772.38937182
180363,553283.435411989
60401,502711.454373621
135855,481808.13715066726
73190,445282.80712282646
59158,306022.733290213
164146,759875.0746930167
155829,466003.92905424006
116124,345998.7011018037
130918,435526.7946899186
57569,389558.3578662677
75294,509012.7475848648
119823,561576.0088869621
10444,372898.7308657083
82303,410763.40512974886
15499,286076.9869778659
7953,290243.4810559308
43344,403066.820499336
15021,373097.4449582236
176339,608203.1468951959
37759,288393.27111246984
48262,399812.3785709711
139289,344285.84440353495
170325,754634.7584950924
54227,282704.16407213407
177010,722264.9527181019
31444,311784.3089395762
105479,574663.796752011
101008,460904.4189138688
44066,299288.9421593432
76582,423816.9151416692
50808,266794.2796643993
71658,421626.21308365185
128363,432922.7635365217
65059,369704.7101768962
14740,292366.66696263314
50338,274817.6089456165
53652,337662.7593624876
110816,597844.913381163
130426,356650.30542236764
103249,401960.42937477626
32683,321374.04600733524
26998,423299.2575556054
81484,441797.9159070025
91910,442696.74378824094
107152,390698.88027148077
52321,301583.25503707543
79790,417000.29410848184
100302,818533.1619055467
30869,338158.65190308954
136088,410032.549096285
160754,539241.4090824695
105408,459048.79695764044
4939,289273.16830453934
98516,394841.1613584461
110523,341354.9681195458
85983,655544.9845389756
114698,353855.4632424214
73663,491893.29909868306
60235,342815.4726418603
149741,404458.15545802395
76237,375341.2910306761
158657,679686.8284553705
6514,385274.17770097253
159934,625953.8776220059
65318,359092.14558895753
82177,335641.3744412747
11113,300131.49709635857
156035,626853.1721331648
113907,488774.77675692306
87717,417674.77539962326
151722,496007.63596369536
49920,211339.40845803468
175363,527505.2909321142
161709,543726.1271234885
11406,335493.69917187333
48304,866016.5701459476
113700,386328.2666058979
13562,481830.84871295746
5582,426964.10343250097
38678,410991.5892604381
165253,446384.22222749126
84039,435624.69687569904
19620,360661.23972284026
125089,405852.44342699146
125377,438747.64262234495
101804,330596.8678288347
163154,444228.4160261598
83155,429329.6064553349
142860,473923.2258280566
97290,353471.2210958421
78322,561334.5603615058
17839,317261.3231590217
141282,589544.3136043801
160814,457735.3965056214
107037,439294.2726361401
59886,290898.4868164953
90734,483854.9761501764
111078,496869.48163240426
15081,404967.6404685457
9368,350842.26517506863
2368,204528.03196707074
165105,490164.1827147126
120914,674563.6188274752
167884,462788.9885098421
89721,464747.1196630081
73417,378557.1467652958
137266,344350.06660116086
2203,440621.5801100907
97221,506593.7821681794
4814,318800.06871711824
78486,634077.6291554848
31785,488949.13107047504
164308,469540.407784865
73159,432568.9010476676
12928,311270.8243666066
154236,458737.02536490397
30501,443050.64121428435
182663,614947.5805120874
128032,721250.252322918
53606,303112.14107031265
148383,341112.4925552622
119102,549632.5329514939
176329,603287.5625648256
169276,605178.4883987257
70562,913081.9891697364
20650,358388.97185027786
152633,476311.78495470434
98988,387526.76004469924
119209,450211.39088555693
172301,767067.0136323585
9083,246466.53622807364
120488,426575.02611792454
2854,293284.1112197055
176934,797939.0228027063
170793,649476.2868436181
167062,579971.4314552427
86285,698000.5201264555
119673,405007.00257146044
99484,324604.68299174873
80081,459925.8644340104
112514,423012.9039593574
107976,525407.502391701
151968,333764.7035561106
17180,405991.3606899768
73376,404736.843533076
182952,630470.894187027
180306,586297.787068412
146358,573916.5505541377
99838,480297.7070489082
149774,340000.8781291168
144353,367648.2300718158
28253,380856.5267223915
169495,458158.7789843315
133125,444254.7717425504
106707,412038.473284548
133135,437237.26736208354
131153,382309.2920411115
168919,473800.496350005
20600,283255.0388500823
80755,453896.28003503976
169114,497897.2360374042
51300,350427.8191687889
105358,440494.00900892424
23779,338544.3847855077
34996,279439.3535822237
134609,359119.90241489385
131052,496071.6776651434
56779,364958.55564662523
127175,402105.8981653472
66528,488117.2644800457
67926,829763.9142583199
39251,335680.53859936737
161628,467378.0700082993
136523,394977.71968424704
169329,579428.7194098018
79659,803828.5643638525
162356,666108.9348017102
90568,514562.9278076248
31003,251934.7572953283
69469,413845.37868445483
64749,500434.94679885975
149960,404466.2698689995
134728,471785.70422602876
106565,425123.74301468104
132045,607393.7343412475
103749,491604.87749952206
179692,981008.9432637519
151212,612053.3852331865
11099,222179.98414619997
136474,329478.50317437394
141068,351082.2067654731
60222,303952.578342499
163669,666863.5124312148
67626,700843.7736161385
87300,441024.1906374792
14122,360328.0663261307
141605,477635.39525872824
74265,418828.58736583125
171575,658770.2526856144
121284,441237.2391868162
159242,479221.08604216407
61307,393895.1010435529
18102,282226.8855807155
176107,674407.4741778848
147276,443273.6401673798
109461,567619.6642161243
147326,380356.0871060713
19315,387145.49609547446
150867,572797.2690856798
151159,443734.08655551693
130777,564754.5659575439
120565,397880.7126762677
121038,439639.0184065456
171263,426322.91593861126
62603,431218.5349888903
23966,276969.3560301415
185563,469506.8051272453
51396,308448.04274478863
37296,399920.4401005665
29822,348542.017166586
77140,444020.4990431884
67670,386807.49598218245
82369,342713.26724196714
20932,514027.03832704265
134288,421664.63887110783
10898,435245.20732327393
128254,385399.979147529
37518,284615.78123267775
35254,370412.3746122413
13789,328787.4523989688
16470,357801.33380763535
124580,431947.19190740027
55769,451894.1429572435
142970,409165.8789843785
159407,507267.96938180417
149050,378362.9262538374
99947,504695.5059115781
17012,380110.84659616655
159069,499681.6312474485
150441,696604.5501055855
90864,444704.44898356596
161201,480379.6806583493
44195,406526.40432456636
178287,837661.0480919357
62742,334497.09069779766
16709,295071.14423047745
118672,420612.48184252786
150494,441247.51576240244
131845,404111.15394952684
80776,357142.289595496
173695,669116.3620010237
69750,596797.0616834268
166105,434693.20566357556
63252,347987.71512377216
47560,364946.54313446436
65297,484399.10967626644
51259,269039.3117105811
7288,339318.2973348623
96748,318915.47330051806
113155,349013.6097192518
13643,414940.6772348748
99438,545742.2863384666
143904,542276.2299795959
147858,572976.5259576897
34885,516648.610903169
91783,309158.8530240068
163701,469730.94092243456
46126,306747.6022775443
59182,296410.40469493653
130399,452314.9990468938
119242,424665.92479567014
69492,453107.3123679621
146568,413771.4836888711
123324,544376.5378388893
125025,552322.1954663228
129320,363296.0021335667
180535,805858.4210021885
39846,280983.5666265743
81981,468441.2287439914
34403,437347.95581092377
93023,298430.2604794477
63374,313824.5754841921
74100,791342.115585577
6208,277134.8674924904
181210,980526.1094180986
32010,510263.5939155553
125331,458972.6297185611
38421,422483.9961034849
120383,380042.3427801329
126738,312749.1240497801
129256,525186.9415702559
176142,664474.5474220823
49580,478202.2459717464
123012,332807.0921672856
104813,381514.02766736574
172406,591450.2804473873
81000,409832.41440664825
80016,390959.0999032235
115747,749239.9187157368
2732,240060.49603559411
101192,319542.62918512325
52947,284612.2127930742
9847,521212.96492546285
2486,395488.8658389816
38393,368675.4500314405
147451,479640.24386939756
183145,649443.8339886088
120230,350186.0238296088
52129,242346.25969021558
13817,448812.6351670447
136724,420356.06803447625
133925,436576.8367476124
17914,272541.1581840329
91053,879729.5397460514
145042,327393.6382210043
177581,611046.9044660865
64775,554846.235376436
86598,489665.3405468757
117808,517393.2154805536
1690,287926.1041796685
39641,299216.6914093143
43715,322343.0387341084
125878,612450.043048025
154668,392308.2907950121
156571,432902.59759446105
94795,468212.43326270615
63773,336051.023435565
32928,366626.53911991033
154928,413211.72707361064
90136,527614.1632558831
42773,301889.0711434374
40074,355167.8476052876
86458,879697.9735418487
26066,815022.6861665882
103066,315652.25496198836
178627,526485.6153498517
120264,378745.0984563598
63290,318393.3095336478
4610,241377.09295020823
26303,293486.551162918
126212,451670.97463602986
134998,424452.4948045503
18891,640778.5871963723
3874,354292.2836646827
39725,328515.6115417735
24675,277369.3109212917
29271,296991.0483722426
90638,424371.0465219055
98675,488597.1542460461
61078,715207.1117433446
83046,405383.4112762629
154798,395185.6070521333
141476,504168.4954245143
6319,299870.61200116004
39888,263868.61649153155
44209,392328.7667304296
157032,436453.7198776788
75979,379412.93068449455
95090,561431.8322566224
46552,364587.7393367317
25343,333745.18168163474
107327,455638.52740145713
35518,279050.2378823994
27334,255687.29764166917
5013,231398.16614832787
90052,466061.6226353404
143022,760368.5616975968
115794,379489.1894240122
106860,702525.6161050173
138467,430189.76250711235
18655,356801.72111072607
3193,242887.69199944282
121890,368373.1711446076
113999,588595.5698103516
27632,271036.86064329185
106464,426408.0644721292
179727,668872.2725529392
27352,324777.9642087382
101420,832113.8022768528
51955,235963.88654971292
858,316963.83994361985
54220,277903.0295531221
166828,821960.2983339116
66426,724422.6198701457
72004,403298.2978347153
16562,310042.34554624296
79134,422645.4484340681
179607,686984.0651637499
143189,533748.3895351697
168550,571812.0397901428
105442,420166.4779177789
148492,509569.735813063
14207,386967.4149931418
184368,698382.9030436735
7170,304330.3613310841
79426,546785.9757920282
105618,431411.1785081534
18085,357030.68227964616
128485,438566.57828551834
131805,422228.47208174074
112808,573245.7249952824
50213,397213.68914849125
62625,435477.2308063611
179493,465054.2593317483
29519,288811.55156557844
131044,404828.697079211
180309,583087.5620920745
62383,310763.66792564315
53923,237657.82840341417
26760,388313.10773611884
31360,265958.9682895647
81992,431504.3960950898
46932,329972.06446511386
90926,360147.0157043335
145167,862620.7727229985
99692,609527.9519181245
98732,369633.14291904075
118354,386210.5571713952
146596,540332.644930996
156394,713262.8386443036
83473,408863.9116061592
47385,300714.69693745446
104336,599633.6349264163
148968,345555.83109988866
38857,350470.0510381966
183105,718169.5023582777
58544,327411.46608376165
9175,324640.4007647306
103344,418951.4170262557
145040,338808.7273282223
107093,534976.9758617384
113769,474427.9760718901
74253,312860.183484294
34754,305910.4525221829
115186,302436.4350834698
85675,374966.35062008153
130882,725887.8125373069
132657,442341.8640434509
110558,486240.5764343685
50414,294149.4642789111
40397,268215.5132176938
81925,443086.48534977925
89750,525328.7017384458
56880,521438.24233769317
145546,633309.3214515564
53941,426089.7092502067
124349,598489.6100674669
20714,327244.61404348904
169387,623067.5046729308
70425,515708.2933218331
133729,374585.979625566
84423,324833.2600372214
79379,408525.886295446
165113,437973.5023737011
27471,355211.4222950988
133151,525619.7846975231
153470,536462.1294697592
184221,669406.1994548345
88458,636600.3655571432
15437,294339.97777089884
124953,489933.9971687353
54610,412444.4853424791
113265,373775.3876812462
182509,640226.7314675931
183215,844833.1083670043
158300,423025.1986143534
109143,548766.2588406533
32132,334202.935744791
100264,557321.3029285856
158203,516905.4811675224
69835,576229.7698445123
72701,490285.9196240189
86072,548593.0638452696
17715,335692.2348489546
16288,343227.8207487512
158737,419937.8693293765
50627,313687.7591595491
87634,428419.0307373077
113817,491028.870174426
16423,431396.3154155397
44118,295370.2986178143
151515,408209.0307743704
102522,428797.6086417335
49125,279800.79953188624
159374,510668.11576337414
21453,354776.83568525565
104445,435534.26090434147
3527,250060.36612890725
172896,499251.85152143275
56693,336431.21996395034
110669,606903.3237162642
6793,275083.9625117645
82066,924792.2596498174
57112,424347.5413409957
109245,481684.7393158434
87410,495849.7298715622
26485,267531.04859238974
121657,451026.38557064306
81509,399715.17337149946
160729,850372.3122986647
165956,480314.7252805007
130664,359918.04393104714
93467,783827.5049915222
81219,389779.9907381262
162274,530634.7731597442
29951,333860.2282764474
125415,356541.56667448196
176823,555212.7392199229
144529,595592.7064454932
86800,349840.6179344883
70329,381462.14330360945
81381,547706.3757995551
159718,437714.141724848
73734,485195.3613843423
72030,394772.7884117116
83895,558277.1670895319
141380,406740.6232920025
21332,401074.6583113032
25198,332686.4539196235
140060,380264.89917519456
13782,291830.70881794026
82751,418183.92208730464
70255,341764.06136473827
178285,691951.5242330965
183337,597708.9889046027
19230,246149.81647600146
185155,574543.611385271
102479,452247.61363244324
10317,447655.8353373978
75224,496390.6728032275
127169,525593.8968929222
91432,334757.07545262866
98272,708604.6267354214
112224,415449.94033326
183986,648661.0452632132
68203,396701.9560043194
173407,403794.3487230501
13372,298260.41696672275
119558,418568.2290049844
54243,385786.1045347474
17801,307602.10584085935
143928,417543.62929670425
42690,291978.7255951566
167054,556648.0586759989
36009,318065.3745090012
35554,275861.78257703985
114663,340539.11785821465
26805,336617.8580361182
101925,387275.21950680605
140525,387769.15271614725
32915,316083.8477121745
60079,382664.31156261085
92883,474739.14925829746
10982,329020.82242438826
51017,792666.4992953718
145302,435178.6075482001
98629,437861.71387515555
28998,375597.7093342041
104855,311779.14975803
22286,275090.1201403966
116143,344417.1541321253
173937,459942.98392079066
72303,367698.1165817175
79538,588905.2859157872
34746,476955.2754311135
151592,585217.1746663906
112886,454460.1209165859
144635,528084.3984313307
86745,609261.4405067851
131245,563053.9149045942
129070,811334.4547817091
71987,338337.3928820721
36826,246482.33405946504
79127,338091.5390982926
138181,502254.2874132001
27202,292989.1432677327
14576,234640.62560988107
43283,447320.5849994703
96031,622884.3642612
174574,685416.6600297163
159881,613857.5225282805
19211,368745.1885699235
47702,285345.5387197925
29625,341608.3410632772
40355,386493.66988511966
98846,356497.99078789836
120065,417030.98374658806
179883,713551.2305861481
32025,421332.7773604733
169159,671942.1692138048
183863,642451.5391169263
50659,451785.8001891135
155730,516681.9636530598
48330,418660.06663055625
135681,323764.31108247436
32587,211701.81470244468
55468,860224.16846731
167149,839505.4107319793
112245,387674.1562044856
80262,358698.5977573989
104138,491644.3483255848
42720,348341.6872996217
79853,376051.16015010583
179327,513722.9795717598
75746,601799.3354710279
74029,660659.2962046254
86186,620940.307920713
9437,307434.7003892003
174965,448105.22134940204
142639,528783.0157820834
63554,428711.018983903
179552,684984.9342234655
21705,327507.84102329565
114243,419328.4051602888
118326,327833.3775819625
126654,613481.8972918988
158967,500948.36378408386
15365,257739.8412515708
44541,325584.54347175907
18854,342147.53891860344
35628,305945.3949076268
146862,839772.5390663479
100285,695617.0766350297
44217,539693.2840833982
116221,402401.1629279576
141676,439100.03879591805
78548,361840.3135529851
133872,810830.2366081984
10942,345351.6600581355
14877,330557.9506324052
21820,348537.4116758768
17900,336224.4661170817
106284,583284.7123068257
41167,275167.52347699594
7649,328481.6824413126
119372,470627.8051314098
81370,432391.2891002086
74938,486327.4480762655
102228,481089.9319707126
140055,384747.07457779086
71121,415071.01508661895
54626,297095.4294204873
127713,474294.4032122058
67330,340503.2286180954
131097,403272.65719931363
94083,440716.05437545676
130934,401112.25361319864
127542,541637.7786997689
12750,324011.5068223477
47521,352249.2495219436
16245,263842.5286923159
13326,416992.5239327176
60761,519573.0811041691
73978,775909.8602101123
141960,478342.6295261325
176344,596399.403480666
171343,679178.5473457552
43664,325738.54027472105
132227,440504.9187123589
130420,420403.41913792794
80803,394866.3516788692
22699,313986.3343780449
175941,558450.7604088548
12870,401319.36160199344
181941,657956.9203220849
129349,481220.989173189
26441,303483.73352107895
16013,290744.9242657885
121951,317473.40974344296
75415,617041.8760771077
104940,299804.6908217438
44334,328027.66395290254
58496,739215.2390540612
179395,701782.3331036388
126619,521519.4345241868
58247,255094.0671718732
41760,387376.1188805661
38526,250642.61051183497
90159,599608.6786429422
122164,379121.1020091619
695,269014.71940628614
176129,638019.9321398148
26072,276346.97626571776
45861,352593.93863317755
149809,362982.29253883346
85320,474132.7731192124
107504,323154.58579608926
46757,276563.69796833437
17384,402663.66491499776
21602,356720.5869932195
46209,312835.8733214729
36214,321335.2081305656
112533,447029.3221134313
38125,339667.5008745042
97098,426225.0139855358
183867,544251.2490905324
117979,429404.985281641
38343,321751.9937518018
49848,376012.2493449742
162760,420493.47289300273
25268,323759.9111290901
65471,399415.2093587725
52775,499368.0973457324
146178,484187.56156590563
11353,266919.4668797703
51899,362074.51649853674
79524,476803.15543834574
44077,232845.12146513353
70781,992945.9937337511
7269,269297.1349894748
128949,323103.53385347873
62094,373216.9492950631
106031,827385.4926175096
8609,262352.70340393746
169697,460931.5226001992
84882,342075.5096764742
95408,453376.27178105945
82104,707813.1048251549
55291,342186.5395059164
83653,556246.1787431217
85135,350211.5414653063
11928,329194.1497952667
171217,529006.7543336088
36970,391596.43469210865
26662,215679.9963454763
108875,577006.609547195
93082,454058.0364945254
32932,321947.8099004643
176805,540661.7695924866
17721,324622.74504729424
100373,877150.9016655623
144861,474091.064338875
28061,379137.7293178669
139260,310620.5362590663
82852,334955.40106710984
163447,463232.1937481853
121685,550926.4269242272
153236,546963.1192935304
44325,272825.83044349815
131253,434724.59451565216
105558,816742.2495756366
149022,384764.0470551144
101228,453122.733641529
3688,442900.2926089244
48312,345362.76459874015
70302,429780.04671208526
152713,427547.13202713337
133306,566481.9656397988
36359,339930.8335126679
89642,402434.8755344696
126213,456876.2081389004
151267,484724.9292621833
167303,801390.2084407953
160204,620825.6091335459
153719,438906.4390389647
13893,330000.8755695881
185029,607644.9481107979
109120,448605.0879021626
169020,474392.2681978205
68501,415025.5659767204
170382,661574.1221490332
112021,366763.6162082732
53728,329836.3956965294
118068,549490.5308673833
2108,316069.926820281
25667,350656.07565448974
185284,732024.995354407
17994,674884.0218963018
110503,340970.6867151875
94406,659210.444197861
58197,353777.1794125043
137617,472448.09584516793
143662,472542.0115959137
174282,828933.3712544404
132449,642116.5631220207
168132,476056.91422814934
71402,408349.4970558885
147250,517520.7916822586
121472,560721.5966162091
2645,326307.2365405551
135810,486923.45350402757
133297,607171.989940669
45768,380176.2101410412
154089,468362.2400688431
165083,646068.9056498369
63015,405605.097357935
57754,328718.1368259198
148572,498194.0435936107
28819,373395.0306921643
106821,362424.9396125014
147440,451673.44693555386
63735,257813.62722616963
94212,442767.55699890887
17356,387506.7590371346
162058,486370.28503645054
73124,408839.83316450496
107112,368015.1155207297
16618,257680.51337921654
37820,300270.2780592563
105360,412088.01873234427
78080,419385.5463589329
50298,246212.74442331318
14891,305312.8791830565
119740,502362.2976414649
24623,543151.2939251395
73665,490512.9055718422
141317,722925.0600897721
51299,369536.68560645246
12920,310135.84290664
94047,399583.80202692444
49204,304651.44685832015
116205,380030.8517708797
30021,388363.5358411148
11959,230029.55652218132
70053,719043.0732240432
172778,473037.06236181856
81387,591773.6999317292
61279,729324.8157885812
163266,609257.9616228115
6224,257983.96364085277
184419,686897.4650009106
82694,393466.0023591868
81912,545561.6793886623
136375,457388.2060980075
98451,338903.3360905609
174288,834053.7480271764
15689,325950.81809277256
57795,310089.2274246692
24743,283496.10823163175
171367,725005.2315137003
64209,406794.3454178886
73333,392803.1279119736
28713,375560.4568801861
103494,512787.578872132
41378,389329.20591908635
54030,318810.8155809104
51369,462961.4543108725
182341,568303.8204727607
185745,571831.7771719865
34111,744580.7395609806
168364,393384.4902965367
30754,401202.1560852523
70852,327331.6805911682
50623,320574.14819960314
53459,419727.81939543097
95166,496848.2222979687
132389,488619.7116897126
151550,393902.9348638714
7420,337749.26246715453
124505,403492.97062412265
106501,393841.7707511
59474,401157.49134412006
17781,316896.48309974
87513,821063.5665615883
120414,487462.6824613393
55332,278493.63642255263
136579,476339.0003456954
74690,371905.2037179908
122140,384058.18813026225
39312,327219.19782227895
19089,318810.305359429
158734,414316.46288983413
108773,399648.30930106516
63010,434509.93559108395
40825,414487.07699161954
116180,507798.5889690182
163215,609242.4719971273
69373,529725.3334414205
35611,309760.2760046663
165437,479631.34264423454
58082,465137.8259941181
149473,457381.58443991176
68905,370954.91003965447
154648,391172.16022478696
48617,340571.8114177291
56766,298990.3066759696
2406,331089.60356563807
48125,445578.46110176545
113510,414328.7511735221
124850,423828.0041294683
134964,463433.3211667091
33905,589009.2646980355
170744,366407.6234737181
1189,260175.8106904322
119321,311759.0330961869
155448,408928.2651272246
116841,430862.9463459216
147884,605394.2996804392
60713,386102.20429109846
149776,307729.2630068901
173879,724563.5574945066
173555,525543.8084230708
33197,326280.1784136498
26992,367175.0221571856
151804,384969.3047172378
69247,529642.2301278845
83209,451977.4856460484
137028,384391.35586933186
140799,346114.66529344843
151874,534998.6047519868
184070,782977.2297612769
77076,386203.87585687404
49420,349064.29301052896
145882,443594.817171479
1838,213865.57053208887
103529,391790.8411163212
5494,355109.90793213306
111005,449531.211656415
58524,305468.79616040207
44493,313668.5729386773
179377,584492.2576449997
88133,366290.62092330144
154016,417841.17280690745
2425,356833.07259790215
49569,445187.55585977214
133782,548918.0168069223
159000,472646.90780272847
63472,301592.6703966851
4198,248631.6304802212
57188,409960.3153590769
62996,313144.51290517946
152649,396205.11160045874
157811,411305.74470179505
92682,545873.3191305884
8341,324999.8094199912
68601,485661.9063204805
127036,491658.4561663646
44036,254238.98774541027
132289,358037.1355301362
171537,612985.7361431677
108380,313065.300972122
63273,433421.6497245062
174710,567807.6837226143
59869,377233.12911913276
78175,565956.0116550489
72786,601262.6397517518
88720,404942.3240169601
145905,322571.9622626987
60043,384029.47791522776
136940,541077.8023156645
133530,345008.7813058232
34340,312718.5651051466
153984,764850.5124646509
149946,412432.99224174645
22123,371848.97729352734
79094,408439.93578309205
67619,690455.9878446588
2041,265423.02741222404
174342,583262.7469126083
137787,511398.1840807694
9136,405455.8672062429
97561,373849.1033604213
85674,386059.9827487011
142338,483529.34665573214
125168,375511.5209212373
44295,211990.01720469398
185093,616224.5014000015
160791,480029.05229784845
67410,393480.49330459326
101226,403812.7719489716
54987,471157.88579053467
141625,442568.1132621093
53331,289098.74723396596
148295,464235.58297240385
146506,491270.14593320806
161985,444944.58969642635
96291,449099.7135153245
123073,493589.8527195238
1320,243448.23465845652
185853,836573.5019954131
6769,338535.58179787215
99232,312442.8299453062
107184,436585.8420979873
146061,404373.2432143973
183193,915560.254691421
29446,319568.8169680459
183520,548149.8911883339
35787,252416.56422137393
123362,599008.9174797897
92233,353636.64328751375
97814,497433.8167763839
117639,377959.02385193406
78790,564948.551169776
160700,441862.0275219037
58924,429388.98318798846
99036,392841.4640523922
55390,343983.9189697044
185538,663514.4738441294
137196,356254.06033048336
26515,316172.05581021286
174971,459456.29373189673
91134,664079.9867736112
183109,758483.2274491605
138981,507394.5661907502
172409,561297.4348024711
138556,394915.8273354396
97542,570132.6253274895
59956,263688.42109080515
60439,543968.8345146055
8804,261793.43055194855
107191,545985.208483666
36462,359659.74773393903
73527,461487.2477251099
111391,355866.0293276861
35431,295792.8773925215
94280,514326.2022223747
148543,602768.9832078568
182321,530731.7484301464
123791,341909.47966142476
6746,263793.48793603457
28452,714255.6129729892
133611,411806.30598544504
156848,438976.6266258732
71447,380852.3800655355
100063,362587.00753402966
86077,410605.57107026264
165656,767246.8263864233
47920,390887.52988875634
112746,408025.47385058115
89073,471357.2832784642
181369,565646.3122578735
142888,351787.31105907186
47233,444630.030792322
170438,426358.0569643894
134640,426658.91640111414
91094,738861.5134965433
51672,615811.7603311663
107947,510152.55598801735
110151,349654.48490860977
76542,368067.4947786651
108081,400406.35301780293
50976,365565.26265271276
85820,404447.7626665954
8236,355470.3448146886
65621,358763.8384973818
109320,412569.74530547345
72742,544798.939787216
94329,856214.1205679423
157514,459350.55137320154
137044,434734.6454372913
167154,785316.6442013595
21461,439712.90940843057
147836,422637.6895858471
84817,443995.7358086499
129375,631642.8128775612
21284,255015.6345203438
117812,417869.6384179435
127065,371010.52605397813
50912,377768.74211457826
17407,293700.82791451016
92330,360308.82013342413
13577,486182.935722571
50250,269283.07396927534
56370,952774.9793729365
32163,246062.14995328354
33319,381180.4996898427
114569,387523.54661483335
133978,362480.39904190245
132622,389955.6314190916
115230,476205.746486324
67405,636892.7800388187
83114,434323.06828065193
33733,422570.952174623
163101,487516.5148962289
128002,684954.8514139631
24612,495282.15951538034
114040,387410.2556349011
95615,372066.5172681777
149754,412962.51880866085
153420,355591.50430149323
87624,489283.96908902965
162281,509307.4390035438
14672,231570.79869065294
17251,325930.6373511546
175710,741124.7053856724
176722,670583.1171732625
23194,241929.8484437311
179867,677259.0098623515
86893,463150.549336382
48098,325279.6691628691
142087,764432.7542360811
15552,234482.26598574786
34508,331660.04141661595
93781,595940.3807302963
116330,504327.79318878194
167086,546781.7451845026
42303,290681.6802209164
154715,688588.2715776452
179023,666337.2670488826
131530,556222.0226497162
182432,492784.290355659
88307,511267.57083491184
164443,354244.6605025814
7260,295270.88245395495
7368,303925.9057593637
7885,328789.5204221683
74531,352960.28479223547
48878,255118.45018295792
154528,602668.0079734225
46349,740602.9465687205
50253,254986.5858673199
37959,429734.9372547491
166534,538348.6603474736
70439,516296.3275267642
131693,448712.4351974686
69825,617966.3739584913
25500,391974.32703862956
77289,420634.7739254162
35373,240185.6896793258
63888,379379.2438664632
180634,556004.7023765129
111659,383144.94805935066
131941,526508.2638036658
3267,385854.50322452595
134508,411845.7107442301
65587,422853.3898297018
63775,338237.5045442333
116690,517740.3940521682
158460,471604.0496695116
142576,418102.01787820715
17456,408237.3220851717
156503,682943.3257905493
71104,368919.9435756709
176796,512230.279530441
25387,372117.39218330465
11703,317435.9325456427
92831,850906.0804945009
109918,356206.152895246
139258,367410.59315913473
103137,366951.86963823787
135071,391169.3469594141
74930,399431.1213725729
180714,659699.6146081181
119390,352491.5303672056
179311,552861.9925922329
130054,379223.1141659214
170235,556144.5367794976
58469,404415.28920296975
91163,827501.8706329024
72676,510825.80765341455
74132,941802.8105868814
143582,529059.0747689249
146350,477361.16998369544
184742,569842.8855259854
131487,525571.5763760463
91658,321247.7330724383
135510,441389.28087510215
156792,479534.5184860729
52982,208252.10733562612
133229,424940.76547453343
36157,317875.3179089768
104698,400007.19407971256
86574,442664.86155305075
94642,905252.7123082533
118536,300063.42732121085
109602,324220.22173657437
162559,528939.220395627
107780,484739.1986912232
55775,441385.2730494597
94361,460692.95233505865
155715,488038.9434510446
74121,770869.5327070155
87667,407389.0615633226
79137,434175.111216702
18394,266671.37013920123
63274,376283.1394299346
74850,396947.52629669895
7729,364725.1875750715
104495,379189.66088049114
26169,320973.234881713
39779,358419.98976730497
58044,316870.99069308344
9653,322120.5086588656
22779,424896.2557410719
177424,794222.413290823
33703,396879.465583662
5019,238202.39796644868
5381,395841.7435394323
41243,306318.24426544446
156491,477500.6668964779
184575,620307.0885754506
25308,282199.795303193
45017,334044.58727869776
4569,253948.90466527868
3547,211125.75610744083
93495,791852.3777850388
61554,585033.1935008056
134785,496752.98451465095
9894,277829.9654299398
76952,331524.67188651074
82779,483392.38784532034
24146,292558.49873100617
35587,260471.9225161938
120816,491399.49296604923
179389,537844.6228723977
46703,270544.36919734476
27370,285472.2412092018
47645,370219.6837133827
155159,488081.42440255004
116203,435468.3226910819
163981,506375.8502515118
23841,364818.45199699164
181967,555987.8062640744
89664,570099.1780889533
16194,303788.6644807096
80184,544115.2479064849
174305,875612.608388884
68766,405081.7507252813
120470,428682.60375211574
126033,648768.0025860107
45155,294319.1607110893
94123,344650.22479647025
92575,406607.65529041167
44119,297849.29026108136
108654,404516.3119598349
106955,339947.7375764562
124478,302210.9531223018
46402,457529.10663444654
100245,369588.70884838095
68750,363317.0120616024
169357,499081.6948879102
38887,304008.75509704876
80806,377726.6923066381
2917,301848.4019195711
137342,337045.6785951776
158381,387793.3321604467
101998,401862.3284455896
133455,379894.80679636647
63875,317427.2605074194
168425,418676.680495374
133249,552386.506422622
39416,326156.5523406316
162707,415322.7241264025
41972,344649.95742474793
43506,351493.92752336693
132364,534609.8372271656
116771,442580.4921457019
108962,408244.08330724866
18632,365729.60079082346
121586,468660.5720350301
180611,475104.1251945975
139276,422473.69792111206
40260,395578.71604970127
136305,540210.9226142821
17020,289101.9180600457
39389,331091.0045673051
145428,359705.24233893026
71563,405209.2026176771
4742,231157.60954023793
12641,326589.37074586167
11308,366610.82625800854
83830,536716.8718321503
134871,656902.2030172598
183720,872580.4242399401
40196,341318.2154767695
28605,300822.9924555135
134637,343253.51650985307
76908,341635.1100639532
116895,499531.87923544046
36411,271578.1038136739
32460,381620.80625981424
113653,475952.0742012027
100982,408207.7045958395
46602,468577.8076527667
122126,307311.4506356736
72081,324471.29626846395
158548,478306.90127235185
30413,339877.02797205263
48483,408074.71492573223
137824,353141.402665862
58830,281929.1984213357
59568,263147.2337266529
124524,450114.8923279942
179297,812980.5152671454
143426,489478.89063548605
87537,670525.6323815865
46993,257499.25899900793
124246,357334.5802270962
111008,504070.20969046943
94825,393386.34536374395
144372,431526.4129911028
134554,457578.0331108946
152497,493557.5319067451
111121,379397.1350022974
163508,519276.1721654737
35935,352368.12242746225
65424,535231.2696128008
154324,477992.96012213273
135525,682466.8839420946
21875,328550.39685567626
11749,351730.0820720197
124192,458727.67207382957
66912,364827.7389806252
13029,381631.4497209587
27180,222096.70511211385
68974,429396.54589978023
32437,289048.3362752209
144644,609118.4031961298
145662,474071.7339821842
43289,316128.8226178833
150180,534265.409936965
109008,471061.24741398345
150137,464075.7004473314
65000,501536.29583325854
120670,780109.58624669
99299,433297.49046951754
75454,489880.37146916083
173968,469315.2451179429
96632,716275.8353001582
22558,235206.1199432069
77717,323094.0904902429
76564,329851.962077374
144507,456484.6395421048
140319,487283.50057616277
17235,374254.2020649486
1535,270996.2307740288
96901,408190.7359662367
105727,531578.9492899464
112848,435500.634787688
15805,329981.19822454825
62810,477215.82760513667
93290,635592.9570278602
144431,384477.3902132486
131701,437077.30598056305
99713,718097.3607173364
167181,509431.14669841476
85664,423743.08647627407
100158,430039.23878590984
161741,450828.21602518216
181566,553435.4522537506
29486,205842.9403550268
16847,324717.53880009614
107733,394968.787866785
50789,301525.51133371034
185176,626338.3943778838
6091,620161.4286774471
67295,663214.6474358141
119944,381154.8492976945
106558,327545.16745622153
10208,433470.1638047172
88660,466051.26473480836
22584,297895.6020628125
69618,450507.7719188302
182193,612003.071724371
167097,598740.5268251081
17231,322516.752830833
150189,407359.2709762905
69200,571462.6679539637
124424,921020.5237359684
53337,284819.1833664615
145448,383915.2699394656
168088,442773.39059377986
151446,507643.97194082965
137249,398392.5842646598
68842,350234.3304155275
114189,444983.17916960135
12655,442146.1743373235
98927,427599.03397642064
65502,371398.20478772477
101578,394451.17162509786
146414,442876.4516228448
126531,346470.3849692592
69185,574817.3894997563
95483,364291.95417871553
101431,477072.19516868464
4856,225599.79694332508
14407,343796.2967020931
53275,365976.770687671
121147,339418.24460559
13234,300099.61548626673
2114,442448.8449178098
3000,264871.34959043126
171450,495079.79147551686
15890,310711.7436164674
100101,460202.0652698904
26274,394598.3106671479
38612,284560.3268885928
102769,385546.61035728105
104376,472589.940295503
118346,308307.7014865264
49011,290602.05635901465
24096,304429.3788391806
184236,809352.1721136242
181612,610420.1451468589
128351,450885.9530715515
12118,283304.0971070769
57705,262579.480252145
49874,272975.04906873277
47226,401775.2834678672
88365,486044.5597694339
135565,501597.75521083374
81337,430287.8103158822
500,266150.3361967412
10668,296745.26875381847
35744,360590.9568818114
25698,298738.95583309967
29214,365610.32034976955
172470,508562.8855832119
146230,402783.4211279474
157052,421495.2990207791
58168,316986.2922467257
122311,440163.7135182357
118297,410493.6001280354
115137,463827.1777244153
131922,433780.2058091486
168541,653007.5946568325
173002,768035.74753809
99465,369376.52972980554
43933,379723.162688338
162723,380753.0719823673
14717,242358.91178680514
85719,366846.003263226
180326,531071.6498999407
13682,735163.1732120668
102112,493079.1321674139
132428,554378.8826160431
14864,363693.4129485154
26775,404522.57343726757
129303,417255.2473976301
185086,655397.000358487
48177,302582.423645288
160501,401748.5667994855
40723,413343.6410178902
177976,829018.5307481862
60214,727243.4998819043
49403,283342.45826395473
19492,391906.586371863
47398,400479.79971144715
159432,482587.0207685267
7840,340560.57880899333
147008,854644.6103370546
58200,362349.3887273747
159672,465048.4426827081
133494,434192.7189595566
65992,373026.56498399336
181517,659186.46645107
173145,557793.5160993118
101215,348969.38282892696
165039,561527.54519919
3564,245145.74759286892
31535,275204.58442090487
100108,559626.1838794448
57166,270287.9836586273
69910,863556.0425490087
130534,358259.3099598055
1969,229008.38714262168
146826,837779.2274699493
82425,463454.7017773716
63791,406896.5028578044
127997,688343.3207095508
25743,418920.2582989946
47970,304651.8002743311
111095,568040.4598218625
56702,377516.11309000774
15786,309445.45900959155
27522,257780.84383619632
46940,344915.4280808162
74939,482763.1269753927
116603,463983.7934061062
133688,482106.16244799923
154396,429971.925626346
14839,262366.8717259562
31833,270479.2647456235
33376,375058.91361451545
103068,336284.82665657625
21942,308082.4932409261
50365,293459.10442625196
36883,314564.9101422414
65956,364548.06354502833
65181,291052.7832774227
47687,209342.86569832035
181142,558859.8589528527
77123,330908.51035790466
75904,420536.6018194293
72348,425195.0103748562
25759,425235.8556746623
78951,691303.8409133318
87240,399055.6000814294
35355,296911.04057655367
158242,508923.38276262477
161583,569439.0975406654
132815,449855.6654315818
159258,419637.5901951455
112450,431453.16099653614
87907,311862.9561572004
158839,591817.4251354386
141240,434839.44134932006
36006,321251.07224544475
62092,371484.3959161483
130760,695351.6463396491
57991,765742.1705619275
185810,576507.0461591796
6410,262014.2140570895
65034,483723.3399537382
145756,537254.0501669017
166335,497268.94597310177
127555,349662.6664220047
2889,416535.1825765371
174507,617662.0064180203
138027,407823.19519896025
122721,391947.56780729926
63242,500864.77697716147
68666,430885.9308484086
65764,788267.9448647592
14669,275565.89222730306
84497,447227.17100203986
105145,442276.56728811585
89675,471964.50842759747
151543,345930.28507145337
108477,413390.2528135793
45399,278961.471232896
156633,383609.323963837
28632,335967.5476774421
166964,538763.2693884902
33531,275379.5765393737
21722,410287.4143881614
125294,432628.0220732651
78418,564636.0505721921
128818,348098.76408246206
121122,383930.62705078407
61908,736925.0326186098
59700,325651.3948530172
84476,347280.35520665796
86629,340384.2491250647
84537,332720.8548764378
111021,416395.24550119694
164956,742946.8616057219
101290,408639.7474427838
63702,458235.212927773
61643,776475.5395454641
162665,456851.13453013415
138557,500756.48910117254
37794,329696.0324935736
41560,431356.2462575184
26781,313485.9095000753
84102,396873.8476577876
179479,572232.1991322391
49237,277067.5402257086
25535,375780.9998186227
52028,337209.38565413724
25217,403570.4446145496
121090,408439.6299564249
143,260461.44477735896
99808,468541.41334656184
61689,896421.9198444695
139031,538237.881940386
39031,365772.6736956242
9139,360689.91930845554
79919,349252.9096643701
24219,281436.7210389335
172990,669659.1920338538
173329,799524.1248176718
737,197029.93877544385
169272,735178.1601134972
32470,341248.7346115282
45134,458300.6112053201
99760,439671.8467779148
54497,298064.0326390078
100692,382519.19894089986
124965,406752.7690059915
15356,274354.8791276332
120786,476258.8723227162
77539,344564.40740581206
3025,332225.5385147613
24733,366259.166142948
1600,287209.48372924904
132655,439246.04399075836
35559,255222.5574839689
158848,431977.5936773289
17850,342462.0323106344
5329,195468.35519962426
110883,694707.7251760712
14648,296625.63211238064
72449,440910.8975606616
130916,405689.3831361184
70788,1032401.5358719532
150116,433017.11832534906
88683,531871.5075934998
40389,310191.93300751003
29186,357363.2620442195
146172,393980.6415192388
184065,789759.8190034042
8986,363013.25406516937
116004,665800.1225012057
179103,753601.8876105492
170226,403064.4796894614
58858,282371.6034816251
55881,328459.31030073075
102413,382088.7388738728
61304,388653.32684136595
184594,640760.1742724534
116314,449292.68250853324
121932,417351.4863710974
162870,445981.20276768686
160520,509194.5160606698
14875,311002.73717906873
12891,299404.9401129306
63266,413288.9684809294
101356,552077.3287788546
68353,503983.6170135096
144347,319657.4704289948
127770,446572.42507486127
157970,487346.6844148549
90272,534802.6103982779
57924,326898.51650738606
106730,478523.9725326488
83695,415742.59157940524
103813,475855.2337209836
179243,599526.3671896498
135462,294050.94033568935
95212,384770.7142194116
1989,293730.3869023453
23531,279274.70977049274
120169,470581.53319075727
47447,338960.9584320729
23782,333533.73501369194
25685,374056.9867769259
17340,337555.6926930466
26639,344167.4999511165
146877,456699.97390218754
10523,516335.3834153468
50432,386619.80429871596
125677,536478.6989699214
15196,296753.3488697185
60434,508393.6025125389
97765,549963.0420714257
134971,423471.4241459551
45881,224948.44570312783
166086,891384.6417470071
45095,338814.9150247193
52955,351676.93179325236
59993,294775.37185166846
76547,348370.81566906045
183284,791110.7955760079
17486,266282.6931986491
110569,443377.5145284148
141857,561613.9239483157
168975,431259.21880345396
85361,354478.66427905275
93165,475699.80504288804
54632,364609.754167704
49845,382442.74790712644
3417,394439.9613501287
160738,461466.6203697831
133918,425045.57525837334
20718,342912.5298980933
16091,343717.630384956
149278,422193.2129781694
178333,770078.0226523052
159455,495532.42297265294
179116,814752.0089544676
45621,441636.8284524601
24790,293479.93208475306
118470,373913.1450800756
52302,254849.55697903378
54100,432053.7157926672
15255,316922.9047818114
165073,771260.2856419213
95680,376312.7262078838
43623,433245.77564426477
94657,617670.6238349644
1775,249669.36374831464
162443,737291.149055461
63149,452699.29442141554
41835,525095.2101925592
90807,471620.0422251339
28365,462494.6846494738
46474,290151.5723456262
165773,428292.39031015954
121327,450801.3511677546
179683,802143.2672461704
71587,396106.16597065906
46842,222279.61507110135
185913,819052.6812834626
171626,633285.5787273996
56247,455305.13784855255
35381,272717.5692152613
52658,684006.8930681486
82934,383156.5669211677
101545,410350.159910155
164478,458836.1581467959
65248,332385.7888920056
115538,321411.8754796417
6684,299854.77182725753
120437,462236.0837580046
67896,684419.3774654389
80759,485275.5913696582
172613,391322.2177228425
140045,487804.9035535435
91282,430513.5530785027
73705,486575.3343544868
89645,410566.630235953
156084,587433.3667026467
141825,410863.4274109033
176951,806455.1465162156
64075,279786.59465493425
83138,408803.91247383645
153853,595677.5085988719
3162,496746.8553473629
150183,634215.5982076054
104016,381563.81399153895
16625,355533.2014101836
142509,463886.4346042931
5296,387015.37627495837
17904,316652.7688664771
122428,449141.8265982715
162961,506647.8076391143
51619,765562.9665278129
7326,224549.79712531855
149165,385631.32338823855
170469,575333.4712423434
117219,304754.7871933464
140453,319457.8436902113
157665,485577.9408459016
109656,427295.83964584593
7695,392708.71155930846
94937,405205.9501235264
57281,333763.13218642445
119341,442651.84442582534
168552,505318.35515593376
172892,543353.0509996357
83890,545062.4727263573
23347,356641.8498021668
54003,489226.69349596085
128921,354505.36076205096
69352,449594.3993753355
146210,416656.0709541453
